Workbook

Sheet GUIA
A1: MRP — Planificacion de Requerimientos de Materiales | ATMIN / MukiCloud
A2: ARCHIVO DE CORRIDA (ejemplo llenado). Las celdas naranjas son SUPUESTOS mios: precio, proveedor, lead time, lote, stock de seguridad y stock actual. El consumo por metro es el dato real que diste.
B4: 1. ¿Que es un MRP y que te responde?
B6: Un MRP responde tres preguntas: QUE material pedir, CUANTO pedir y CUANDO lanzar el pedido.
B7: Parte del plan de avance (metros por frente), lo multiplica por el estandar de consumo, le resta lo que ya tienes en almacen y lo que ya esta pedido, y te dice cuanto falta y en que semana debes emitir la orden para que llegue a tiempo.
B9: Necesidad neta = Necesidad bruta − Stock disponible − Ordenes en transito + Stock de seguridad
B10: Fecha de pedido = Semana en que se necesita − Lead time del proveedor
B12: 2. Orden de llenado (sigue las pestañas de izquierda a derecha)
A14: Paso | B14: Pestaña | C14: Que llenas ahi | D14: Ejemplo concreto | E14: Ojo con esto
A15: 1 | B15: Materiales | C15: El maestro: un renglon por material que quieras planificar. Codigo, unidad, precio, proveedor, lead time, lote de compra y stock de seguridad. | D15: EXP-001 · Emulsion 1"x7" · UND · S/ 3.80 · Famesa · 2 semanas · lote 500 · seguridad 800 | E15: El LEAD TIME va en SEMANAS enteras (2 = llega a las 2 semanas). El LOTE es el multiplo de compra: si pones 500, el MRP siempre redondea hacia arriba a 500, 1000, 1500.
A16: 2 | B16: Plan | C16: El plan de avance: cuantos metros (o unidades) vas a producir por frente y por semana. Tambien la fecha de inicio de la Semana 1. | D16: RA Brenda · Metros de avance · Sem1 20 · Sem2 25 · Sem3 25 ... | E16: Tus 6 frentes ya vienen escritos. Si el frente no tiene meta esa semana, deja la celda vacia (=0). La fecha de la Semana 1 manda el calendario de TODAS las hojas.
A17: 3 | B17: Consumo | C17: El estandar de consumo (BOM): cuanto material se gasta por CADA metro de avance, por frente. Una linea por combinacion frente + material. | D17: RA Brenda · EXP-001 · 45 unidades por metro de avance | E17: Aca esta el 80% de la exactitud del MRP. Saca el numero del consumo real historico del Compresorista (consumo del mes / metros del mes), no del catalogo teorico.
A18: 4 | B18: Inventario | C18: Lo que HOY tienes en almacen (stock actual) y las ordenes de compra ya emitidas que aun no llegan, puestas en la semana en que llegaran. | D18: EXP-001 · stock 1,200 · OC-1024 Famesa · llegan 500 en Sem 2 | E18: El stock actual es el del Almacen General + NV2820 juntos. Si un material tiene 2 ordenes en camino, usa 2 renglones con el mismo codigo.
A19: — | B19: MRP | C19: NO SE LLENA. Es el calculo semana por semana, 6 renglones por material. | D19: Mira el renglon verde: LANZAMIENTO DE ORDEN. | E19: Si el stock proyectado sale en rojo, te vas a quedar sin material esa semana.
A20: — | B20: Ordenes | C20: NO SE LLENA. El resumen para comprar: que pedir, cuanto, en que semana y cuanta plata. | D20: Esta es la hoja que le mandas a Logistica. | E20: Si dice PEDIR YA (atrasado) es porque el material se necesita antes de lo que alcanza el lead time.
B22: 3. Como leer la hoja MRP (los 6 renglones de cada material)
B24: Necesidad bruta | C24: Lo que el plan de avance va a consumir esa semana. = metros del frente × consumo por metro.
B25: Recepciones programadas | C25: Lo que YA esta pedido y llega esa semana (lo escribiste en Inventario).
B26: Stock proyectado disponible | C26: Lo que quedara en almacen al cerrar la semana. En rojo = quiebre de stock.
B27: Necesidad neta | C27: Lo que realmente falta comprar, ya descontado el stock y lo que viene en camino.
B28: Recepcion de orden planificada | C28: La necesidad neta redondeada al lote de compra. Es lo que debe LLEGAR esa semana.
B29: LANZAMIENTO DE ORDEN | C29: La misma cantidad pero corrida hacia atras por el lead time. ES LA SEMANA EN QUE DEBES PEDIR.
B31: 4. Leyenda de colores
C33: Celda que TU llenas (texto azul sobre amarillo)
C34: Fila de EJEMPLO ya llenada: reemplazala con tus datos reales
C35: Celda calculada por formula: no la toques
C36: Resultado accionable: la orden que debes lanzar
C37: Rojo = quiebre de stock proyectado esa semana
B39: 5. Supuestos de esta plantilla
B41: • Horizonte de 8 semanas. La Semana 1 arranca en la fecha que pongas en la hoja Plan (celda C2).
B42: • Moneda: Soles (S/). Si trabajas en dolares, cambia el formato de las columnas de precio.
B43: • Capacidad: 15 materiales, 20 frentes, 100 lineas de estandar de consumo, 25 lineas de inventario.
B44: • Lead time expresado en semanas enteras. Lote de compra = multiplo; si lo dejas en 0 se pide la cantidad exacta.
B45: • Los 6 frentes vienen precargados de la constante FRENTES de index.html (RA Brenda, CRNE, GLSE-2, ESCM 4430, ESCM 4410, SN 5100 NW).

Sheet RESUMEN MES
A1: CORRIDA MRP — MES DE SETIEMBRE 2026 (semanas 1 a 4)
A2: Corrida de ejemplo con los estandares de sostenimiento reales de RA Brenda y CRNE. Todo se recalcula solo si cambias el plan de avance en la hoja Plan.
B4: A. El estandar que me diste, convertido a consumo por metro
B6: Frente | C6: Regla de sostenimiento | D6: Disparo | E6: Material | F6: Por disparo | G6: Por metro
B7: RA Brenda | C7: Sostenimiento pesado: cimbra en cada disparo | D7: 1.5 | E7: Cimbra | F7: 1 | G7: 0.6667
B8: CRNE | C8: Malla electrosoldada, seccion 3.5 x 3.5 m | D8: 1.5 | E8: Malla | F8: 1 | G8: 0.6667
B9: CRNE | C9: Pernos, seccion 3.5 x 3.5 m | D9: 1.5 | E9: Perno helicoidal | F9: 11 | G9: 7.3333
B11: B. Plan de avance del mes
B13: Frente | C13: Unidad | D13: Sem 1 | E13: Sem 2 | F13: Sem 3 | G13: Sem 4 | H13: Metros del mes | I13: Disparos del mes
B14: =Plan!A5 | C14: =Plan!B5 | D14: =Plan!E5 | E14: =Plan!F5 | F14: =Plan!G5 | G14: =Plan!H5 | H14: =SUM(D14:G14) | I14: =H14/1.5
B15: =Plan!A6 | C15: =Plan!B6 | D15: =Plan!E6 | E15: =Plan!F6 | F15: =Plan!G6 | G15: =Plan!H6 | H15: =SUM(D15:G15) | I15: =H15/1.5
B16: TOTAL | D16: =SUM(D14:D15) | E16: =SUM(E14:E15) | F16: =SUM(F14:F15) | G16: =SUM(G14:G15) | H16: =SUM(H14:H15) | I16: =SUM(I14:I15)
B18: C. Lo que el mes consume (necesidad bruta = plan x estandar)
B20: Codigo | C20: Material | D20: Sem 1 | E20: Sem 2 | F20: Sem 3 | G20: Sem 4 | H20: Total del mes | I20: Costo del mes (S/)
B21: =Materiales!A4 | C21: =Materiales!B4 | D21: =MRP!E5 | E21: =MRP!F5 | F21: =MRP!G5 | G21: =MRP!H5 | H21: =SUM(D21:G21) | I21: =H21*Materiales!D4
B22: =Materiales!A5 | C22: =Materiales!B5 | D22: =MRP!E12 | E22: =MRP!F12 | F22: =MRP!G12 | G22: =MRP!H12 | H22: =SUM(D22:G22) | I22: =H22*Materiales!D5
B23: =Materiales!A6 | C23: =Materiales!B6 | D23: =MRP!E19 | E23: =MRP!F19 | F23: =MRP!G19 | G23: =MRP!H19 | H23: =SUM(D23:G23) | I23: =H23*Materiales!D6
B24: TOTAL CONSUMO DEL MES | I24: =SUM(I21:I23)
B26: D. Lo que hay que COMPRAR y en que semana lanzarlo (esto es la salida del MRP)
B28: Codigo | C28: Material | D28: Sem 1 | E28: Sem 2 | F28: Sem 3 | G28: Sem 4 | H28: Total a pedir | I28: Alerta
B29: =Materiales!A4 | C29: =Materiales!B4 | D29: =MRP!E10 | E29: =MRP!F10 | F29: =MRP!G10 | G29: =MRP!H10 | H29: =SUM(D29:G29) | I29: =MRP!M10
B30: =Materiales!A5 | C30: =Materiales!B5 | D30: =MRP!E17 | E30: =MRP!F17 | F30: =MRP!G17 | G30: =MRP!H17 | H30: =SUM(D30:G30) | I30: =MRP!M17
B31: =Materiales!A6 | C31: =Materiales!B6 | D31: =MRP!E24 | E31: =MRP!F24 | F31: =MRP!G24 | G31: =MRP!H24 | H31: =SUM(D31:G31) | I31: =MRP!M24
B33: E. Como leer esta corrida
B35: Las cimbras salen atrasadas. | C35: El lead time supuesto es de 3 semanas y el stock (4) no cubre ni la primera semana. Por eso el MRP marca PEDIR YA: las cimbras de las semanas 1 a 3 se debieron ordenar el mes pasado.
B36: Las mallas y pernos aguantan el mes. | C36: Las ordenes en transito (20 mallas y 200 pernos que llegan en la Semana 2) cubren casi todo el mes. El MRP recien vuelve a pedir hacia el final del horizonte.
B37: Si cambias un metro de avance, cambia todo. | C37: Toca la hoja Plan y este resumen, la hoja MRP y la hoja Ordenes se recalculan solas. Asi puedes simular: que pasa si Brenda avanza 18 m en vez de 15.
B38: Lo unico que debes ajustar son los supuestos naranjas. | C38: Precio, proveedor, lead time, lote de compra, stock de seguridad y stock actual los puse yo como referencia. El consumo por metro si es el tuyo.

Sheet Materiales
A1: PASO 1 — Maestro de materiales
A2: Un renglon por material a planificar. Llena las celdas amarillas. La fila naranja es un ejemplo: reemplazala.
A3: Codigo | B3: Material | C3: Unidad | D3: Precio unitario (S/) | E3: Proveedor | F3: Lead time (semanas) | G3: Lote de compra (multiplo) | H3: Stock de seguridad | I3: Notas
A4: SOS-CIM-001 | B4: Cimbra metalica 6"x4" — seccion 3.5x3.5 m | C4: UND | D4: 1850 | E4: Por definir | F4: 3 | G4: 5 | H4: 6 | I4: Consumo CONFIRMADO por operacion. Precio/proveedor/LT/lote/seguridad = SUPUESTO, ajustar.
A5: SOS-MAL-001 | B5: Malla electrosoldada 3.5x3.5 m | C5: UND | D5: 160 | E5: Por definir | F5: 2 | G5: 20 | H5: 8 | I5: Consumo CONFIRMADO por operacion. Precio/proveedor/LT/lote/seguridad = SUPUESTO, ajustar.
A6: SOS-PER-001 | B6: Perno helicoidal 7 pies | C6: UND | D6: 38 | E6: Por definir | F6: 2 | G6: 100 | H6: 90 | I6: Consumo CONFIRMADO por operacion. Precio/proveedor/LT/lote/seguridad = SUPUESTO, ajustar.

Sheet Plan
A1: PASO 2 — Plan de avance por frente y semana (MPS)
A2: Escribe la meta de produccion de cada frente en cada semana. Define tambien la fecha de inicio de la Semana 1.
A3: Fecha de inicio de la Semana 1 → | C3: 46265 | D3: (Sem 1 a 4 = el mes; Sem 5 a 8 = continuidad, necesaria porque el lead time es de 2 a 3 semanas) | E3: =$C$3 | F3: =E3+7 | G3: =F3+7 | H3: =G3+7 | I3: =H3+7 | J3: =I3+7 | K3: =J3+7 | L3: =K3+7
A4: Frente | B4: Unidad de produccion | C4: Total horizonte | D4: Notas | E4: Sem 1 | F4: Sem 2 | G4: Sem 3 | H4: Sem 4 | I4: Sem 5 | J4: Sem 6 | K4: Sem 7 | L4: Sem 8
A5: RA Brenda | B5: Metros de avance | C5: =IF($A5="","",SUM(E5:L5)) | D5: 1 disparo = 1.5 m | E5: 12 | F5: 15 | G5: 15 | H5: 18 | I5: 15 | J5: 15 | K5: 15 | L5: 15
A6: CRNE (Cortada Noreste) | B6: Metros de avance | C6: =IF($A6="","",SUM(E6:L6)) | D6: 1 disparo = 1.5 m | E6: 9 | F6: 12 | G6: 15 | H6: 12 | I6: 12 | J6: 12 | K6: 12 | L6: 12
A7: GLSE-2 | B7: Metros de avance | C7: =IF($A7="","",SUM(E7:L7))
A8: ESCM 4430 | B8: Metros de avance | C8: =IF($A8="","",SUM(E8:L8))
A9: ESCM 4410 | B9: Metros de avance | C9: =IF($A9="","",SUM(E9:L9))
A10: SN 5100 NW | B10: Metros de avance | C10: =IF($A10="","",SUM(E10:L10))
C11: =IF($A11="","",SUM(E11:L11))
C12: =IF($A12="","",SUM(E12:L12))
C13: =IF($A13="","",SUM(E13:L13))
C14: =IF($A14="","",SUM(E14:L14))
C15: =IF($A15="","",SUM(E15:L15))
C16: =IF($A16="","",SUM(E16:L16))
C17: =IF($A17="","",SUM(E17:L17))
C18: =IF($A18="","",SUM(E18:L18))
C19: =IF($A19="","",SUM(E19:L19))
C20: =IF($A20="","",SUM(E20:L20))
C21: =IF($A21="","",SUM(E21:L21))
C22: =IF($A22="","",SUM(E22:L22))
... C24: =IF($A24="","",SUM(E24:L24))

Sheet Consumo
A1: PASO 3 — Estandar de consumo por unidad producida (BOM)
A2: Una linea por combinacion FRENTE + MATERIAL. Columna E: cuanto material se gasta por CADA metro de avance. Las columnas grises Sem 1..8 se calculan solas (demanda de esa linea).
A3: Frente / Actividad | B3: Codigo material | C3: Material (auto) | D3: Unidad (auto) | E3: Consumo por unidad producida | F3: Notas / fuente del estandar | G3: Demanda Sem 1 | H3: Demanda Sem 2 | I3: Demanda Sem 3 | J3: Demanda Sem 4 | K3: Demanda Sem 5 | L3: Demanda Sem 6 | M3: Demanda Sem 7 | N3: Demanda Sem 8
A4: RA Brenda | B4: SOS-CIM-001 | C4: =IFERROR(INDEX(Materiales!$B$4:$B$18,MATCH($B4,Materiales!$A$4:$A$18,0)),"") | D4: =IFERROR(INDEX(Materiales!$C$4:$C$18,MATCH($B4,Materiales!$A$4:$A$18,0)),"") | E4: =1/1.5 | F4: Sostenimiento pesado: 1 cimbra por disparo de 1.5 m -> 1 / 1.5 | G4: =IF($B4="",0,$E4*SUMIF(Plan!$A$5:$A$24,$A4,Plan!E$5:E$24)) | H4: =IF($B4="",0,$E4*SUMIF(Plan!$A$5:$A$24,$A4,Plan!F$5:F$24)) | I4: =IF($B4="",0,$E4*SUMIF(Plan!$A$5:$A$24,$A4,Plan!G$5:G$24)) | J4: =IF($B4="",0,$E4*SUMIF(Plan!$A$5:$A$24,$A4,Plan!H$5:H$24)) | K4: =IF($B4="",0,$E4*SUMIF(Plan!$A$5:$A$24,$A4,Plan!I$5:I$24)) | L4: =IF($B4="",0,$E4*SUMIF(Plan!$A$5:$A$24,$A4,Plan!J$5:J$24)) | M4: =IF($B4="",0,$E4*SUMIF(Plan!$A$5:$A$24,$A4,Plan!K$5:K$24)) | N4: =IF($B4="",0,$E4*SUMIF(Plan!$A$5:$A$24,$A4,Plan!L$5:L$24))
A5: CRNE (Cortada Noreste) | B5: SOS-MAL-001 | C5: =IFERROR(INDEX(Materiales!$B$4:$B$18,MATCH($B5,Materiales!$A$4:$A$18,0)),"") | D5: =IFERROR(INDEX(Materiales!$C$4:$C$18,MATCH($B5,Materiales!$A$4:$A$18,0)),"") | E5: =1/1.5 | F5: 1 malla electrosoldada por disparo de 1.5 m, seccion 3.5 x 3.5 m -> 1 / 1.5 | G5: =IF($B5="",0,$E5*SUMIF(Plan!$A$5:$A$24,$A5,Plan!E$5:E$24)) | H5: =IF($B5="",0,$E5*SUMIF(Plan!$A$5:$A$24,$A5,Plan!F$5:F$24)) | I5: =IF($B5="",0,$E5*SUMIF(Plan!$A$5:$A$24,$A5,Plan!G$5:G$24)) | J5: =IF($B5="",0,$E5*SUMIF(Plan!$A$5:$A$24,$A5,Plan!H$5:H$24)) | K5: =IF($B5="",0,$E5*SUMIF(Plan!$A$5:$A$24,$A5,Plan!I$5:I$24)) | L5: =IF($B5="",0,$E5*SUMIF(Plan!$A$5:$A$24,$A5,Plan!J$5:J$24)) | M5: =IF($B5="",0,$E5*SUMIF(Plan!$A$5:$A$24,$A5,Plan!K$5:K$24)) | N5: =IF($B5="",0,$E5*SUMIF(Plan!$A$5:$A$24,$A5,Plan!L$5:L$24))
A6: CRNE (Cortada Noreste) | B6: SOS-PER-001 | C6: =IFERROR(INDEX(Materiales!$B$4:$B$18,MATCH($B6,Materiales!$A$4:$A$18,0)),"") | D6: =IFERROR(INDEX(Materiales!$C$4:$C$18,MATCH($B6,Materiales!$A$4:$A$18,0)),"") | E6: =11/1.5 | F6: 11 pernos por disparo de 1.5 m, seccion 3.5 x 3.5 m -> 11 / 1.5 | G6: =IF($B6="",0,$E6*SUMIF(Plan!$A$5:$A$24,$A6,Plan!E$5:E$24)) | H6: =IF($B6="",0,$E6*SUMIF(Plan!$A$5:$A$24,$A6,Plan!F$5:F$24)) | I6: =IF($B6="",0,$E6*SUMIF(Plan!$A$5:$A$24,$A6,Plan!G$5:G$24)) | J6: =IF($B6="",0,$E6*SUMIF(Plan!$A$5:$A$24,$A6,Plan!H$5:H$24)) | K6: =IF($B6="",0,$E6*SUMIF(Plan!$A$5:$A$24,$A6,Plan!I$5:I$24)) | L6: =IF($B6="",0,$E6*SUMIF(Plan!$A$5:$A$24,$A6,Plan!J$5:J$24)) | M6: =IF($B6="",0,$E6*SUMIF(Plan!$A$5:$A$24,$A6,Plan!K$5:K$24)) | N6: =IF($B6="",0,$E6*SUMIF(Plan!$A$5:$A$24,$A6,Plan!L$5:L$24))
C7: =IFERROR(INDEX(Materiales!$B$4:$B$18,MATCH($B7,Materiales!$A$4:$A$18,0)),"") | D7: =IFERROR(INDEX(Materiales!$C$4:$C$18,MATCH($B7,Materiales!$A$4:$A$18,0)),"") | G7: =IF($B7="",0,$E7*SUMIF(Plan!$A$5:$A$24,$A7,Plan!E$5:E$24)) | H7: =IF($B7="",0,$E7*SUMIF(Plan!$A$5:$A$24,$A7,Plan!F$5:F$24)) | I7: =IF($B7="",0,$E7*SUMIF(Plan!$A$5:$A$24,$A7,Plan!G$5:G$24)) | J7: =IF($B7="",0,$E7*SUMIF(Plan!$A$5:$A$24,$A7,Plan!H$5:H$24)) | K7: =IF($B7="",0,$E7*SUMIF(Plan!$A$5:$A$24,$A7,Plan!I$5:I$24)) | L7: =IF($B7="",0,$E7*SUMIF(Plan!$A$5:$A$24,$A7,Plan!J$5:J$24)) | M7: =IF($B7="",0,$E7*SUMIF(Plan!$A$5:$A$24,$A7,Plan!K$5:K$24)) | N7: =IF($B7="",0,$E7*SUMIF(Plan!$A$5:$A$24,$A7,Plan!L$5:L$24))
C8: =IFERROR(INDEX(Materiales!$B$4:$B$18,MATCH($B8,Materiales!$A$4:$A$18,0)),"") | D8: =IFERROR(INDEX(Materiales!$C$4:$C$18,MATCH($B8,Materiales!$A$4:$A$18,0)),"") | G8: =IF($B8="",0,$E8*SUMIF(Plan!$A$5:$A$24,$A8,Plan!E$5:E$24)) | H8: =IF($B8="",0,$E8*SUMIF(Plan!$A$5:$A$24,$A8,Plan!F$5:F$24)) | I8: =IF($B8="",0,$E8*SUMIF(Plan!$A$5:$A$24,$A8,Plan!G$5:G$24)) | J8: =IF($B8="",0,$E8*SUMIF(Plan!$A$5:$A$24,$A8,Plan!H$5:H$24)) | K8: =IF($B8="",0,$E8*SUMIF(Plan!$A$5:$A$24,$A8,Plan!I$5:I$24)) | L8: =IF($B8="",0,$E8*SUMIF(Plan!$A$5:$A$24,$A8,Plan!J$5:J$24)) | M8: =IF($B8="",0,$E8*SUMIF(Plan!$A$5:$A$24,$A8,Plan!K$5:K$24)) | N8: =IF($B8="",0,$E8*SUMIF(Plan!$A$5:$A$24,$A8,Plan!L$5:L$24))
C9: =IFERROR(INDEX(Materiales!$B$4:$B$18,MATCH($B9,Materiales!$A$4:$A$18,0)),"") | D9: =IFERROR(INDEX(Materiales!$C$4:$C$18,MATCH($B9,Materiales!$A$4:$A$18,0)),"") | G9: =IF($B9="",0,$E9*SUMIF(Plan!$A$5:$A$24,$A9,Plan!E$5:E$24)) | H9: =IF($B9="",0,$E9*SUMIF(Plan!$A$5:$A$24,$A9,Plan!F$5:F$24)) | I9: =IF($B9="",0,$E9*SUMIF(Plan!$A$5:$A$24,$A9,Plan!G$5:G$24)) | J9: =IF($B9="",0,$E9*SUMIF(Plan!$A$5:$A$24,$A9,Plan!H$5:H$24)) | K9: =IF($B9="",0,$E9*SUMIF(Plan!$A$5:$A$24,$A9,Plan!I$5:I$24)) | L9: =IF($B9="",0,$E9*SUMIF(Plan!$A$5:$A$24,$A9,Plan!J$5:J$24)) | M9: =IF($B9="",0,$E9*SUMIF(Plan!$A$5:$A$24,$A9,Plan!K$5:K$24)) | N9: =IF($B9="",0,$E9*SUMIF(Plan!$A$5:$A$24,$A9,Plan!L$5:L$24))
C10: =IFERROR(INDEX(Materiales!$B$4:$B$18,MATCH($B10,Materiales!$A$4:$A$18,0)),"") | D10: =IFERROR(INDEX(Materiales!$C$4:$C$18,MATCH($B10,Materiales!$A$4:$A$18,0)),"") | G10: =IF($B10="",0,$E10*SUMIF(Plan!$A$5:$A$24,$A10,Plan!E$5:E$24)) | H10: =IF($B10="",0,$E10*SUMIF(Plan!$A$5:$A$24,$A10,Plan!F$5:F$24)) | I10: =IF($B10="",0,$E10*SUMIF(Plan!$A$5:$A$24,$A10,Plan!G$5:G$24)) | J10: =IF($B10="",0,$E10*SUMIF(Plan!$A$5:$A$24,$A10,Plan!H$5:H$24)) | K10: =IF($B10="",0,$E10*SUMIF(Plan!$A$5:$A$24,$A10,Plan!I$5:I$24)) | L10: =IF($B10="",0,$E10*SUMIF(Plan!$A$5:$A$24,$A10,Plan!J$5:J$24)) | M10: =IF($B10="",0,$E10*SUMIF(Plan!$A$5:$A$24,$A10,Plan!K$5:K$24)) | N10: =IF($B10="",0,$E10*SUMIF(Plan!$A$5:$A$24,$A10,Plan!L$5:L$24))
C11: =IFERROR(INDEX(Materiales!$B$4:$B$18,MATCH($B11,Materiales!$A$4:$A$18,0)),"") | D11: =IFERROR(INDEX(Materiales!$C$4:$C$18,MATCH($B11,Materiales!$A$4:$A$18,0)),"") | G11: =IF($B11="",0,$E11*SUMIF(Plan!$A$5:$A$24,$A11,Plan!E$5:E$24)) | H11: =IF($B11="",0,$E11*SUMIF(Plan!$A$5:$A$24,$A11,Plan!F$5:F$24)) | I11: =IF($B11="",0,$E11*SUMIF(Plan!$A$5:$A$24,$A11,Plan!G$5:G$24)) | J11: =IF($B11="",0,$E11*SUMIF(Plan!$A$5:$A$24,$A11,Plan!H$5:H$24)) | K11: =IF($B11="",0,$E11*SUMIF(Plan!$A$5:$A$24,$A11,Plan!I$5:I$24)) | L11: =IF($B11="",0,$E11*SUMIF(Plan!$A$5:$A$24,$A11,Plan!J$5:J$24)) | M11: =IF($B11="",0,$E11*SUMIF(Plan!$A$5:$A$24,$A11,Plan!K$5:K$24)) | N11: =IF($B11="",0,$E11*SUMIF(Plan!$A$5:$A$24,$A11,Plan!L$5:L$24))
C12: =IFERROR(INDEX(Materiales!$B$4:$B$18,MATCH($B12,Materiales!$A$4:$A$18,0)),"") | D12: =IFERROR(INDEX(Materiales!$C$4:$C$18,MATCH($B12,Materiales!$A$4:$A$18,0)),"") | G12: =IF($B12="",0,$E12*SUMIF(Plan!$A$5:$A$24,$A12,Plan!E$5:E$24)) | H12: =IF($B12="",0,$E12*SUMIF(Plan!$A$5:$A$24,$A12,Plan!F$5:F$24)) | I12: =IF($B12="",0,$E12*SUMIF(Plan!$A$5:$A$24,$A12,Plan!G$5:G$24)) | J12: =IF($B12="",0,$E12*SUMIF(Plan!$A$5:$A$24,$A12,Plan!H$5:H$24)) | K12: =IF($B12="",0,$E12*SUMIF(Plan!$A$5:$A$24,$A12,Plan!I$5:I$24)) | L12: =IF($B12="",0,$E12*SUMIF(Plan!$A$5:$A$24,$A12,Plan!J$5:J$24)) | M12: =IF($B12="",0,$E12*SUMIF(Plan!$A$5:$A$24,$A12,Plan!K$5:K$24)) | N12: =IF($B12="",0,$E12*SUMIF(Plan!$A$5:$A$24,$A12,Plan!L$5:L$24))
C13: =IFERROR(INDEX(Materiales!$B$4:$B$18,MATCH($B13,Materiales!$A$4:$A$18,0)),"") | D13: =IFERROR(INDEX(Materiales!$C$4:$C$18,MATCH($B13,Materiales!$A$4:$A$18,0)),"") | G13: =IF($B13="",0,$E13*SUMIF(Plan!$A$5:$A$24,$A13,Plan!E$5:E$24)) | H13: =IF($B13="",0,$E13*SUMIF(Plan!$A$5:$A$24,$A13,Plan!F$5:F$24)) | I13: =IF($B13="",0,$E13*SUMIF(Plan!$A$5:$A$24,$A13,Plan!G$5:G$24)) | J13: =IF($B13="",0,$E13*SUMIF(Plan!$A$5:$A$24,$A13,Plan!H$5:H$24)) | K13: =IF($B13="",0,$E13*SUMIF(Plan!$A$5:$A$24,$A13,Plan!I$5:I$24)) | L13: =IF($B13="",0,$E13*SUMIF(Plan!$A$5:$A$24,$A13,Plan!J$5:J$24)) | M13: =IF($B13="",0,$E13*SUMIF(Plan!$A$5:$A$24,$A13,Plan!K$5:K$24)) | N13: =IF($B13="",0,$E13*SUMIF(Plan!$A$5:$A$24,$A13,Plan!L$5:L$24))
C14: =IFERROR(INDEX(Materiales!$B$4:$B$18,MATCH($B14,Materiales!$A$4:$A$18,0)),"") | D14: =IFERROR(INDEX(Materiales!$C$4:$C$18,MATCH($B14,Materiales!$A$4:$A$18,0)),"") | G14: =IF($B14="",0,$E14*SUMIF(Plan!$A$5:$A$24,$A14,Plan!E$5:E$24)) | H14: =IF($B14="",0,$E14*SUMIF(Plan!$A$5:$A$24,$A14,Plan!F$5:F$24)) | I14: =IF($B14="",0,$E14*SUMIF(Plan!$A$5:$A$24,$A14,Plan!G$5:G$24)) | J14: =IF($B14="",0,$E14*SUMIF(Plan!$A$5:$A$24,$A14,Plan!H$5:H$24)) | K14: =IF($B14="",0,$E14*SUMIF(Plan!$A$5:$A$24,$A14,Plan!I$5:I$24)) | L14: =IF($B14="",0,$E14*SUMIF(Plan!$A$5:$A$24,$A14,Plan!J$5:J$24)) | M14: =IF($B14="",0,$E14*SUMIF(Plan!$A$5:$A$24,$A14,Plan!K$5:K$24)) | N14: =IF($B14="",0,$E14*SUMIF(Plan!$A$5:$A$24,$A14,Plan!L$5:L$24))
C15: =IFERROR(INDEX(Materiales!$B$4:$B$18,MATCH($B15,Materiales!$A$4:$A$18,0)),"") | D15: =IFERROR(INDEX(Materiales!$C$4:$C$18,MATCH($B15,Materiales!$A$4:$A$18,0)),"") | G15: =IF($B15="",0,$E15*SUMIF(Plan!$A$5:$A$24,$A15,Plan!E$5:E$24)) | H15: =IF($B15="",0,$E15*SUMIF(Plan!$A$5:$A$24,$A15,Plan!F$5:F$24)) | I15: =IF($B15="",0,$E15*SUMIF(Plan!$A$5:$A$24,$A15,Plan!G$5:G$24)) | J15: =IF($B15="",0,$E15*SUMIF(Plan!$A$5:$A$24,$A15,Plan!H$5:H$24)) | K15: =IF($B15="",0,$E15*SUMIF(Plan!$A$5:$A$24,$A15,Plan!I$5:I$24)) | L15: =IF($B15="",0,$E15*SUMIF(Plan!$A$5:$A$24,$A15,Plan!J$5:J$24)) | M15: =IF($B15="",0,$E15*SUMIF(Plan!$A$5:$A$24,$A15,Plan!K$5:K$24)) | N15: =IF($B15="",0,$E15*SUMIF(Plan!$A$5:$A$24,$A15,Plan!L$5:L$24))
C16: =IFERROR(INDEX(Materiales!$B$4:$B$18,MATCH($B16,Materiales!$A$4:$A$18,0)),"") | D16: =IFERROR(INDEX(Materiales!$C$4:$C$18,MATCH($B16,Materiales!$A$4:$A$18,0)),"") | G16: =IF($B16="",0,$E16*SUMIF(Plan!$A$5:$A$24,$A16,Plan!E$5:E$24)) | H16: =IF($B16="",0,$E16*SUMIF(Plan!$A$5:$A$24,$A16,Plan!F$5:F$24)) | I16: =IF($B16="",0,$E16*SUMIF(Plan!$A$5:$A$24,$A16,Plan!G$5:G$24)) | J16: =IF($B16="",0,$E16*SUMIF(Plan!$A$5:$A$24,$A16,Plan!H$5:H$24)) | K16: =IF($B16="",0,$E16*SUMIF(Plan!$A$5:$A$24,$A16,Plan!I$5:I$24)) | L16: =IF($B16="",0,$E16*SUMIF(Plan!$A$5:$A$24,$A16,Plan!J$5:J$24)) | M16: =IF($B16="",0,$E16*SUMIF(Plan!$A$5:$A$24,$A16,Plan!K$5:K$24)) | N16: =IF($B16="",0,$E16*SUMIF(Plan!$A$5:$A$24,$A16,Plan!L$5:L$24))
C17: =IFERROR(INDEX(Materiales!$B$4:$B$18,MATCH($B17,Materiales!$A$4:$A$18,0)),"") | D17: =IFERROR(INDEX(Materiales!$C$4:$C$18,MATCH($B17,Materiales!$A$4:$A$18,0)),"") | G17: =IF($B17="",0,$E17*SUMIF(Plan!$A$5:$A$24,$A17,Plan!E$5:E$24)) | H17: =IF($B17="",0,$E17*SUMIF(Plan!$A$5:$A$24,$A17,Plan!F$5:F$24)) | I17: =IF($B17="",0,$E17*SUMIF(Plan!$A$5:$A$24,$A17,Plan!G$5:G$24)) | J17: =IF($B17="",0,$E17*SUMIF(Plan!$A$5:$A$24,$A17,Plan!H$5:H$24)) | K17: =IF($B17="",0,$E17*SUMIF(Plan!$A$5:$A$24,$A17,Plan!I$5:I$24)) | L17: =IF($B17="",0,$E17*SUMIF(Plan!$A$5:$A$24,$A17,Plan!J$5:J$24)) | M17: =IF($B17="",0,$E17*SUMIF(Plan!$A$5:$A$24,$A17,Plan!K$5:K$24)) | N17: =IF($B17="",0,$E17*SUMIF(Plan!$A$5:$A$24,$A17,Plan!L$5:L$24))
C18: =IFERROR(INDEX(Materiales!$B$4:$B$18,MATCH($B18,Materiales!$A$4:$A$18,0)),"") | D18: =IFERROR(INDEX(Materiales!$C$4:$C$18,MATCH($B18,Materiales!$A$4:$A$18,0)),"") | G18: =IF($B18="",0,$E18*SUMIF(Plan!$A$5:$A$24,$A18,Plan!E$5:E$24)) | H18: =IF($B18="",0,$E18*SUMIF(Plan!$A$5:$A$24,$A18,Plan!F$5:F$24)) | I18: =IF($B18="",0,$E18*SUMIF(Plan!$A$5:$A$24,$A18,Plan!G$5:G$24)) | J18: =IF($B18="",0,$E18*SUMIF(Plan!$A$5:$A$24,$A18,Plan!H$5:H$24)) | K18: =IF($B18="",0,$E18*SUMIF(Plan!$A$5:$A$24,$A18,Plan!I$5:I$24)) | L18: =IF($B18="",0,$E18*SUMIF(Plan!$A$5:$A$24,$A18,Plan!J$5:J$24)) | M18: =IF($B18="",0,$E18*SUMIF(Plan!$A$5:$A$24,$A18,Plan!K$5:K$24)) | N18: =IF($B18="",0,$E18*SUMIF(Plan!$A$5:$A$24,$A18,Plan!L$5:L$24))
... C103: =IFERROR(INDEX(Materiales!$B$4:$B$18,MATCH($B103,Materiales!$A$4:$A$18,0)),"") | D103: =IFERROR(INDEX(Materiales!$C$4:$C$18,MATCH($B103,Materiales!$A$4:$A$18,0)),"") | G103: =IF($B103="",0,$E103*SUMIF(Plan!$A$5:$A$24,$A103,Plan!E$5:E$24)) | H103: =IF($B103="",0,$E103*SUMIF(Plan!$A$5:$A$24,$A103,Plan!F$5:F$24)) | I103: =IF($B103="",0,$E103*SUMIF(Plan!$A$5:$A$24,$A103,Plan!G$5:G$24)) | J103: =IF($B103="",0,$E103*SUMIF(Plan!$A$5:$A$24,$A103,Plan!H$5:H$24)) | K103: =IF($B103="",0,$E103*SUMIF(Plan!$A$5:$A$24,$A103,Plan!I$5:I$24)) | L103: =IF($B103="",0,$E103*SUMIF(Plan!$A$5:$A$24,$A103,Plan!J$5:J$24)) | M103: =IF($B103="",0,$E103*SUMIF(Plan!$A$5:$A$24,$A103,Plan!K$5:K$24)) | N103: =IF($B103="",0,$E103*SUMIF(Plan!$A$5:$A$24,$A103,Plan!L$5:L$24))

Sheet Inventario
A1: PASO 4 — Stock actual y ordenes ya emitidas (en transito)
A2: Stock que HOY tienes, y las cantidades de ordenes ya emitidas puestas en la semana en que llegaran. Puedes repetir un codigo en varios renglones (una linea por orden de compra).
E3: =Plan!E$3 | F3: =Plan!F$3 | G3: =Plan!G$3 | H3: =Plan!H$3 | I3: =Plan!I$3 | J3: =Plan!J$3 | K3: =Plan!K$3 | L3: =Plan!L$3
A4: Codigo | B4: Material (auto) | C4: Stock actual | D4: N° OC / Proveedor | E4: Sem 1 | F4: Sem 2 | G4: Sem 3 | H4: Sem 4 | I4: Sem 5 | J4: Sem 6 | K4: Sem 7 | L4: Sem 8
A5: SOS-CIM-001 | B5: =IFERROR(INDEX(Materiales!$B$4:$B$18,MATCH($A5,Materiales!$A$4:$A$18,0)),"") | C5: 4 | D5: sin OC emitida | E5: 0 | F5: 0 | G5: 0 | H5: 0 | I5: 0 | J5: 0 | K5: 0 | L5: 0
A6: SOS-MAL-001 | B6: =IFERROR(INDEX(Materiales!$B$4:$B$18,MATCH($A6,Materiales!$A$4:$A$18,0)),"") | C6: 10 | D6: OC-2211 (en transito) | E6: 0 | F6: 20 | G6: 0 | H6: 0 | I6: 0 | J6: 0 | K6: 0 | L6: 0
A7: SOS-PER-001 | B7: =IFERROR(INDEX(Materiales!$B$4:$B$18,MATCH($A7,Materiales!$A$4:$A$18,0)),"") | C7: 150 | D7: OC-2212 (en transito) | E7: 0 | F7: 200 | G7: 0 | H7: 0 | I7: 0 | J7: 0 | K7: 0 | L7: 0
B8: =IFERROR(INDEX(Materiales!$B$4:$B$18,MATCH($A8,Materiales!$A$4:$A$18,0)),"")
B9: =IFERROR(INDEX(Materiales!$B$4:$B$18,MATCH($A9,Materiales!$A$4:$A$18,0)),"")
B10: =IFERROR(INDEX(Materiales!$B$4:$B$18,MATCH($A10,Materiales!$A$4:$A$18,0)),"")
B11: =IFERROR(INDEX(Materiales!$B$4:$B$18,MATCH($A11,Materiales!$A$4:$A$18,0)),"")
B12: =IFERROR(INDEX(Materiales!$B$4:$B$18,MATCH($A12,Materiales!$A$4:$A$18,0)),"")
B13: =IFERROR(INDEX(Materiales!$B$4:$B$18,MATCH($A13,Materiales!$A$4:$A$18,0)),"")
B14: =IFERROR(INDEX(Materiales!$B$4:$B$18,MATCH($A14,Materiales!$A$4:$A$18,0)),"")
B15: =IFERROR(INDEX(Materiales!$B$4:$B$18,MATCH($A15,Materiales!$A$4:$A$18,0)),"")
B16: =IFERROR(INDEX(Materiales!$B$4:$B$18,MATCH($A16,Materiales!$A$4:$A$18,0)),"")
B17: =IFERROR(INDEX(Materiales!$B$4:$B$18,MATCH($A17,Materiales!$A$4:$A$18,0)),"")
B18: =IFERROR(INDEX(Materiales!$B$4:$B$18,MATCH($A18,Materiales!$A$4:$A$18,0)),"")
B19: =IFERROR(INDEX(Materiales!$B$4:$B$18,MATCH($A19,Materiales!$A$4:$A$18,0)),"")
... B29: =IFERROR(INDEX(Materiales!$B$4:$B$18,MATCH($A29,Materiales!$A$4:$A$18,0)),"")

Sheet MRP
A1: CALCULO MRP — no escribas en esta hoja
A2: Todo se calcula desde Materiales, Plan, Consumo e Inventario. Lee el renglon verde: es la semana en que debes pedir.
E3: =Plan!E$3 | F3: =Plan!F$3 | G3: =Plan!G$3 | H3: =Plan!H$3 | I3: =Plan!I$3 | J3: =Plan!J$3 | K3: =Plan!K$3 | L3: =Plan!L$3
A4: Codigo | B4: Material | C4: Concepto | D4: Inicial / hoy | E4: Sem 1 | F4: Sem 2 | G4: Sem 3 | H4: Sem 4 | I4: Sem 5 | J4: Sem 6 | K4: Sem 7 | L4: Sem 8 | M4: Alerta
A5: =IF(Materiales!$A$4="","",Materiales!$A$4) | B5: =IF(Materiales!$B$4="","",Materiales!$B$4) | C5: Necesidad bruta | E5: =ROUND(SUMIF(Consumo!$B$4:$B$103,$A5,Consumo!G$4:G$103),4) | F5: =ROUND(SUMIF(Consumo!$B$4:$B$103,$A5,Consumo!H$4:H$103),4) | G5: =ROUND(SUMIF(Consumo!$B$4:$B$103,$A5,Consumo!I$4:I$103),4) | H5: =ROUND(SUMIF(Consumo!$B$4:$B$103,$A5,Consumo!J$4:J$103),4) | I5: =ROUND(SUMIF(Consumo!$B$4:$B$103,$A5,Consumo!K$4:K$103),4) | J5: =ROUND(SUMIF(Consumo!$B$4:$B$103,$A5,Consumo!L$4:L$103),4) | K5: =ROUND(SUMIF(Consumo!$B$4:$B$103,$A5,Consumo!M$4:M$103),4) | L5: =ROUND(SUMIF(Consumo!$B$4:$B$103,$A5,Consumo!N$4:N$103),4)
C6: Recepciones programadas (ya pedido) | E6: =SUMIF(Inventario!$A$5:$A$29,$A5,Inventario!E$5:E$29) | F6: =SUMIF(Inventario!$A$5:$A$29,$A5,Inventario!F$5:F$29) | G6: =SUMIF(Inventario!$A$5:$A$29,$A5,Inventario!G$5:G$29) | H6: =SUMIF(Inventario!$A$5:$A$29,$A5,Inventario!H$5:H$29) | I6: =SUMIF(Inventario!$A$5:$A$29,$A5,Inventario!I$5:I$29) | J6: =SUMIF(Inventario!$A$5:$A$29,$A5,Inventario!J$5:J$29) | K6: =SUMIF(Inventario!$A$5:$A$29,$A5,Inventario!K$5:K$29) | L6: =SUMIF(Inventario!$A$5:$A$29,$A5,Inventario!L$5:L$29)
C7: Stock proyectado disponible | D7: =SUMIF(Inventario!$A$5:$A$29,$A5,Inventario!$C$5:$C$29) | E7: =D7+E6+E9-E5 | F7: =E7+F6+F9-F5 | G7: =F7+G6+G9-G5 | H7: =G7+H6+H9-H5 | I7: =H7+I6+I9-I5 | J7: =I7+J6+J9-J5 | K7: =J7+K6+K9-K5 | L7: =K7+L6+L9-L5
C8: Necesidad neta | E8: =MAX(0,ROUND(E5+Materiales!$H$4-D7-E6,4)) | F8: =MAX(0,ROUND(F5+Materiales!$H$4-E7-F6,4)) | G8: =MAX(0,ROUND(G5+Materiales!$H$4-F7-G6,4)) | H8: =MAX(0,ROUND(H5+Materiales!$H$4-G7-H6,4)) | I8: =MAX(0,ROUND(I5+Materiales!$H$4-H7-I6,4)) | J8: =MAX(0,ROUND(J5+Materiales!$H$4-I7-J6,4)) | K8: =MAX(0,ROUND(K5+Materiales!$H$4-J7-K6,4)) | L8: =MAX(0,ROUND(L5+Materiales!$H$4-K7-L6,4))
C9: Recepcion de orden planificada | E9: =IF(E8<=0,0,IF(Materiales!$G$4<=0,E8,ROUNDUP(E8/Materiales!$G$4,0)*Materiales!$G$4)) | F9: =IF(F8<=0,0,IF(Materiales!$G$4<=0,F8,ROUNDUP(F8/Materiales!$G$4,0)*Materiales!$G$4)) | G9: =IF(G8<=0,0,IF(Materiales!$G$4<=0,G8,ROUNDUP(G8/Materiales!$G$4,0)*Materiales!$G$4)) | H9: =IF(H8<=0,0,IF(Materiales!$G$4<=0,H8,ROUNDUP(H8/Materiales!$G$4,0)*Materiales!$G$4)) | I9: =IF(I8<=0,0,IF(Materiales!$G$4<=0,I8,ROUNDUP(I8/Materiales!$G$4,0)*Materiales!$G$4)) | J9: =IF(J8<=0,0,IF(Materiales!$G$4<=0,J8,ROUNDUP(J8/Materiales!$G$4,0)*Materiales!$G$4)) | K9: =IF(K8<=0,0,IF(Materiales!$G$4<=0,K8,ROUNDUP(K8/Materiales!$G$4,0)*Materiales!$G$4)) | L9: =IF(L8<=0,0,IF(Materiales!$G$4<=0,L8,ROUNDUP(L8/Materiales!$G$4,0)*Materiales!$G$4))
C10: LANZAMIENTO DE ORDEN — pedir esta semana | E10: =IF(1+Materiales!$F$4>8,0,INDEX($E$9:$L$9,1,1+Materiales!$F$4)) | F10: =IF(2+Materiales!$F$4>8,0,INDEX($E$9:$L$9,1,2+Materiales!$F$4)) | G10: =IF(3+Materiales!$F$4>8,0,INDEX($E$9:$L$9,1,3+Materiales!$F$4)) | H10: =IF(4+Materiales!$F$4>8,0,INDEX($E$9:$L$9,1,4+Materiales!$F$4)) | I10: =IF(5+Materiales!$F$4>8,0,INDEX($E$9:$L$9,1,5+Materiales!$F$4)) | J10: =IF(6+Materiales!$F$4>8,0,INDEX($E$9:$L$9,1,6+Materiales!$F$4)) | K10: =IF(7+Materiales!$F$4>8,0,INDEX($E$9:$L$9,1,7+Materiales!$F$4)) | L10: =IF(8+Materiales!$F$4>8,0,INDEX($E$9:$L$9,1,8+Materiales!$F$4)) | M10: =IF($A5="","",IF(SUMPRODUCT((COLUMN($E$9:$L$9)-4<=Materiales!$F$4)*$E$9:$L$9)>0,"PEDIR YA (atrasado)","OK"))
A12: =IF(Materiales!$A$5="","",Materiales!$A$5) | B12: =IF(Materiales!$B$5="","",Materiales!$B$5) | C12: Necesidad bruta | E12: =ROUND(SUMIF(Consumo!$B$4:$B$103,$A12,Consumo!G$4:G$103),4) | F12: =ROUND(SUMIF(Consumo!$B$4:$B$103,$A12,Consumo!H$4:H$103),4) | G12: =ROUND(SUMIF(Consumo!$B$4:$B$103,$A12,Consumo!I$4:I$103),4) | H12: =ROUND(SUMIF(Consumo!$B$4:$B$103,$A12,Consumo!J$4:J$103),4) | I12: =ROUND(SUMIF(Consumo!$B$4:$B$103,$A12,Consumo!K$4:K$103),4) | J12: =ROUND(SUMIF(Consumo!$B$4:$B$103,$A12,Consumo!L$4:L$103),4) | K12: =ROUND(SUMIF(Consumo!$B$4:$B$103,$A12,Consumo!M$4:M$103),4) | L12: =ROUND(SUMIF(Consumo!$B$4:$B$103,$A12,Consumo!N$4:N$103),4)
C13: Recepciones programadas (ya pedido) | E13: =SUMIF(Inventario!$A$5:$A$29,$A12,Inventario!E$5:E$29) | F13: =SUMIF(Inventario!$A$5:$A$29,$A12,Inventario!F$5:F$29) | G13: =SUMIF(Inventario!$A$5:$A$29,$A12,Inventario!G$5:G$29) | H13: =SUMIF(Inventario!$A$5:$A$29,$A12,Inventario!H$5:H$29) | I13: =SUMIF(Inventario!$A$5:$A$29,$A12,Inventario!I$5:I$29) | J13: =SUMIF(Inventario!$A$5:$A$29,$A12,Inventario!J$5:J$29) | K13: =SUMIF(Inventario!$A$5:$A$29,$A12,Inventario!K$5:K$29) | L13: =SUMIF(Inventario!$A$5:$A$29,$A12,Inventario!L$5:L$29)
C14: Stock proyectado disponible | D14: =SUMIF(Inventario!$A$5:$A$29,$A12,Inventario!$C$5:$C$29) | E14: =D14+E13+E16-E12 | F14: =E14+F13+F16-F12 | G14: =F14+G13+G16-G12 | H14: =G14+H13+H16-H12 | I14: =H14+I13+I16-I12 | J14: =I14+J13+J16-J12 | K14: =J14+K13+K16-K12 | L14: =K14+L13+L16-L12
C15: Necesidad neta | E15: =MAX(0,ROUND(E12+Materiales!$H$5-D14-E13,4)) | F15: =MAX(0,ROUND(F12+Materiales!$H$5-E14-F13,4)) | G15: =MAX(0,ROUND(G12+Materiales!$H$5-F14-G13,4)) | H15: =MAX(0,ROUND(H12+Materiales!$H$5-G14-H13,4)) | I15: =MAX(0,ROUND(I12+Materiales!$H$5-H14-I13,4)) | J15: =MAX(0,ROUND(J12+Materiales!$H$5-I14-J13,4)) | K15: =MAX(0,ROUND(K12+Materiales!$H$5-J14-K13,4)) | L15: =MAX(0,ROUND(L12+Materiales!$H$5-K14-L13,4))
C16: Recepcion de orden planificada | E16: =IF(E15<=0,0,IF(Materiales!$G$5<=0,E15,ROUNDUP(E15/Materiales!$G$5,0)*Materiales!$G$5)) | F16: =IF(F15<=0,0,IF(Materiales!$G$5<=0,F15,ROUNDUP(F15/Materiales!$G$5,0)*Materiales!$G$5)) | G16: =IF(G15<=0,0,IF(Materiales!$G$5<=0,G15,ROUNDUP(G15/Materiales!$G$5,0)*Materiales!$G$5)) | H16: =IF(H15<=0,0,IF(Materiales!$G$5<=0,H15,ROUNDUP(H15/Materiales!$G$5,0)*Materiales!$G$5)) | I16: =IF(I15<=0,0,IF(Materiales!$G$5<=0,I15,ROUNDUP(I15/Materiales!$G$5,0)*Materiales!$G$5)) | J16: =IF(J15<=0,0,IF(Materiales!$G$5<=0,J15,ROUNDUP(J15/Materiales!$G$5,0)*Materiales!$G$5)) | K16: =IF(K15<=0,0,IF(Materiales!$G$5<=0,K15,ROUNDUP(K15/Materiales!$G$5,0)*Materiales!$G$5)) | L16: =IF(L15<=0,0,IF(Materiales!$G$5<=0,L15,ROUNDUP(L15/Materiales!$G$5,0)*Materiales!$G$5))
C17: LANZAMIENTO DE ORDEN — pedir esta semana | E17: =IF(1+Materiales!$F$5>8,0,INDEX($E$16:$L$16,1,1+Materiales!$F$5)) | F17: =IF(2+Materiales!$F$5>8,0,INDEX($E$16:$L$16,1,2+Materiales!$F$5)) | G17: =IF(3+Materiales!$F$5>8,0,INDEX($E$16:$L$16,1,3+Materiales!$F$5)) | H17: =IF(4+Materiales!$F$5>8,0,INDEX($E$16:$L$16,1,4+Materiales!$F$5)) | I17: =IF(5+Materiales!$F$5>8,0,INDEX($E$16:$L$16,1,5+Materiales!$F$5)) | J17: =IF(6+Materiales!$F$5>8,0,INDEX($E$16:$L$16,1,6+Materiales!$F$5)) | K17: =IF(7+Materiales!$F$5>8,0,INDEX($E$16:$L$16,1,7+Materiales!$F$5)) | L17: =IF(8+Materiales!$F$5>8,0,INDEX($E$16:$L$16,1,8+Materiales!$F$5)) | M17: =IF($A12="","",IF(SUMPRODUCT((COLUMN($E$16:$L$16)-4<=Materiales!$F$5)*$E$16:$L$16)>0,"PEDIR YA (atrasado)","OK"))
A19: =IF(Materiales!$A$6="","",Materiales!$A$6) | B19: =IF(Materiales!$B$6="","",Materiales!$B$6) | C19: Necesidad bruta | E19: =ROUND(SUMIF(Consumo!$B$4:$B$103,$A19,Consumo!G$4:G$103),4) | F19: =ROUND(SUMIF(Consumo!$B$4:$B$103,$A19,Consumo!H$4:H$103),4) | G19: =ROUND(SUMIF(Consumo!$B$4:$B$103,$A19,Consumo!I$4:I$103),4) | H19: =ROUND(SUMIF(Consumo!$B$4:$B$103,$A19,Consumo!J$4:J$103),4) | I19: =ROUND(SUMIF(Consumo!$B$4:$B$103,$A19,Consumo!K$4:K$103),4) | J19: =ROUND(SUMIF(Consumo!$B$4:$B$103,$A19,Consumo!L$4:L$103),4) | K19: =ROUND(SUMIF(Consumo!$B$4:$B$103,$A19,Consumo!M$4:M$103),4) | L19: =ROUND(SUMIF(Consumo!$B$4:$B$103,$A19,Consumo!N$4:N$103),4)
C20: Recepciones programadas (ya pedido) | E20: =SUMIF(Inventario!$A$5:$A$29,$A19,Inventario!E$5:E$29) | F20: =SUMIF(Inventario!$A$5:$A$29,$A19,Inventario!F$5:F$29) | G20: =SUMIF(Inventario!$A$5:$A$29,$A19,Inventario!G$5:G$29) | H20: =SUMIF(Inventario!$A$5:$A$29,$A19,Inventario!H$5:H$29) | I20: =SUMIF(Inventario!$A$5:$A$29,$A19,Inventario!I$5:I$29) | J20: =SUMIF(Inventario!$A$5:$A$29,$A19,Inventario!J$5:J$29) | K20: =SUMIF(Inventario!$A$5:$A$29,$A19,Inventario!K$5:K$29) | L20: =SUMIF(Inventario!$A$5:$A$29,$A19,Inventario!L$5:L$29)
C21: Stock proyectado disponible | D21: =SUMIF(Inventario!$A$5:$A$29,$A19,Inventario!$C$5:$C$29) | E21: =D21+E20+E23-E19 | F21: =E21+F20+F23-F19 | G21: =F21+G20+G23-G19 | H21: =G21+H20+H23-H19 | I21: =H21+I20+I23-I19 | J21: =I21+J20+J23-J19 | K21: =J21+K20+K23-K19 | L21: =K21+L20+L23-L19
C22: Necesidad neta | E22: =MAX(0,ROUND(E19+Materiales!$H$6-D21-E20,4)) | F22: =MAX(0,ROUND(F19+Materiales!$H$6-E21-F20,4)) | G22: =MAX(0,ROUND(G19+Materiales!$H$6-F21-G20,4)) | H22: =MAX(0,ROUND(H19+Materiales!$H$6-G21-H20,4)) | I22: =MAX(0,ROUND(I19+Materiales!$H$6-H21-I20,4)) | J22: =MAX(0,ROUND(J19+Materiales!$H$6-I21-J20,4)) | K22: =MAX(0,ROUND(K19+Materiales!$H$6-J21-K20,4)) | L22: =MAX(0,ROUND(L19+Materiales!$H$6-K21-L20,4))
C23: Recepcion de orden planificada | E23: =IF(E22<=0,0,IF(Materiales!$G$6<=0,E22,ROUNDUP(E22/Materiales!$G$6,0)*Materiales!$G$6)) | F23: =IF(F22<=0,0,IF(Materiales!$G$6<=0,F22,ROUNDUP(F22/Materiales!$G$6,0)*Materiales!$G$6)) | G23: =IF(G22<=0,0,IF(Materiales!$G$6<=0,G22,ROUNDUP(G22/Materiales!$G$6,0)*Materiales!$G$6)) | H23: =IF(H22<=0,0,IF(Materiales!$G$6<=0,H22,ROUNDUP(H22/Materiales!$G$6,0)*Materiales!$G$6)) | I23: =IF(I22<=0,0,IF(Materiales!$G$6<=0,I22,ROUNDUP(I22/Materiales!$G$6,0)*Materiales!$G$6)) | J23: =IF(J22<=0,0,IF(Materiales!$G$6<=0,J22,ROUNDUP(J22/Materiales!$G$6,0)*Materiales!$G$6)) | K23: =IF(K22<=0,0,IF(Materiales!$G$6<=0,K22,ROUNDUP(K22/Materiales!$G$6,0)*Materiales!$G$6)) | L23: =IF(L22<=0,0,IF(Materiales!$G$6<=0,L22,ROUNDUP(L22/Materiales!$G$6,0)*Materiales!$G$6))
C24: LANZAMIENTO DE ORDEN — pedir esta semana | E24: =IF(1+Materiales!$F$6>8,0,INDEX($E$23:$L$23,1,1+Materiales!$F$6)) | F24: =IF(2+Materiales!$F$6>8,0,INDEX($E$23:$L$23,1,2+Materiales!$F$6)) | G24: =IF(3+Materiales!$F$6>8,0,INDEX($E$23:$L$23,1,3+Materiales!$F$6)) | H24: =IF(4+Materiales!$F$6>8,0,INDEX($E$23:$L$23,1,4+Materiales!$F$6)) | I24: =IF(5+Materiales!$F$6>8,0,INDEX($E$23:$L$23,1,5+Materiales!$F$6)) | J24: =IF(6+Materiales!$F$6>8,0,INDEX($E$23:$L$23,1,6+Materiales!$F$6)) | K24: =IF(7+Materiales!$F$6>8,0,INDEX($E$23:$L$23,1,7+Materiales!$F$6)) | L24: =IF(8+Materiales!$F$6>8,0,INDEX($E$23:$L$23,1,8+Materiales!$F$6)) | M24: =IF($A19="","",IF(SUMPRODUCT((COLUMN($E$23:$L$23)-4<=Materiales!$F$6)*$E$23:$L$23)>0,"PEDIR YA (atrasado)","OK"))
A26: =IF(Materiales!$A$7="","",Materiales!$A$7) | B26: =IF(Materiales!$B$7="","",Materiales!$B$7) | C26: Necesidad bruta | E26: =ROUND(SUMIF(Consumo!$B$4:$B$103,$A26,Consumo!G$4:G$103),4) | F26: =ROUND(SUMIF(Consumo!$B$4:$B$103,$A26,Consumo!H$4:H$103),4) | G26: =ROUND(SUMIF(Consumo!$B$4:$B$103,$A26,Consumo!I$4:I$103),4) | H26: =ROUND(SUMIF(Consumo!$B$4:$B$103,$A26,Consumo!J$4:J$103),4) | I26: =ROUND(SUMIF(Consumo!$B$4:$B$103,$A26,Consumo!K$4:K$103),4) | J26: =ROUND(SUMIF(Consumo!$B$4:$B$103,$A26,Consumo!L$4:L$103),4) | K26: =ROUND(SUMIF(Consumo!$B$4:$B$103,$A26,Consumo!M$4:M$103),4) | L26: =ROUND(SUMIF(Consumo!$B$4:$B$103,$A26,Consumo!N$4:N$103),4)
C27: Recepciones programadas (ya pedido) | E27: =SUMIF(Inventario!$A$5:$A$29,$A26,Inventario!E$5:E$29) | F27: =SUMIF(Inventario!$A$5:$A$29,$A26,Inventario!F$5:F$29) | G27: =SUMIF(Inventario!$A$5:$A$29,$A26,Inventario!G$5:G$29) | H27: =SUMIF(Inventario!$A$5:$A$29,$A26,Inventario!H$5:H$29) | I27: =SUMIF(Inventario!$A$5:$A$29,$A26,Inventario!I$5:I$29) | J27: =SUMIF(Inventario!$A$5:$A$29,$A26,Inventario!J$5:J$29) | K27: =SUMIF(Inventario!$A$5:$A$29,$A26,Inventario!K$5:K$29) | L27: =SUMIF(Inventario!$A$5:$A$29,$A26,Inventario!L$5:L$29)
C28: Stock proyectado disponible | D28: =SUMIF(Inventario!$A$5:$A$29,$A26,Inventario!$C$5:$C$29) | E28: =D28+E27+E30-E26 | F28: =E28+F27+F30-F26 | G28: =F28+G27+G30-G26 | H28: =G28+H27+H30-H26 | I28: =H28+I27+I30-I26 | J28: =I28+J27+J30-J26 | K28: =J28+K27+K30-K26 | L28: =K28+L27+L30-L26
C29: Necesidad neta | E29: =MAX(0,ROUND(E26+Materiales!$H$7-D28-E27,4)) | F29: =MAX(0,ROUND(F26+Materiales!$H$7-E28-F27,4)) | G29: =MAX(0,ROUND(G26+Materiales!$H$7-F28-G27,4)) | H29: =MAX(0,ROUND(H26+Materiales!$H$7-G28-H27,4)) | I29: =MAX(0,ROUND(I26+Materiales!$H$7-H28-I27,4)) | J29: =MAX(0,ROUND(J26+Materiales!$H$7-I28-J27,4)) | K29: =MAX(0,ROUND(K26+Materiales!$H$7-J28-K27,4)) | L29: =MAX(0,ROUND(L26+Materiales!$H$7-K28-L27,4))
C30: Recepcion de orden planificada | E30: =IF(E29<=0,0,IF(Materiales!$G$7<=0,E29,ROUNDUP(E29/Materiales!$G$7,0)*Materiales!$G$7)) | F30: =IF(F29<=0,0,IF(Materiales!$G$7<=0,F29,ROUNDUP(F29/Materiales!$G$7,0)*Materiales!$G$7)) | G30: =IF(G29<=0,0,IF(Materiales!$G$7<=0,G29,ROUNDUP(G29/Materiales!$G$7,0)*Materiales!$G$7)) | H30: =IF(H29<=0,0,IF(Materiales!$G$7<=0,H29,ROUNDUP(H29/Materiales!$G$7,0)*Materiales!$G$7)) | I30: =IF(I29<=0,0,IF(Materiales!$G$7<=0,I29,ROUNDUP(I29/Materiales!$G$7,0)*Materiales!$G$7)) | J30: =IF(J29<=0,0,IF(Materiales!$G$7<=0,J29,ROUNDUP(J29/Materiales!$G$7,0)*Materiales!$G$7)) | K30: =IF(K29<=0,0,IF(Materiales!$G$7<=0,K29,ROUNDUP(K29/Materiales!$G$7,0)*Materiales!$G$7)) | L30: =IF(L29<=0,0,IF(Materiales!$G$7<=0,L29,ROUNDUP(L29/Materiales!$G$7,0)*Materiales!$G$7))
C31: LANZAMIENTO DE ORDEN — pedir esta semana | E31: =IF(1+Materiales!$F$7>8,0,INDEX($E$30:$L$30,1,1+Materiales!$F$7)) | F31: =IF(2+Materiales!$F$7>8,0,INDEX($E$30:$L$30,1,2+Materiales!$F$7)) | G31: =IF(3+Materiales!$F$7>8,0,INDEX($E$30:$L$30,1,3+Materiales!$F$7)) | H31: =IF(4+Materiales!$F$7>8,0,INDEX($E$30:$L$30,1,4+Materiales!$F$7)) | I31: =IF(5+Materiales!$F$7>8,0,INDEX($E$30:$L$30,1,5+Materiales!$F$7)) | J31: =IF(6+Materiales!$F$7>8,0,INDEX($E$30:$L$30,1,6+Materiales!$F$7)) | K31: =IF(7+Materiales!$F$7>8,0,INDEX($E$30:$L$30,1,7+Materiales!$F$7)) | L31: =IF(8+Materiales!$F$7>8,0,INDEX($E$30:$L$30,1,8+Materiales!$F$7)) | M31: =IF($A26="","",IF(SUMPRODUCT((COLUMN($E$30:$L$30)-4<=Materiales!$F$7)*$E$30:$L$30)>0,"PEDIR YA (atrasado)","OK"))
A33: =IF(Materiales!$A$8="","",Materiales!$A$8) | B33: =IF(Materiales!$B$8="","",Materiales!$B$8) | C33: Necesidad bruta | E33: =ROUND(SUMIF(Consumo!$B$4:$B$103,$A33,Consumo!G$4:G$103),4) | F33: =ROUND(SUMIF(Consumo!$B$4:$B$103,$A33,Consumo!H$4:H$103),4) | G33: =ROUND(SUMIF(Consumo!$B$4:$B$103,$A33,Consumo!I$4:I$103),4) | H33: =ROUND(SUMIF(Consumo!$B$4:$B$103,$A33,Consumo!J$4:J$103),4) | I33: =ROUND(SUMIF(Consumo!$B$4:$B$103,$A33,Consumo!K$4:K$103),4) | J33: =ROUND(SUMIF(Consumo!$B$4:$B$103,$A33,Consumo!L$4:L$103),4) | K33: =ROUND(SUMIF(Consumo!$B$4:$B$103,$A33,Consumo!M$4:M$103),4) | L33: =ROUND(SUMIF(Consumo!$B$4:$B$103,$A33,Consumo!N$4:N$103),4)
C34: Recepciones programadas (ya pedido) | E34: =SUMIF(Inventario!$A$5:$A$29,$A33,Inventario!E$5:E$29) | F34: =SUMIF(Inventario!$A$5:$A$29,$A33,Inventario!F$5:F$29) | G34: =SUMIF(Inventario!$A$5:$A$29,$A33,Inventario!G$5:G$29) | H34: =SUMIF(Inventario!$A$5:$A$29,$A33,Inventario!H$5:H$29) | I34: =SUMIF(Inventario!$A$5:$A$29,$A33,Inventario!I$5:I$29) | J34: =SUMIF(Inventario!$A$5:$A$29,$A33,Inventario!J$5:J$29) | K34: =SUMIF(Inventario!$A$5:$A$29,$A33,Inventario!K$5:K$29) | L34: =SUMIF(Inventario!$A$5:$A$29,$A33,Inventario!L$5:L$29)
C35: Stock proyectado disponible | D35: =SUMIF(Inventario!$A$5:$A$29,$A33,Inventario!$C$5:$C$29) | E35: =D35+E34+E37-E33 | F35: =E35+F34+F37-F33 | G35: =F35+G34+G37-G33 | H35: =G35+H34+H37-H33 | I35: =H35+I34+I37-I33 | J35: =I35+J34+J37-J33 | K35: =J35+K34+K37-K33 | L35: =K35+L34+L37-L33
C36: Necesidad neta | E36: =MAX(0,ROUND(E33+Materiales!$H$8-D35-E34,4)) | F36: =MAX(0,ROUND(F33+Materiales!$H$8-E35-F34,4)) | G36: =MAX(0,ROUND(G33+Materiales!$H$8-F35-G34,4)) | H36: =MAX(0,ROUND(H33+Materiales!$H$8-G35-H34,4)) | I36: =MAX(0,ROUND(I33+Materiales!$H$8-H35-I34,4)) | J36: =MAX(0,ROUND(J33+Materiales!$H$8-I35-J34,4)) | K36: =MAX(0,ROUND(K33+Materiales!$H$8-J35-K34,4)) | L36: =MAX(0,ROUND(L33+Materiales!$H$8-K35-L34,4))
C37: Recepcion de orden planificada | E37: =IF(E36<=0,0,IF(Materiales!$G$8<=0,E36,ROUNDUP(E36/Materiales!$G$8,0)*Materiales!$G$8)) | F37: =IF(F36<=0,0,IF(Materiales!$G$8<=0,F36,ROUNDUP(F36/Materiales!$G$8,0)*Materiales!$G$8)) | G37: =IF(G36<=0,0,IF(Materiales!$G$8<=0,G36,ROUNDUP(G36/Materiales!$G$8,0)*Materiales!$G$8)) | H37: =IF(H36<=0,0,IF(Materiales!$G$8<=0,H36,ROUNDUP(H36/Materiales!$G$8,0)*Materiales!$G$8)) | I37: =IF(I36<=0,0,IF(Materiales!$G$8<=0,I36,ROUNDUP(I36/Materiales!$G$8,0)*Materiales!$G$8)) | J37: =IF(J36<=0,0,IF(Materiales!$G$8<=0,J36,ROUNDUP(J36/Materiales!$G$8,0)*Materiales!$G$8)) | K37: =IF(K36<=0,0,IF(Materiales!$G$8<=0,K36,ROUNDUP(K36/Materiales!$G$8,0)*Materiales!$G$8)) | L37: =IF(L36<=0,0,IF(Materiales!$G$8<=0,L36,ROUNDUP(L36/Materiales!$G$8,0)*Materiales!$G$8))
C38: LANZAMIENTO DE ORDEN — pedir esta semana | E38: =IF(1+Materiales!$F$8>8,0,INDEX($E$37:$L$37,1,1+Materiales!$F$8)) | F38: =IF(2+Materiales!$F$8>8,0,INDEX($E$37:$L$37,1,2+Materiales!$F$8)) | G38: =IF(3+Materiales!$F$8>8,0,INDEX($E$37:$L$37,1,3+Materiales!$F$8)) | H38: =IF(4+Materiales!$F$8>8,0,INDEX($E$37:$L$37,1,4+Materiales!$F$8)) | I38: =IF(5+Materiales!$F$8>8,0,INDEX($E$37:$L$37,1,5+Materiales!$F$8)) | J38: =IF(6+Materiales!$F$8>8,0,INDEX($E$37:$L$37,1,6+Materiales!$F$8)) | K38: =IF(7+Materiales!$F$8>8,0,INDEX($E$37:$L$37,1,7+Materiales!$F$8)) | L38: =IF(8+Materiales!$F$8>8,0,INDEX($E$37:$L$37,1,8+Materiales!$F$8)) | M38: =IF($A33="","",IF(SUMPRODUCT((COLUMN($E$37:$L$37)-4<=Materiales!$F$8)*$E$37:$L$37)>0,"PEDIR YA (atrasado)","OK"))
A40: =IF(Materiales!$A$9="","",Materiales!$A$9) | B40: =IF(Materiales!$B$9="","",Materiales!$B$9) | C40: Necesidad bruta | E40: =ROUND(SUMIF(Consumo!$B$4:$B$103,$A40,Consumo!G$4:G$103),4) | F40: =ROUND(SUMIF(Consumo!$B$4:$B$103,$A40,Consumo!H$4:H$103),4) | G40: =ROUND(SUMIF(Consumo!$B$4:$B$103,$A40,Consumo!I$4:I$103),4) | H40: =ROUND(SUMIF(Consumo!$B$4:$B$103,$A40,Consumo!J$4:J$103),4) | I40: =ROUND(SUMIF(Consumo!$B$4:$B$103,$A40,Consumo!K$4:K$103),4) | J40: =ROUND(SUMIF(Consumo!$B$4:$B$103,$A40,Consumo!L$4:L$103),4) | K40: =ROUND(SUMIF(Consumo!$B$4:$B$103,$A40,Consumo!M$4:M$103),4) | L40: =ROUND(SUMIF(Consumo!$B$4:$B$103,$A40,Consumo!N$4:N$103),4)
C41: Recepciones programadas (ya pedido) | E41: =SUMIF(Inventario!$A$5:$A$29,$A40,Inventario!E$5:E$29) | F41: =SUMIF(Inventario!$A$5:$A$29,$A40,Inventario!F$5:F$29) | G41: =SUMIF(Inventario!$A$5:$A$29,$A40,Inventario!G$5:G$29) | H41: =SUMIF(Inventario!$A$5:$A$29,$A40,Inventario!H$5:H$29) | I41: =SUMIF(Inventario!$A$5:$A$29,$A40,Inventario!I$5:I$29) | J41: =SUMIF(Inventario!$A$5:$A$29,$A40,Inventario!J$5:J$29) | K41: =SUMIF(Inventario!$A$5:$A$29,$A40,Inventario!K$5:K$29) | L41: =SUMIF(Inventario!$A$5:$A$29,$A40,Inventario!L$5:L$29)
C42: Stock proyectado disponible | D42: =SUMIF(Inventario!$A$5:$A$29,$A40,Inventario!$C$5:$C$29) | E42: =D42+E41+E44-E40 | F42: =E42+F41+F44-F40 | G42: =F42+G41+G44-G40 | H42: =G42+H41+H44-H40 | I42: =H42+I41+I44-I40 | J42: =I42+J41+J44-J40 | K42: =J42+K41+K44-K40 | L42: =K42+L41+L44-L40
C43: Necesidad neta | E43: =MAX(0,ROUND(E40+Materiales!$H$9-D42-E41,4)) | F43: =MAX(0,ROUND(F40+Materiales!$H$9-E42-F41,4)) | G43: =MAX(0,ROUND(G40+Materiales!$H$9-F42-G41,4)) | H43: =MAX(0,ROUND(H40+Materiales!$H$9-G42-H41,4)) | I43: =MAX(0,ROUND(I40+Materiales!$H$9-H42-I41,4)) | J43: =MAX(0,ROUND(J40+Materiales!$H$9-I42-J41,4)) | K43: =MAX(0,ROUND(K40+Materiales!$H$9-J42-K41,4)) | L43: =MAX(0,ROUND(L40+Materiales!$H$9-K42-L41,4))
C44: Recepcion de orden planificada | E44: =IF(E43<=0,0,IF(Materiales!$G$9<=0,E43,ROUNDUP(E43/Materiales!$G$9,0)*Materiales!$G$9)) | F44: =IF(F43<=0,0,IF(Materiales!$G$9<=0,F43,ROUNDUP(F43/Materiales!$G$9,0)*Materiales!$G$9)) | G44: =IF(G43<=0,0,IF(Materiales!$G$9<=0,G43,ROUNDUP(G43/Materiales!$G$9,0)*Materiales!$G$9)) | H44: =IF(H43<=0,0,IF(Materiales!$G$9<=0,H43,ROUNDUP(H43/Materiales!$G$9,0)*Materiales!$G$9)) | I44: =IF(I43<=0,0,IF(Materiales!$G$9<=0,I43,ROUNDUP(I43/Materiales!$G$9,0)*Materiales!$G$9)) | J44: =IF(J43<=0,0,IF(Materiales!$G$9<=0,J43,ROUNDUP(J43/Materiales!$G$9,0)*Materiales!$G$9)) | K44: =IF(K43<=0,0,IF(Materiales!$G$9<=0,K43,ROUNDUP(K43/Materiales!$G$9,0)*Materiales!$G$9)) | L44: =IF(L43<=0,0,IF(Materiales!$G$9<=0,L43,ROUNDUP(L43/Materiales!$G$9,0)*Materiales!$G$9))
C45: LANZAMIENTO DE ORDEN — pedir esta semana | E45: =IF(1+Materiales!$F$9>8,0,INDEX($E$44:$L$44,1,1+Materiales!$F$9)) | F45: =IF(2+Materiales!$F$9>8,0,INDEX($E$44:$L$44,1,2+Materiales!$F$9)) | G45: =IF(3+Materiales!$F$9>8,0,INDEX($E$44:$L$44,1,3+Materiales!$F$9)) | H45: =IF(4+Materiales!$F$9>8,0,INDEX($E$44:$L$44,1,4+Materiales!$F$9)) | I45: =IF(5+Materiales!$F$9>8,0,INDEX($E$44:$L$44,1,5+Materiales!$F$9)) | J45: =IF(6+Materiales!$F$9>8,0,INDEX($E$44:$L$44,1,6+Materiales!$F$9)) | K45: =IF(7+Materiales!$F$9>8,0,INDEX($E$44:$L$44,1,7+Materiales!$F$9)) | L45: =IF(8+Materiales!$F$9>8,0,INDEX($E$44:$L$44,1,8+Materiales!$F$9)) | M45: =IF($A40="","",IF(SUMPRODUCT((COLUMN($E$44:$L$44)-4<=Materiales!$F$9)*$E$44:$L$44)>0,"PEDIR YA (atrasado)","OK"))
A47: =IF(Materiales!$A$10="","",Materiales!$A$10) | B47: =IF(Materiales!$B$10="","",Materiales!$B$10) | C47: Necesidad bruta | E47: =ROUND(SUMIF(Consumo!$B$4:$B$103,$A47,Consumo!G$4:G$103),4) | F47: =ROUND(SUMIF(Consumo!$B$4:$B$103,$A47,Consumo!H$4:H$103),4) | G47: =ROUND(SUMIF(Consumo!$B$4:$B$103,$A47,Consumo!I$4:I$103),4) | H47: =ROUND(SUMIF(Consumo!$B$4:$B$103,$A47,Consumo!J$4:J$103),4) | I47: =ROUND(SUMIF(Consumo!$B$4:$B$103,$A47,Consumo!K$4:K$103),4) | J47: =ROUND(SUMIF(Consumo!$B$4:$B$103,$A47,Consumo!L$4:L$103),4) | K47: =ROUND(SUMIF(Consumo!$B$4:$B$103,$A47,Consumo!M$4:M$103),4) | L47: =ROUND(SUMIF(Consumo!$B$4:$B$103,$A47,Consumo!N$4:N$103),4)
C48: Recepciones programadas (ya pedido) | E48: =SUMIF(Inventario!$A$5:$A$29,$A47,Inventario!E$5:E$29) | F48: =SUMIF(Inventario!$A$5:$A$29,$A47,Inventario!F$5:F$29) | G48: =SUMIF(Inventario!$A$5:$A$29,$A47,Inventario!G$5:G$29) | H48: =SUMIF(Inventario!$A$5:$A$29,$A47,Inventario!H$5:H$29) | I48: =SUMIF(Inventario!$A$5:$A$29,$A47,Inventario!I$5:I$29) | J48: =SUMIF(Inventario!$A$5:$A$29,$A47,Inventario!J$5:J$29) | K48: =SUMIF(Inventario!$A$5:$A$29,$A47,Inventario!K$5:K$29) | L48: =SUMIF(Inventario!$A$5:$A$29,$A47,Inventario!L$5:L$29)
C49: Stock proyectado disponible | D49: =SUMIF(Inventario!$A$5:$A$29,$A47,Inventario!$C$5:$C$29) | E49: =D49+E48+E51-E47 | F49: =E49+F48+F51-F47 | G49: =F49+G48+G51-G47 | H49: =G49+H48+H51-H47 | I49: =H49+I48+I51-I47 | J49: =I49+J48+J51-J47 | K49: =J49+K48+K51-K47 | L49: =K49+L48+L51-L47
C50: Necesidad neta | E50: =MAX(0,ROUND(E47+Materiales!$H$10-D49-E48,4)) | F50: =MAX(0,ROUND(F47+Materiales!$H$10-E49-F48,4)) | G50: =MAX(0,ROUND(G47+Materiales!$H$10-F49-G48,4)) | H50: =MAX(0,ROUND(H47+Materiales!$H$10-G49-H48,4)) | I50: =MAX(0,ROUND(I47+Materiales!$H$10-H49-I48,4)) | J50: =MAX(0,ROUND(J47+Materiales!$H$10-I49-J48,4)) | K50: =MAX(0,ROUND(K47+Materiales!$H$10-J49-K48,4)) | L50: =MAX(0,ROUND(L47+Materiales!$H$10-K49-L48,4))
C51: Recepcion de orden planificada | E51: =IF(E50<=0,0,IF(Materiales!$G$10<=0,E50,ROUNDUP(E50/Materiales!$G$10,0)*Materiales!$G$10)) | F51: =IF(F50<=0,0,IF(Materiales!$G$10<=0,F50,ROUNDUP(F50/Materiales!$G$10,0)*Materiales!$G$10)) | G51: =IF(G50<=0,0,IF(Materiales!$G$10<=0,G50,ROUNDUP(G50/Materiales!$G$10,0)*Materiales!$G$10)) | H51: =IF(H50<=0,0,IF(Materiales!$G$10<=0,H50,ROUNDUP(H50/Materiales!$G$10,0)*Materiales!$G$10)) | I51: =IF(I50<=0,0,IF(Materiales!$G$10<=0,I50,ROUNDUP(I50/Materiales!$G$10,0)*Materiales!$G$10)) | J51: =IF(J50<=0,0,IF(Materiales!$G$10<=0,J50,ROUNDUP(J50/Materiales!$G$10,0)*Materiales!$G$10)) | K51: =IF(K50<=0,0,IF(Materiales!$G$10<=0,K50,ROUNDUP(K50/Materiales!$G$10,0)*Materiales!$G$10)) | L51: =IF(L50<=0,0,IF(Materiales!$G$10<=0,L50,ROUNDUP(L50/Materiales!$G$10,0)*Materiales!$G$10))
C52: LANZAMIENTO DE ORDEN — pedir esta semana | E52: =IF(1+Materiales!$F$10>8,0,INDEX($E$51:$L$51,1,1+Materiales!$F$10)) | F52: =IF(2+Materiales!$F$10>8,0,INDEX($E$51:$L$51,1,2+Materiales!$F$10)) | G52: =IF(3+Materiales!$F$10>8,0,INDEX($E$51:$L$51,1,3+Materiales!$F$10)) | H52: =IF(4+Materiales!$F$10>8,0,INDEX($E$51:$L$51,1,4+Materiales!$F$10)) | I52: =IF(5+Materiales!$F$10>8,0,INDEX($E$51:$L$51,1,5+Materiales!$F$10)) | J52: =IF(6+Materiales!$F$10>8,0,INDEX($E$51:$L$51,1,6+Materiales!$F$10)) | K52: =IF(7+Materiales!$F$10>8,0,INDEX($E$51:$L$51,1,7+Materiales!$F$10)) | L52: =IF(8+Materiales!$F$10>8,0,INDEX($E$51:$L$51,1,8+Materiales!$F$10)) | M52: =IF($A47="","",IF(SUMPRODUCT((COLUMN($E$51:$L$51)-4<=Materiales!$F$10)*$E$51:$L$51)>0,"PEDIR YA (atrasado)","OK"))
A54: =IF(Materiales!$A$11="","",Materiales!$A$11) | B54: =IF(Materiales!$B$11="","",Materiales!$B$11) | C54: Necesidad bruta | E54: =ROUND(SUMIF(Consumo!$B$4:$B$103,$A54,Consumo!G$4:G$103),4) | F54: =ROUND(SUMIF(Consumo!$B$4:$B$103,$A54,Consumo!H$4:H$103),4) | G54: =ROUND(SUMIF(Consumo!$B$4:$B$103,$A54,Consumo!I$4:I$103),4) | H54: =ROUND(SUMIF(Consumo!$B$4:$B$103,$A54,Consumo!J$4:J$103),4) | I54: =ROUND(SUMIF(Consumo!$B$4:$B$103,$A54,Consumo!K$4:K$103),4) | J54: =ROUND(SUMIF(Consumo!$B$4:$B$103,$A54,Consumo!L$4:L$103),4) | K54: =ROUND(SUMIF(Consumo!$B$4:$B$103,$A54,Consumo!M$4:M$103),4) | L54: =ROUND(SUMIF(Consumo!$B$4:$B$103,$A54,Consumo!N$4:N$103),4)
C55: Recepciones programadas (ya pedido) | E55: =SUMIF(Inventario!$A$5:$A$29,$A54,Inventario!E$5:E$29) | F55: =SUMIF(Inventario!$A$5:$A$29,$A54,Inventario!F$5:F$29) | G55: =SUMIF(Inventario!$A$5:$A$29,$A54,Inventario!G$5:G$29) | H55: =SUMIF(Inventario!$A$5:$A$29,$A54,Inventario!H$5:H$29) | I55: =SUMIF(Inventario!$A$5:$A$29,$A54,Inventario!I$5:I$29) | J55: =SUMIF(Inventario!$A$5:$A$29,$A54,Inventario!J$5:J$29) | K55: =SUMIF(Inventario!$A$5:$A$29,$A54,Inventario!K$5:K$29) | L55: =SUMIF(Inventario!$A$5:$A$29,$A54,Inventario!L$5:L$29)
C56: Stock proyectado disponible | D56: =SUMIF(Inventario!$A$5:$A$29,$A54,Inventario!$C$5:$C$29) | E56: =D56+E55+E58-E54 | F56: =E56+F55+F58-F54 | G56: =F56+G55+G58-G54 | H56: =G56+H55+H58-H54 | I56: =H56+I55+I58-I54 | J56: =I56+J55+J58-J54 | K56: =J56+K55+K58-K54 | L56: =K56+L55+L58-L54
C57: Necesidad neta | E57: =MAX(0,ROUND(E54+Materiales!$H$11-D56-E55,4)) | F57: =MAX(0,ROUND(F54+Materiales!$H$11-E56-F55,4)) | G57: =MAX(0,ROUND(G54+Materiales!$H$11-F56-G55,4)) | H57: =MAX(0,ROUND(H54+Materiales!$H$11-G56-H55,4)) | I57: =MAX(0,ROUND(I54+Materiales!$H$11-H56-I55,4)) | J57: =MAX(0,ROUND(J54+Materiales!$H$11-I56-J55,4)) | K57: =MAX(0,ROUND(K54+Materiales!$H$11-J56-K55,4)) | L57: =MAX(0,ROUND(L54+Materiales!$H$11-K56-L55,4))
C58: Recepcion de orden planificada | E58: =IF(E57<=0,0,IF(Materiales!$G$11<=0,E57,ROUNDUP(E57/Materiales!$G$11,0)*Materiales!$G$11)) | F58: =IF(F57<=0,0,IF(Materiales!$G$11<=0,F57,ROUNDUP(F57/Materiales!$G$11,0)*Materiales!$G$11)) | G58: =IF(G57<=0,0,IF(Materiales!$G$11<=0,G57,ROUNDUP(G57/Materiales!$G$11,0)*Materiales!$G$11)) | H58: =IF(H57<=0,0,IF(Materiales!$G$11<=0,H57,ROUNDUP(H57/Materiales!$G$11,0)*Materiales!$G$11)) | I58: =IF(I57<=0,0,IF(Materiales!$G$11<=0,I57,ROUNDUP(I57/Materiales!$G$11,0)*Materiales!$G$11)) | J58: =IF(J57<=0,0,IF(Materiales!$G$11<=0,J57,ROUNDUP(J57/Materiales!$G$11,0)*Materiales!$G$11)) | K58: =IF(K57<=0,0,IF(Materiales!$G$11<=0,K57,ROUNDUP(K57/Materiales!$G$11,0)*Materiales!$G$11)) | L58: =IF(L57<=0,0,IF(Materiales!$G$11<=0,L57,ROUNDUP(L57/Materiales!$G$11,0)*Materiales!$G$11))
C59: LANZAMIENTO DE ORDEN — pedir esta semana | E59: =IF(1+Materiales!$F$11>8,0,INDEX($E$58:$L$58,1,1+Materiales!$F$11)) | F59: =IF(2+Materiales!$F$11>8,0,INDEX($E$58:$L$58,1,2+Materiales!$F$11)) | G59: =IF(3+Materiales!$F$11>8,0,INDEX($E$58:$L$58,1,3+Materiales!$F$11)) | H59: =IF(4+Materiales!$F$11>8,0,INDEX($E$58:$L$58,1,4+Materiales!$F$11)) | I59: =IF(5+Materiales!$F$11>8,0,INDEX($E$58:$L$58,1,5+Materiales!$F$11)) | J59: =IF(6+Materiales!$F$11>8,0,INDEX($E$58:$L$58,1,6+Materiales!$F$11)) | K59: =IF(7+Materiales!$F$11>8,0,INDEX($E$58:$L$58,1,7+Materiales!$F$11)) | L59: =IF(8+Materiales!$F$11>8,0,INDEX($E$58:$L$58,1,8+Materiales!$F$11)) | M59: =IF($A54="","",IF(SUMPRODUCT((COLUMN($E$58:$L$58)-4<=Materiales!$F$11)*$E$58:$L$58)>0,"PEDIR YA (atrasado)","OK"))
A61: =IF(Materiales!$A$12="","",Materiales!$A$12) | B61: =IF(Materiales!$B$12="","",Materiales!$B$12) | C61: Necesidad bruta | E61: =ROUND(SUMIF(Consumo!$B$4:$B$103,$A61,Consumo!G$4:G$103),4) | F61: =ROUND(SUMIF(Consumo!$B$4:$B$103,$A61,Consumo!H$4:H$103),4) | G61: =ROUND(SUMIF(Consumo!$B$4:$B$103,$A61,Consumo!I$4:I$103),4) | H61: =ROUND(SUMIF(Consumo!$B$4:$B$103,$A61,Consumo!J$4:J$103),4) | I61: =ROUND(SUMIF(Consumo!$B$4:$B$103,$A61,Consumo!K$4:K$103),4) | J61: =ROUND(SUMIF(Consumo!$B$4:$B$103,$A61,Consumo!L$4:L$103),4) | K61: =ROUND(SUMIF(Consumo!$B$4:$B$103,$A61,Consumo!M$4:M$103),4) | L61: =ROUND(SUMIF(Consumo!$B$4:$B$103,$A61,Consumo!N$4:N$103),4)
C62: Recepciones programadas (ya pedido) | E62: =SUMIF(Inventario!$A$5:$A$29,$A61,Inventario!E$5:E$29) | F62: =SUMIF(Inventario!$A$5:$A$29,$A61,Inventario!F$5:F$29) | G62: =SUMIF(Inventario!$A$5:$A$29,$A61,Inventario!G$5:G$29) | H62: =SUMIF(Inventario!$A$5:$A$29,$A61,Inventario!H$5:H$29) | I62: =SUMIF(Inventario!$A$5:$A$29,$A61,Inventario!I$5:I$29) | J62: =SUMIF(Inventario!$A$5:$A$29,$A61,Inventario!J$5:J$29) | K62: =SUMIF(Inventario!$A$5:$A$29,$A61,Inventario!K$5:K$29) | L62: =SUMIF(Inventario!$A$5:$A$29,$A61,Inventario!L$5:L$29)
C63: Stock proyectado disponible | D63: =SUMIF(Inventario!$A$5:$A$29,$A61,Inventario!$C$5:$C$29) | E63: =D63+E62+E65-E61 | F63: =E63+F62+F65-F61 | G63: =F63+G62+G65-G61 | H63: =G63+H62+H65-H61 | I63: =H63+I62+I65-I61 | J63: =I63+J62+J65-J61 | K63: =J63+K62+K65-K61 | L63: =K63+L62+L65-L61
C64: Necesidad neta | E64: =MAX(0,ROUND(E61+Materiales!$H$12-D63-E62,4)) | F64: =MAX(0,ROUND(F61+Materiales!$H$12-E63-F62,4)) | G64: =MAX(0,ROUND(G61+Materiales!$H$12-F63-G62,4)) | H64: =MAX(0,ROUND(H61+Materiales!$H$12-G63-H62,4)) | I64: =MAX(0,ROUND(I61+Materiales!$H$12-H63-I62,4)) | J64: =MAX(0,ROUND(J61+Materiales!$H$12-I63-J62,4)) | K64: =MAX(0,ROUND(K61+Materiales!$H$12-J63-K62,4)) | L64: =MAX(0,ROUND(L61+Materiales!$H$12-K63-L62,4))
C65: Recepcion de orden planificada | E65: =IF(E64<=0,0,IF(Materiales!$G$12<=0,E64,ROUNDUP(E64/Materiales!$G$12,0)*Materiales!$G$12)) | F65: =IF(F64<=0,0,IF(Materiales!$G$12<=0,F64,ROUNDUP(F64/Materiales!$G$12,0)*Materiales!$G$12)) | G65: =IF(G64<=0,0,IF(Materiales!$G$12<=0,G64,ROUNDUP(G64/Materiales!$G$12,0)*Materiales!$G$12)) | H65: =IF(H64<=0,0,IF(Materiales!$G$12<=0,H64,ROUNDUP(H64/Materiales!$G$12,0)*Materiales!$G$12)) | I65: =IF(I64<=0,0,IF(Materiales!$G$12<=0,I64,ROUNDUP(I64/Materiales!$G$12,0)*Materiales!$G$12)) | J65: =IF(J64<=0,0,IF(Materiales!$G$12<=0,J64,ROUNDUP(J64/Materiales!$G$12,0)*Materiales!$G$12)) | K65: =IF(K64<=0,0,IF(Materiales!$G$12<=0,K64,ROUNDUP(K64/Materiales!$G$12,0)*Materiales!$G$12)) | L65: =IF(L64<=0,0,IF(Materiales!$G$12<=0,L64,ROUNDUP(L64/Materiales!$G$12,0)*Materiales!$G$12))
C66: LANZAMIENTO DE ORDEN — pedir esta semana | E66: =IF(1+Materiales!$F$12>8,0,INDEX($E$65:$L$65,1,1+Materiales!$F$12)) | F66: =IF(2+Materiales!$F$12>8,0,INDEX($E$65:$L$65,1,2+Materiales!$F$12)) | G66: =IF(3+Materiales!$F$12>8,0,INDEX($E$65:$L$65,1,3+Materiales!$F$12)) | H66: =IF(4+Materiales!$F$12>8,0,INDEX($E$65:$L$65,1,4+Materiales!$F$12)) | I66: =IF(5+Materiales!$F$12>8,0,INDEX($E$65:$L$65,1,5+Materiales!$F$12)) | J66: =IF(6+Materiales!$F$12>8,0,INDEX($E$65:$L$65,1,6+Materiales!$F$12)) | K66: =IF(7+Materiales!$F$12>8,0,INDEX($E$65:$L$65,1,7+Materiales!$F$12)) | L66: =IF(8+Materiales!$F$12>8,0,INDEX($E$65:$L$65,1,8+Materiales!$F$12)) | M66: =IF($A61="","",IF(SUMPRODUCT((COLUMN($E$65:$L$65)-4<=Materiales!$F$12)*$E$65:$L$65)>0,"PEDIR YA (atrasado)","OK"))
A68: =IF(Materiales!$A$13="","",Materiales!$A$13) | B68: =IF(Materiales!$B$13="","",Materiales!$B$13) | C68: Necesidad bruta | E68: =ROUND(SUMIF(Consumo!$B$4:$B$103,$A68,Consumo!G$4:G$103),4) | F68: =ROUND(SUMIF(Consumo!$B$4:$B$103,$A68,Consumo!H$4:H$103),4) | G68: =ROUND(SUMIF(Consumo!$B$4:$B$103,$A68,Consumo!I$4:I$103),4) | H68: =ROUND(SUMIF(Consumo!$B$4:$B$103,$A68,Consumo!J$4:J$103),4) | I68: =ROUND(SUMIF(Consumo!$B$4:$B$103,$A68,Consumo!K$4:K$103),4) | J68: =ROUND(SUMIF(Consumo!$B$4:$B$103,$A68,Consumo!L$4:L$103),4) | K68: =ROUND(SUMIF(Consumo!$B$4:$B$103,$A68,Consumo!M$4:M$103),4) | L68: =ROUND(SUMIF(Consumo!$B$4:$B$103,$A68,Consumo!N$4:N$103),4)
C69: Recepciones programadas (ya pedido) | E69: =SUMIF(Inventario!$A$5:$A$29,$A68,Inventario!E$5:E$29) | F69: =SUMIF(Inventario!$A$5:$A$29,$A68,Inventario!F$5:F$29) | G69: =SUMIF(Inventario!$A$5:$A$29,$A68,Inventario!G$5:G$29) | H69: =SUMIF(Inventario!$A$5:$A$29,$A68,Inventario!H$5:H$29) | I69: =SUMIF(Inventario!$A$5:$A$29,$A68,Inventario!I$5:I$29) | J69: =SUMIF(Inventario!$A$5:$A$29,$A68,Inventario!J$5:J$29) | K69: =SUMIF(Inventario!$A$5:$A$29,$A68,Inventario!K$5:K$29) | L69: =SUMIF(Inventario!$A$5:$A$29,$A68,Inventario!L$5:L$29)
C70: Stock proyectado disponible | D70: =SUMIF(Inventario!$A$5:$A$29,$A68,Inventario!$C$5:$C$29) | E70: =D70+E69+E72-E68 | F70: =E70+F69+F72-F68 | G70: =F70+G69+G72-G68 | H70: =G70+H69+H72-H68 | I70: =H70+I69+I72-I68 | J70: =I70+J69+J72-J68 | K70: =J70+K69+K72-K68 | L70: =K70+L69+L72-L68
C71: Necesidad neta | E71: =MAX(0,ROUND(E68+Materiales!$H$13-D70-E69,4)) | F71: =MAX(0,ROUND(F68+Materiales!$H$13-E70-F69,4)) | G71: =MAX(0,ROUND(G68+Materiales!$H$13-F70-G69,4)) | H71: =MAX(0,ROUND(H68+Materiales!$H$13-G70-H69,4)) | I71: =MAX(0,ROUND(I68+Materiales!$H$13-H70-I69,4)) | J71: =MAX(0,ROUND(J68+Materiales!$H$13-I70-J69,4)) | K71: =MAX(0,ROUND(K68+Materiales!$H$13-J70-K69,4)) | L71: =MAX(0,ROUND(L68+Materiales!$H$13-K70-L69,4))
C72: Recepcion de orden planificada | E72: =IF(E71<=0,0,IF(Materiales!$G$13<=0,E71,ROUNDUP(E71/Materiales!$G$13,0)*Materiales!$G$13)) | F72: =IF(F71<=0,0,IF(Materiales!$G$13<=0,F71,ROUNDUP(F71/Materiales!$G$13,0)*Materiales!$G$13)) | G72: =IF(G71<=0,0,IF(Materiales!$G$13<=0,G71,ROUNDUP(G71/Materiales!$G$13,0)*Materiales!$G$13)) | H72: =IF(H71<=0,0,IF(Materiales!$G$13<=0,H71,ROUNDUP(H71/Materiales!$G$13,0)*Materiales!$G$13)) | I72: =IF(I71<=0,0,IF(Materiales!$G$13<=0,I71,ROUNDUP(I71/Materiales!$G$13,0)*Materiales!$G$13)) | J72: =IF(J71<=0,0,IF(Materiales!$G$13<=0,J71,ROUNDUP(J71/Materiales!$G$13,0)*Materiales!$G$13)) | K72: =IF(K71<=0,0,IF(Materiales!$G$13<=0,K71,ROUNDUP(K71/Materiales!$G$13,0)*Materiales!$G$13)) | L72: =IF(L71<=0,0,IF(Materiales!$G$13<=0,L71,ROUNDUP(L71/Materiales!$G$13,0)*Materiales!$G$13))
C73: LANZAMIENTO DE ORDEN — pedir esta semana | E73: =IF(1+Materiales!$F$13>8,0,INDEX($E$72:$L$72,1,1+Materiales!$F$13)) | F73: =IF(2+Materiales!$F$13>8,0,INDEX($E$72:$L$72,1,2+Materiales!$F$13)) | G73: =IF(3+Materiales!$F$13>8,0,INDEX($E$72:$L$72,1,3+Materiales!$F$13)) | H73: =IF(4+Materiales!$F$13>8,0,INDEX($E$72:$L$72,1,4+Materiales!$F$13)) | I73: =IF(5+Materiales!$F$13>8,0,INDEX($E$72:$L$72,1,5+Materiales!$F$13)) | J73: =IF(6+Materiales!$F$13>8,0,INDEX($E$72:$L$72,1,6+Materiales!$F$13)) | K73: =IF(7+Materiales!$F$13>8,0,INDEX($E$72:$L$72,1,7+Materiales!$F$13)) | L73: =IF(8+Materiales!$F$13>8,0,INDEX($E$72:$L$72,1,8+Materiales!$F$13)) | M73: =IF($A68="","",IF(SUMPRODUCT((COLUMN($E$72:$L$72)-4<=Materiales!$F$13)*$E$72:$L$72)>0,"PEDIR YA (atrasado)","OK"))
A75: =IF(Materiales!$A$14="","",Materiales!$A$14) | B75: =IF(Materiales!$B$14="","",Materiales!$B$14) | C75: Necesidad bruta | E75: =ROUND(SUMIF(Consumo!$B$4:$B$103,$A75,Consumo!G$4:G$103),4) | F75: =ROUND(SUMIF(Consumo!$B$4:$B$103,$A75,Consumo!H$4:H$103),4) | G75: =ROUND(SUMIF(Consumo!$B$4:$B$103,$A75,Consumo!I$4:I$103),4) | H75: =ROUND(SUMIF(Consumo!$B$4:$B$103,$A75,Consumo!J$4:J$103),4) | I75: =ROUND(SUMIF(Consumo!$B$4:$B$103,$A75,Consumo!K$4:K$103),4) | J75: =ROUND(SUMIF(Consumo!$B$4:$B$103,$A75,Consumo!L$4:L$103),4) | K75: =ROUND(SUMIF(Consumo!$B$4:$B$103,$A75,Consumo!M$4:M$103),4) | L75: =ROUND(SUMIF(Consumo!$B$4:$B$103,$A75,Consumo!N$4:N$103),4)
C76: Recepciones programadas (ya pedido) | E76: =SUMIF(Inventario!$A$5:$A$29,$A75,Inventario!E$5:E$29) | F76: =SUMIF(Inventario!$A$5:$A$29,$A75,Inventario!F$5:F$29) | G76: =SUMIF(Inventario!$A$5:$A$29,$A75,Inventario!G$5:G$29) | H76: =SUMIF(Inventario!$A$5:$A$29,$A75,Inventario!H$5:H$29) | I76: =SUMIF(Inventario!$A$5:$A$29,$A75,Inventario!I$5:I$29) | J76: =SUMIF(Inventario!$A$5:$A$29,$A75,Inventario!J$5:J$29) | K76: =SUMIF(Inventario!$A$5:$A$29,$A75,Inventario!K$5:K$29) | L76: =SUMIF(Inventario!$A$5:$A$29,$A75,Inventario!L$5:L$29)
C77: Stock proyectado disponible | D77: =SUMIF(Inventario!$A$5:$A$29,$A75,Inventario!$C$5:$C$29) | E77: =D77+E76+E79-E75 | F77: =E77+F76+F79-F75 | G77: =F77+G76+G79-G75 | H77: =G77+H76+H79-H75 | I77: =H77+I76+I79-I75 | J77: =I77+J76+J79-J75 | K77: =J77+K76+K79-K75 | L77: =K77+L76+L79-L75
C78: Necesidad neta | E78: =MAX(0,ROUND(E75+Materiales!$H$14-D77-E76,4)) | F78: =MAX(0,ROUND(F75+Materiales!$H$14-E77-F76,4)) | G78: =MAX(0,ROUND(G75+Materiales!$H$14-F77-G76,4)) | H78: =MAX(0,ROUND(H75+Materiales!$H$14-G77-H76,4)) | I78: =MAX(0,ROUND(I75+Materiales!$H$14-H77-I76,4)) | J78: =MAX(0,ROUND(J75+Materiales!$H$14-I77-J76,4)) | K78: =MAX(0,ROUND(K75+Materiales!$H$14-J77-K76,4)) | L78: =MAX(0,ROUND(L75+Materiales!$H$14-K77-L76,4))
C79: Recepcion de orden planificada | E79: =IF(E78<=0,0,IF(Materiales!$G$14<=0,E78,ROUNDUP(E78/Materiales!$G$14,0)*Materiales!$G$14)) | F79: =IF(F78<=0,0,IF(Materiales!$G$14<=0,F78,ROUNDUP(F78/Materiales!$G$14,0)*Materiales!$G$14)) | G79: =IF(G78<=0,0,IF(Materiales!$G$14<=0,G78,ROUNDUP(G78/Materiales!$G$14,0)*Materiales!$G$14)) | H79: =IF(H78<=0,0,IF(Materiales!$G$14<=0,H78,ROUNDUP(H78/Materiales!$G$14,0)*Materiales!$G$14)) | I79: =IF(I78<=0,0,IF(Materiales!$G$14<=0,I78,ROUNDUP(I78/Materiales!$G$14,0)*Materiales!$G$14)) | J79: =IF(J78<=0,0,IF(Materiales!$G$14<=0,J78,ROUNDUP(J78/Materiales!$G$14,0)*Materiales!$G$14)) | K79: =IF(K78<=0,0,IF(Materiales!$G$14<=0,K78,ROUNDUP(K78/Materiales!$G$14,0)*Materiales!$G$14)) | L79: =IF(L78<=0,0,IF(Materiales!$G$14<=0,L78,ROUNDUP(L78/Materiales!$G$14,0)*Materiales!$G$14))
C80: LANZAMIENTO DE ORDEN — pedir esta semana | E80: =IF(1+Materiales!$F$14>8,0,INDEX($E$79:$L$79,1,1+Materiales!$F$14)) | F80: =IF(2+Materiales!$F$14>8,0,INDEX($E$79:$L$79,1,2+Materiales!$F$14)) | G80: =IF(3+Materiales!$F$14>8,0,INDEX($E$79:$L$79,1,3+Materiales!$F$14)) | H80: =IF(4+Materiales!$F$14>8,0,INDEX($E$79:$L$79,1,4+Materiales!$F$14)) | I80: =IF(5+Materiales!$F$14>8,0,INDEX($E$79:$L$79,1,5+Materiales!$F$14)) | J80: =IF(6+Materiales!$F$14>8,0,INDEX($E$79:$L$79,1,6+Materiales!$F$14)) | K80: =IF(7+Materiales!$F$14>8,0,INDEX($E$79:$L$79,1,7+Materiales!$F$14)) | L80: =IF(8+Materiales!$F$14>8,0,INDEX($E$79:$L$79,1,8+Materiales!$F$14)) | M80: =IF($A75="","",IF(SUMPRODUCT((COLUMN($E$79:$L$79)-4<=Materiales!$F$14)*$E$79:$L$79)>0,"PEDIR YA (atrasado)","OK"))
A82: =IF(Materiales!$A$15="","",Materiales!$A$15) | B82: =IF(Materiales!$B$15="","",Materiales!$B$15) | C82: Necesidad bruta | E82: =ROUND(SUMIF(Consumo!$B$4:$B$103,$A82,Consumo!G$4:G$103),4) | F82: =ROUND(SUMIF(Consumo!$B$4:$B$103,$A82,Consumo!H$4:H$103),4) | G82: =ROUND(SUMIF(Consumo!$B$4:$B$103,$A82,Consumo!I$4:I$103),4) | H82: =ROUND(SUMIF(Consumo!$B$4:$B$103,$A82,Consumo!J$4:J$103),4) | I82: =ROUND(SUMIF(Consumo!$B$4:$B$103,$A82,Consumo!K$4:K$103),4) | J82: =ROUND(SUMIF(Consumo!$B$4:$B$103,$A82,Consumo!L$4:L$103),4) | K82: =ROUND(SUMIF(Consumo!$B$4:$B$103,$A82,Consumo!M$4:M$103),4) | L82: =ROUND(SUMIF(Consumo!$B$4:$B$103,$A82,Consumo!N$4:N$103),4)
C83: Recepciones programadas (ya pedido) | E83: =SUMIF(Inventario!$A$5:$A$29,$A82,Inventario!E$5:E$29) | F83: =SUMIF(Inventario!$A$5:$A$29,$A82,Inventario!F$5:F$29) | G83: =SUMIF(Inventario!$A$5:$A$29,$A82,Inventario!G$5:G$29) | H83: =SUMIF(Inventario!$A$5:$A$29,$A82,Inventario!H$5:H$29) | I83: =SUMIF(Inventario!$A$5:$A$29,$A82,Inventario!I$5:I$29) | J83: =SUMIF(Inventario!$A$5:$A$29,$A82,Inventario!J$5:J$29) | K83: =SUMIF(Inventario!$A$5:$A$29,$A82,Inventario!K$5:K$29) | L83: =SUMIF(Inventario!$A$5:$A$29,$A82,Inventario!L$5:L$29)
C84: Stock proyectado disponible | D84: =SUMIF(Inventario!$A$5:$A$29,$A82,Inventario!$C$5:$C$29) | E84: =D84+E83+E86-E82 | F84: =E84+F83+F86-F82 | G84: =F84+G83+G86-G82 | H84: =G84+H83+H86-H82 | I84: =H84+I83+I86-I82 | J84: =I84+J83+J86-J82 | K84: =J84+K83+K86-K82 | L84: =K84+L83+L86-L82
C85: Necesidad neta | E85: =MAX(0,ROUND(E82+Materiales!$H$15-D84-E83,4)) | F85: =MAX(0,ROUND(F82+Materiales!$H$15-E84-F83,4)) | G85: =MAX(0,ROUND(G82+Materiales!$H$15-F84-G83,4)) | H85: =MAX(0,ROUND(H82+Materiales!$H$15-G84-H83,4)) | I85: =MAX(0,ROUND(I82+Materiales!$H$15-H84-I83,4)) | J85: =MAX(0,ROUND(J82+Materiales!$H$15-I84-J83,4)) | K85: =MAX(0,ROUND(K82+Materiales!$H$15-J84-K83,4)) | L85: =MAX(0,ROUND(L82+Materiales!$H$15-K84-L83,4))
C86: Recepcion de orden planificada | E86: =IF(E85<=0,0,IF(Materiales!$G$15<=0,E85,ROUNDUP(E85/Materiales!$G$15,0)*Materiales!$G$15)) | F86: =IF(F85<=0,0,IF(Materiales!$G$15<=0,F85,ROUNDUP(F85/Materiales!$G$15,0)*Materiales!$G$15)) | G86: =IF(G85<=0,0,IF(Materiales!$G$15<=0,G85,ROUNDUP(G85/Materiales!$G$15,0)*Materiales!$G$15)) | H86: =IF(H85<=0,0,IF(Materiales!$G$15<=0,H85,ROUNDUP(H85/Materiales!$G$15,0)*Materiales!$G$15)) | I86: =IF(I85<=0,0,IF(Materiales!$G$15<=0,I85,ROUNDUP(I85/Materiales!$G$15,0)*Materiales!$G$15)) | J86: =IF(J85<=0,0,IF(Materiales!$G$15<=0,J85,ROUNDUP(J85/Materiales!$G$15,0)*Materiales!$G$15)) | K86: =IF(K85<=0,0,IF(Materiales!$G$15<=0,K85,ROUNDUP(K85/Materiales!$G$15,0)*Materiales!$G$15)) | L86: =IF(L85<=0,0,IF(Materiales!$G$15<=0,L85,ROUNDUP(L85/Materiales!$G$15,0)*Materiales!$G$15))
C87: LANZAMIENTO DE ORDEN — pedir esta semana | E87: =IF(1+Materiales!$F$15>8,0,INDEX($E$86:$L$86,1,1+Materiales!$F$15)) | F87: =IF(2+Materiales!$F$15>8,0,INDEX($E$86:$L$86,1,2+Materiales!$F$15)) | G87: =IF(3+Materiales!$F$15>8,0,INDEX($E$86:$L$86,1,3+Materiales!$F$15)) | H87: =IF(4+Materiales!$F$15>8,0,INDEX($E$86:$L$86,1,4+Materiales!$F$15)) | I87: =IF(5+Materiales!$F$15>8,0,INDEX($E$86:$L$86,1,5+Materiales!$F$15)) | J87: =IF(6+Materiales!$F$15>8,0,INDEX($E$86:$L$86,1,6+Materiales!$F$15)) | K87: =IF(7+Materiales!$F$15>8,0,INDEX($E$86:$L$86,1,7+Materiales!$F$15)) | L87: =IF(8+Materiales!$F$15>8,0,INDEX($E$86:$L$86,1,8+Materiales!$F$15)) | M87: =IF($A82="","",IF(SUMPRODUCT((COLUMN($E$86:$L$86)-4<=Materiales!$F$15)*$E$86:$L$86)>0,"PEDIR YA (atrasado)","OK"))
A89: =IF(Materiales!$A$16="","",Materiales!$A$16) | B89: =IF(Materiales!$B$16="","",Materiales!$B$16) | C89: Necesidad bruta | E89: =ROUND(SUMIF(Consumo!$B$4:$B$103,$A89,Consumo!G$4:G$103),4) | F89: =ROUND(SUMIF(Consumo!$B$4:$B$103,$A89,Consumo!H$4:H$103),4) | G89: =ROUND(SUMIF(Consumo!$B$4:$B$103,$A89,Consumo!I$4:I$103),4) | H89: =ROUND(SUMIF(Consumo!$B$4:$B$103,$A89,Consumo!J$4:J$103),4) | I89: =ROUND(SUMIF(Consumo!$B$4:$B$103,$A89,Consumo!K$4:K$103),4) | J89: =ROUND(SUMIF(Consumo!$B$4:$B$103,$A89,Consumo!L$4:L$103),4) | K89: =ROUND(SUMIF(Consumo!$B$4:$B$103,$A89,Consumo!M$4:M$103),4) | L89: =ROUND(SUMIF(Consumo!$B$4:$B$103,$A89,Consumo!N$4:N$103),4)
C90: Recepciones programadas (ya pedido) | E90: =SUMIF(Inventario!$A$5:$A$29,$A89,Inventario!E$5:E$29) | F90: =SUMIF(Inventario!$A$5:$A$29,$A89,Inventario!F$5:F$29) | G90: =SUMIF(Inventario!$A$5:$A$29,$A89,Inventario!G$5:G$29) | H90: =SUMIF(Inventario!$A$5:$A$29,$A89,Inventario!H$5:H$29) | I90: =SUMIF(Inventario!$A$5:$A$29,$A89,Inventario!I$5:I$29) | J90: =SUMIF(Inventario!$A$5:$A$29,$A89,Inventario!J$5:J$29) | K90: =SUMIF(Inventario!$A$5:$A$29,$A89,Inventario!K$5:K$29) | L90: =SUMIF(Inventario!$A$5:$A$29,$A89,Inventario!L$5:L$29)
C91: Stock proyectado disponible | D91: =SUMIF(Inventario!$A$5:$A$29,$A89,Inventario!$C$5:$C$29) | E91: =D91+E90+E93-E89 | F91: =E91+F90+F93-F89 | G91: =F91+G90+G93-G89 | H91: =G91+H90+H93-H89 | I91: =H91+I90+I93-I89 | J91: =I91+J90+J93-J89 | K91: =J91+K90+K93-K89 | L91: =K91+L90+L93-L89
C92: Necesidad neta | E92: =MAX(0,ROUND(E89+Materiales!$H$16-D91-E90,4)) | F92: =MAX(0,ROUND(F89+Materiales!$H$16-E91-F90,4)) | G92: =MAX(0,ROUND(G89+Materiales!$H$16-F91-G90,4)) | H92: =MAX(0,ROUND(H89+Materiales!$H$16-G91-H90,4)) | I92: =MAX(0,ROUND(I89+Materiales!$H$16-H91-I90,4)) | J92: =MAX(0,ROUND(J89+Materiales!$H$16-I91-J90,4)) | K92: =MAX(0,ROUND(K89+Materiales!$H$16-J91-K90,4)) | L92: =MAX(0,ROUND(L89+Materiales!$H$16-K91-L90,4))
C93: Recepcion de orden planificada | E93: =IF(E92<=0,0,IF(Materiales!$G$16<=0,E92,ROUNDUP(E92/Materiales!$G$16,0)*Materiales!$G$16)) | F93: =IF(F92<=0,0,IF(Materiales!$G$16<=0,F92,ROUNDUP(F92/Materiales!$G$16,0)*Materiales!$G$16)) | G93: =IF(G92<=0,0,IF(Materiales!$G$16<=0,G92,ROUNDUP(G92/Materiales!$G$16,0)*Materiales!$G$16)) | H93: =IF(H92<=0,0,IF(Materiales!$G$16<=0,H92,ROUNDUP(H92/Materiales!$G$16,0)*Materiales!$G$16)) | I93: =IF(I92<=0,0,IF(Materiales!$G$16<=0,I92,ROUNDUP(I92/Materiales!$G$16,0)*Materiales!$G$16)) | J93: =IF(J92<=0,0,IF(Materiales!$G$16<=0,J92,ROUNDUP(J92/Materiales!$G$16,0)*Materiales!$G$16)) | K93: =IF(K92<=0,0,IF(Materiales!$G$16<=0,K92,ROUNDUP(K92/Materiales!$G$16,0)*Materiales!$G$16)) | L93: =IF(L92<=0,0,IF(Materiales!$G$16<=0,L92,ROUNDUP(L92/Materiales!$G$16,0)*Materiales!$G$16))
C94: LANZAMIENTO DE ORDEN — pedir esta semana | E94: =IF(1+Materiales!$F$16>8,0,INDEX($E$93:$L$93,1,1+Materiales!$F$16)) | F94: =IF(2+Materiales!$F$16>8,0,INDEX($E$93:$L$93,1,2+Materiales!$F$16)) | G94: =IF(3+Materiales!$F$16>8,0,INDEX($E$93:$L$93,1,3+Materiales!$F$16)) | H94: =IF(4+Materiales!$F$16>8,0,INDEX($E$93:$L$93,1,4+Materiales!$F$16)) | I94: =IF(5+Materiales!$F$16>8,0,INDEX($E$93:$L$93,1,5+Materiales!$F$16)) | J94: =IF(6+Materiales!$F$16>8,0,INDEX($E$93:$L$93,1,6+Materiales!$F$16)) | K94: =IF(7+Materiales!$F$16>8,0,INDEX($E$93:$L$93,1,7+Materiales!$F$16)) | L94: =IF(8+Materiales!$F$16>8,0,INDEX($E$93:$L$93,1,8+Materiales!$F$16)) | M94: =IF($A89="","",IF(SUMPRODUCT((COLUMN($E$93:$L$93)-4<=Materiales!$F$16)*$E$93:$L$93)>0,"PEDIR YA (atrasado)","OK"))
A96: =IF(Materiales!$A$17="","",Materiales!$A$17) | B96: =IF(Materiales!$B$17="","",Materiales!$B$17) | C96: Necesidad bruta | E96: =ROUND(SUMIF(Consumo!$B$4:$B$103,$A96,Consumo!G$4:G$103),4) | F96: =ROUND(SUMIF(Consumo!$B$4:$B$103,$A96,Consumo!H$4:H$103),4) | G96: =ROUND(SUMIF(Consumo!$B$4:$B$103,$A96,Consumo!I$4:I$103),4) | H96: =ROUND(SUMIF(Consumo!$B$4:$B$103,$A96,Consumo!J$4:J$103),4) | I96: =ROUND(SUMIF(Consumo!$B$4:$B$103,$A96,Consumo!K$4:K$103),4) | J96: =ROUND(SUMIF(Consumo!$B$4:$B$103,$A96,Consumo!L$4:L$103),4) | K96: =ROUND(SUMIF(Consumo!$B$4:$B$103,$A96,Consumo!M$4:M$103),4) | L96: =ROUND(SUMIF(Consumo!$B$4:$B$103,$A96,Consumo!N$4:N$103),4)
C97: Recepciones programadas (ya pedido) | E97: =SUMIF(Inventario!$A$5:$A$29,$A96,Inventario!E$5:E$29) | F97: =SUMIF(Inventario!$A$5:$A$29,$A96,Inventario!F$5:F$29) | G97: =SUMIF(Inventario!$A$5:$A$29,$A96,Inventario!G$5:G$29) | H97: =SUMIF(Inventario!$A$5:$A$29,$A96,Inventario!H$5:H$29) | I97: =SUMIF(Inventario!$A$5:$A$29,$A96,Inventario!I$5:I$29) | J97: =SUMIF(Inventario!$A$5:$A$29,$A96,Inventario!J$5:J$29) | K97: =SUMIF(Inventario!$A$5:$A$29,$A96,Inventario!K$5:K$29) | L97: =SUMIF(Inventario!$A$5:$A$29,$A96,Inventario!L$5:L$29)
C98: Stock proyectado disponible | D98: =SUMIF(Inventario!$A$5:$A$29,$A96,Inventario!$C$5:$C$29) | E98: =D98+E97+E100-E96 | F98: =E98+F97+F100-F96 | G98: =F98+G97+G100-G96 | H98: =G98+H97+H100-H96 | I98: =H98+I97+I100-I96 | J98: =I98+J97+J100-J96 | K98: =J98+K97+K100-K96 | L98: =K98+L97+L100-L96
C99: Necesidad neta | E99: =MAX(0,ROUND(E96+Materiales!$H$17-D98-E97,4)) | F99: =MAX(0,ROUND(F96+Materiales!$H$17-E98-F97,4)) | G99: =MAX(0,ROUND(G96+Materiales!$H$17-F98-G97,4)) | H99: =MAX(0,ROUND(H96+Materiales!$H$17-G98-H97,4)) | I99: =MAX(0,ROUND(I96+Materiales!$H$17-H98-I97,4)) | J99: =MAX(0,ROUND(J96+Materiales!$H$17-I98-J97,4)) | K99: =MAX(0,ROUND(K96+Materiales!$H$17-J98-K97,4)) | L99: =MAX(0,ROUND(L96+Materiales!$H$17-K98-L97,4))
C100: Recepcion de orden planificada | E100: =IF(E99<=0,0,IF(Materiales!$G$17<=0,E99,ROUNDUP(E99/Materiales!$G$17,0)*Materiales!$G$17)) | F100: =IF(F99<=0,0,IF(Materiales!$G$17<=0,F99,ROUNDUP(F99/Materiales!$G$17,0)*Materiales!$G$17)) | G100: =IF(G99<=0,0,IF(Materiales!$G$17<=0,G99,ROUNDUP(G99/Materiales!$G$17,0)*Materiales!$G$17)) | H100: =IF(H99<=0,0,IF(Materiales!$G$17<=0,H99,ROUNDUP(H99/Materiales!$G$17,0)*Materiales!$G$17)) | I100: =IF(I99<=0,0,IF(Materiales!$G$17<=0,I99,ROUNDUP(I99/Materiales!$G$17,0)*Materiales!$G$17)) | J100: =IF(J99<=0,0,IF(Materiales!$G$17<=0,J99,ROUNDUP(J99/Materiales!$G$17,0)*Materiales!$G$17)) | K100: =IF(K99<=0,0,IF(Materiales!$G$17<=0,K99,ROUNDUP(K99/Materiales!$G$17,0)*Materiales!$G$17)) | L100: =IF(L99<=0,0,IF(Materiales!$G$17<=0,L99,ROUNDUP(L99/Materiales!$G$17,0)*Materiales!$G$17))
C101: LANZAMIENTO DE ORDEN — pedir esta semana | E101: =IF(1+Materiales!$F$17>8,0,INDEX($E$100:$L$100,1,1+Materiales!$F$17)) | F101: =IF(2+Materiales!$F$17>8,0,INDEX($E$100:$L$100,1,2+Materiales!$F$17)) | G101: =IF(3+Materiales!$F$17>8,0,INDEX($E$100:$L$100,1,3+Materiales!$F$17)) | H101: =IF(4+Materiales!$F$17>8,0,INDEX($E$100:$L$100,1,4+Materiales!$F$17)) | I101: =IF(5+Materiales!$F$17>8,0,INDEX($E$100:$L$100,1,5+Materiales!$F$17)) | J101: =IF(6+Materiales!$F$17>8,0,INDEX($E$100:$L$100,1,6+Materiales!$F$17)) | K101: =IF(7+Materiales!$F$17>8,0,INDEX($E$100:$L$100,1,7+Materiales!$F$17)) | L101: =IF(8+Materiales!$F$17>8,0,INDEX($E$100:$L$100,1,8+Materiales!$F$17)) | M101: =IF($A96="","",IF(SUMPRODUCT((COLUMN($E$100:$L$100)-4<=Materiales!$F$17)*$E$100:$L$100)>0,"PEDIR YA (atrasado)","OK"))
A103: =IF(Materiales!$A$18="","",Materiales!$A$18) | B103: =IF(Materiales!$B$18="","",Materiales!$B$18) | C103: Necesidad bruta | E103: =ROUND(SUMIF(Consumo!$B$4:$B$103,$A103,Consumo!G$4:G$103),4) | F103: =ROUND(SUMIF(Consumo!$B$4:$B$103,$A103,Consumo!H$4:H$103),4) | G103: =ROUND(SUMIF(Consumo!$B$4:$B$103,$A103,Consumo!I$4:I$103),4) | H103: =ROUND(SUMIF(Consumo!$B$4:$B$103,$A103,Consumo!J$4:J$103),4) | I103: =ROUND(SUMIF(Consumo!$B$4:$B$103,$A103,Consumo!K$4:K$103),4) | J103: =ROUND(SUMIF(Consumo!$B$4:$B$103,$A103,Consumo!L$4:L$103),4) | K103: =ROUND(SUMIF(Consumo!$B$4:$B$103,$A103,Consumo!M$4:M$103),4) | L103: =ROUND(SUMIF(Consumo!$B$4:$B$103,$A103,Consumo!N$4:N$103),4)
C104: Recepciones programadas (ya pedido) | E104: =SUMIF(Inventario!$A$5:$A$29,$A103,Inventario!E$5:E$29) | F104: =SUMIF(Inventario!$A$5:$A$29,$A103,Inventario!F$5:F$29) | G104: =SUMIF(Inventario!$A$5:$A$29,$A103,Inventario!G$5:G$29) | H104: =SUMIF(Inventario!$A$5:$A$29,$A103,Inventario!H$5:H$29) | I104: =SUMIF(Inventario!$A$5:$A$29,$A103,Inventario!I$5:I$29) | J104: =SUMIF(Inventario!$A$5:$A$29,$A103,Inventario!J$5:J$29) | K104: =SUMIF(Inventario!$A$5:$A$29,$A103,Inventario!K$5:K$29) | L104: =SUMIF(Inventario!$A$5:$A$29,$A103,Inventario!L$5:L$29)
C105: Stock proyectado disponible | D105: =SUMIF(Inventario!$A$5:$A$29,$A103,Inventario!$C$5:$C$29) | E105: =D105+E104+E107-E103 | F105: =E105+F104+F107-F103 | G105: =F105+G104+G107-G103 | H105: =G105+H104+H107-H103 | I105: =H105+I104+I107-I103 | J105: =I105+J104+J107-J103 | K105: =J105+K104+K107-K103 | L105: =K105+L104+L107-L103
C106: Necesidad neta | E106: =MAX(0,ROUND(E103+Materiales!$H$18-D105-E104,4)) | F106: =MAX(0,ROUND(F103+Materiales!$H$18-E105-F104,4)) | G106: =MAX(0,ROUND(G103+Materiales!$H$18-F105-G104,4)) | H106: =MAX(0,ROUND(H103+Materiales!$H$18-G105-H104,4)) | I106: =MAX(0,ROUND(I103+Materiales!$H$18-H105-I104,4)) | J106: =MAX(0,ROUND(J103+Materiales!$H$18-I105-J104,4)) | K106: =MAX(0,ROUND(K103+Materiales!$H$18-J105-K104,4)) | L106: =MAX(0,ROUND(L103+Materiales!$H$18-K105-L104,4))
C107: Recepcion de orden planificada | E107: =IF(E106<=0,0,IF(Materiales!$G$18<=0,E106,ROUNDUP(E106/Materiales!$G$18,0)*Materiales!$G$18)) | F107: =IF(F106<=0,0,IF(Materiales!$G$18<=0,F106,ROUNDUP(F106/Materiales!$G$18,0)*Materiales!$G$18)) | G107: =IF(G106<=0,0,IF(Materiales!$G$18<=0,G106,ROUNDUP(G106/Materiales!$G$18,0)*Materiales!$G$18)) | H107: =IF(H106<=0,0,IF(Materiales!$G$18<=0,H106,ROUNDUP(H106/Materiales!$G$18,0)*Materiales!$G$18)) | I107: =IF(I106<=0,0,IF(Materiales!$G$18<=0,I106,ROUNDUP(I106/Materiales!$G$18,0)*Materiales!$G$18)) | J107: =IF(J106<=0,0,IF(Materiales!$G$18<=0,J106,ROUNDUP(J106/Materiales!$G$18,0)*Materiales!$G$18)) | K107: =IF(K106<=0,0,IF(Materiales!$G$18<=0,K106,ROUNDUP(K106/Materiales!$G$18,0)*Materiales!$G$18)) | L107: =IF(L106<=0,0,IF(Materiales!$G$18<=0,L106,ROUNDUP(L106/Materiales!$G$18,0)*Materiales!$G$18))
C108: LANZAMIENTO DE ORDEN — pedir esta semana | E108: =IF(1+Materiales!$F$18>8,0,INDEX($E$107:$L$107,1,1+Materiales!$F$18)) | F108: =IF(2+Materiales!$F$18>8,0,INDEX($E$107:$L$107,1,2+Materiales!$F$18)) | G108: =IF(3+Materiales!$F$18>8,0,INDEX($E$107:$L$107,1,3+Materiales!$F$18)) | H108: =IF(4+Materiales!$F$18>8,0,INDEX($E$107:$L$107,1,4+Materiales!$F$18)) | I108: =IF(5+Materiales!$F$18>8,0,INDEX($E$107:$L$107,1,5+Materiales!$F$18)) | J108: =IF(6+Materiales!$F$18>8,0,INDEX($E$107:$L$107,1,6+Materiales!$F$18)) | K108: =IF(7+Materiales!$F$18>8,0,INDEX($E$107:$L$107,1,7+Materiales!$F$18)) | L108: =IF(8+Materiales!$F$18>8,0,INDEX($E$107:$L$107,1,8+Materiales!$F$18)) | M108: =IF($A103="","",IF(SUMPRODUCT((COLUMN($E$107:$L$107)-4<=Materiales!$F$18)*$E$107:$L$107)>0,"PEDIR YA (atrasado)","OK"))

Sheet Ordenes
A1: RESULTADO — Que pedir, cuanto y en que semana
A2: Resumen del renglon LANZAMIENTO DE ORDEN del MRP. Esta es la hoja que le pasas a Logistica.
E3: =Plan!E$3 | F3: =Plan!F$3 | G3: =Plan!G$3 | H3: =Plan!H$3 | I3: =Plan!I$3 | J3: =Plan!J$3 | K3: =Plan!K$3 | L3: =Plan!L$3
A4: Codigo | B4: Material | C4: Unidad | D4: Precio (S/) | E4: Sem 1 | F4: Sem 2 | G4: Sem 3 | H4: Sem 4 | I4: Sem 5 | J4: Sem 6 | K4: Sem 7 | L4: Sem 8 | M4: Total unidades | N4: Total S/
A5: =IF(Materiales!$A$4="","",Materiales!$A$4) | B5: =IF(Materiales!$B$4="","",Materiales!$B$4) | C5: =IF(Materiales!$C$4="","",Materiales!$C$4) | D5: =IF(Materiales!$D$4="","",Materiales!$D$4) | E5: =IF($A5="","",MRP!E10) | F5: =IF($A5="","",MRP!F10) | G5: =IF($A5="","",MRP!G10) | H5: =IF($A5="","",MRP!H10) | I5: =IF($A5="","",MRP!I10) | J5: =IF($A5="","",MRP!J10) | K5: =IF($A5="","",MRP!K10) | L5: =IF($A5="","",MRP!L10) | M5: =IF($A5="","",SUM(E5:L5)) | N5: =IF($A5="","",M5*D5)
A6: =IF(Materiales!$A$5="","",Materiales!$A$5) | B6: =IF(Materiales!$B$5="","",Materiales!$B$5) | C6: =IF(Materiales!$C$5="","",Materiales!$C$5) | D6: =IF(Materiales!$D$5="","",Materiales!$D$5) | E6: =IF($A6="","",MRP!E17) | F6: =IF($A6="","",MRP!F17) | G6: =IF($A6="","",MRP!G17) | H6: =IF($A6="","",MRP!H17) | I6: =IF($A6="","",MRP!I17) | J6: =IF($A6="","",MRP!J17) | K6: =IF($A6="","",MRP!K17) | L6: =IF($A6="","",MRP!L17) | M6: =IF($A6="","",SUM(E6:L6)) | N6: =IF($A6="","",M6*D6)
A7: =IF(Materiales!$A$6="","",Materiales!$A$6) | B7: =IF(Materiales!$B$6="","",Materiales!$B$6) | C7: =IF(Materiales!$C$6="","",Materiales!$C$6) | D7: =IF(Materiales!$D$6="","",Materiales!$D$6) | E7: =IF($A7="","",MRP!E24) | F7: =IF($A7="","",MRP!F24) | G7: =IF($A7="","",MRP!G24) | H7: =IF($A7="","",MRP!H24) | I7: =IF($A7="","",MRP!I24) | J7: =IF($A7="","",MRP!J24) | K7: =IF($A7="","",MRP!K24) | L7: =IF($A7="","",MRP!L24) | M7: =IF($A7="","",SUM(E7:L7)) | N7: =IF($A7="","",M7*D7)
A8: =IF(Materiales!$A$7="","",Materiales!$A$7) | B8: =IF(Materiales!$B$7="","",Materiales!$B$7) | C8: =IF(Materiales!$C$7="","",Materiales!$C$7) | D8: =IF(Materiales!$D$7="","",Materiales!$D$7) | E8: =IF($A8="","",MRP!E31) | F8: =IF($A8="","",MRP!F31) | G8: =IF($A8="","",MRP!G31) | H8: =IF($A8="","",MRP!H31) | I8: =IF($A8="","",MRP!I31) | J8: =IF($A8="","",MRP!J31) | K8: =IF($A8="","",MRP!K31) | L8: =IF($A8="","",MRP!L31) | M8: =IF($A8="","",SUM(E8:L8)) | N8: =IF($A8="","",M8*D8)
A9: =IF(Materiales!$A$8="","",Materiales!$A$8) | B9: =IF(Materiales!$B$8="","",Materiales!$B$8) | C9: =IF(Materiales!$C$8="","",Materiales!$C$8) | D9: =IF(Materiales!$D$8="","",Materiales!$D$8) | E9: =IF($A9="","",MRP!E38) | F9: =IF($A9="","",MRP!F38) | G9: =IF($A9="","",MRP!G38) | H9: =IF($A9="","",MRP!H38) | I9: =IF($A9="","",MRP!I38) | J9: =IF($A9="","",MRP!J38) | K9: =IF($A9="","",MRP!K38) | L9: =IF($A9="","",MRP!L38) | M9: =IF($A9="","",SUM(E9:L9)) | N9: =IF($A9="","",M9*D9)
A10: =IF(Materiales!$A$9="","",Materiales!$A$9) | B10: =IF(Materiales!$B$9="","",Materiales!$B$9) | C10: =IF(Materiales!$C$9="","",Materiales!$C$9) | D10: =IF(Materiales!$D$9="","",Materiales!$D$9) | E10: =IF($A10="","",MRP!E45) | F10: =IF($A10="","",MRP!F45) | G10: =IF($A10="","",MRP!G45) | H10: =IF($A10="","",MRP!H45) | I10: =IF($A10="","",MRP!I45) | J10: =IF($A10="","",MRP!J45) | K10: =IF($A10="","",MRP!K45) | L10: =IF($A10="","",MRP!L45) | M10: =IF($A10="","",SUM(E10:L10)) | N10: =IF($A10="","",M10*D10)
A11: =IF(Materiales!$A$10="","",Materiales!$A$10) | B11: =IF(Materiales!$B$10="","",Materiales!$B$10) | C11: =IF(Materiales!$C$10="","",Materiales!$C$10) | D11: =IF(Materiales!$D$10="","",Materiales!$D$10) | E11: =IF($A11="","",MRP!E52) | F11: =IF($A11="","",MRP!F52) | G11: =IF($A11="","",MRP!G52) | H11: =IF($A11="","",MRP!H52) | I11: =IF($A11="","",MRP!I52) | J11: =IF($A11="","",MRP!J52) | K11: =IF($A11="","",MRP!K52) | L11: =IF($A11="","",MRP!L52) | M11: =IF($A11="","",SUM(E11:L11)) | N11: =IF($A11="","",M11*D11)
A12: =IF(Materiales!$A$11="","",Materiales!$A$11) | B12: =IF(Materiales!$B$11="","",Materiales!$B$11) | C12: =IF(Materiales!$C$11="","",Materiales!$C$11) | D12: =IF(Materiales!$D$11="","",Materiales!$D$11) | E12: =IF($A12="","",MRP!E59) | F12: =IF($A12="","",MRP!F59) | G12: =IF($A12="","",MRP!G59) | H12: =IF($A12="","",MRP!H59) | I12: =IF($A12="","",MRP!I59) | J12: =IF($A12="","",MRP!J59) | K12: =IF($A12="","",MRP!K59) | L12: =IF($A12="","",MRP!L59) | M12: =IF($A12="","",SUM(E12:L12)) | N12: =IF($A12="","",M12*D12)
A13: =IF(Materiales!$A$12="","",Materiales!$A$12) | B13: =IF(Materiales!$B$12="","",Materiales!$B$12) | C13: =IF(Materiales!$C$12="","",Materiales!$C$12) | D13: =IF(Materiales!$D$12="","",Materiales!$D$12) | E13: =IF($A13="","",MRP!E66) | F13: =IF($A13="","",MRP!F66) | G13: =IF($A13="","",MRP!G66) | H13: =IF($A13="","",MRP!H66) | I13: =IF($A13="","",MRP!I66) | J13: =IF($A13="","",MRP!J66) | K13: =IF($A13="","",MRP!K66) | L13: =IF($A13="","",MRP!L66) | M13: =IF($A13="","",SUM(E13:L13)) | N13: =IF($A13="","",M13*D13)
A14: =IF(Materiales!$A$13="","",Materiales!$A$13) | B14: =IF(Materiales!$B$13="","",Materiales!$B$13) | C14: =IF(Materiales!$C$13="","",Materiales!$C$13) | D14: =IF(Materiales!$D$13="","",Materiales!$D$13) | E14: =IF($A14="","",MRP!E73) | F14: =IF($A14="","",MRP!F73) | G14: =IF($A14="","",MRP!G73) | H14: =IF($A14="","",MRP!H73) | I14: =IF($A14="","",MRP!I73) | J14: =IF($A14="","",MRP!J73) | K14: =IF($A14="","",MRP!K73) | L14: =IF($A14="","",MRP!L73) | M14: =IF($A14="","",SUM(E14:L14)) | N14: =IF($A14="","",M14*D14)
A15: =IF(Materiales!$A$14="","",Materiales!$A$14) | B15: =IF(Materiales!$B$14="","",Materiales!$B$14) | C15: =IF(Materiales!$C$14="","",Materiales!$C$14) | D15: =IF(Materiales!$D$14="","",Materiales!$D$14) | E15: =IF($A15="","",MRP!E80) | F15: =IF($A15="","",MRP!F80) | G15: =IF($A15="","",MRP!G80) | H15: =IF($A15="","",MRP!H80) | I15: =IF($A15="","",MRP!I80) | J15: =IF($A15="","",MRP!J80) | K15: =IF($A15="","",MRP!K80) | L15: =IF($A15="","",MRP!L80) | M15: =IF($A15="","",SUM(E15:L15)) | N15: =IF($A15="","",M15*D15)
A16: =IF(Materiales!$A$15="","",Materiales!$A$15) | B16: =IF(Materiales!$B$15="","",Materiales!$B$15) | C16: =IF(Materiales!$C$15="","",Materiales!$C$15) | D16: =IF(Materiales!$D$15="","",Materiales!$D$15) | E16: =IF($A16="","",MRP!E87) | F16: =IF($A16="","",MRP!F87) | G16: =IF($A16="","",MRP!G87) | H16: =IF($A16="","",MRP!H87) | I16: =IF($A16="","",MRP!I87) | J16: =IF($A16="","",MRP!J87) | K16: =IF($A16="","",MRP!K87) | L16: =IF($A16="","",MRP!L87) | M16: =IF($A16="","",SUM(E16:L16)) | N16: =IF($A16="","",M16*D16)
A17: =IF(Materiales!$A$16="","",Materiales!$A$16) | B17: =IF(Materiales!$B$16="","",Materiales!$B$16) | C17: =IF(Materiales!$C$16="","",Materiales!$C$16) | D17: =IF(Materiales!$D$16="","",Materiales!$D$16) | E17: =IF($A17="","",MRP!E94) | F17: =IF($A17="","",MRP!F94) | G17: =IF($A17="","",MRP!G94) | H17: =IF($A17="","",MRP!H94) | I17: =IF($A17="","",MRP!I94) | J17: =IF($A17="","",MRP!J94) | K17: =IF($A17="","",MRP!K94) | L17: =IF($A17="","",MRP!L94) | M17: =IF($A17="","",SUM(E17:L17)) | N17: =IF($A17="","",M17*D17)
A18: =IF(Materiales!$A$17="","",Materiales!$A$17) | B18: =IF(Materiales!$B$17="","",Materiales!$B$17) | C18: =IF(Materiales!$C$17="","",Materiales!$C$17) | D18: =IF(Materiales!$D$17="","",Materiales!$D$17) | E18: =IF($A18="","",MRP!E101) | F18: =IF($A18="","",MRP!F101) | G18: =IF($A18="","",MRP!G101) | H18: =IF($A18="","",MRP!H101) | I18: =IF($A18="","",MRP!I101) | J18: =IF($A18="","",MRP!J101) | K18: =IF($A18="","",MRP!K101) | L18: =IF($A18="","",MRP!L101) | M18: =IF($A18="","",SUM(E18:L18)) | N18: =IF($A18="","",M18*D18)
A19: =IF(Materiales!$A$18="","",Materiales!$A$18) | B19: =IF(Materiales!$B$18="","",Materiales!$B$18) | C19: =IF(Materiales!$C$18="","",Materiales!$C$18) | D19: =IF(Materiales!$D$18="","",Materiales!$D$18) | E19: =IF($A19="","",MRP!E108) | F19: =IF($A19="","",MRP!F108) | G19: =IF($A19="","",MRP!G108) | H19: =IF($A19="","",MRP!H108) | I19: =IF($A19="","",MRP!I108) | J19: =IF($A19="","",MRP!J108) | K19: =IF($A19="","",MRP!K108) | L19: =IF($A19="","",MRP!L108) | M19: =IF($A19="","",SUM(E19:L19)) | N19: =IF($A19="","",M19*D19)
A20: TOTAL A COMPRAR EN EL HORIZONTE | E20: =SUM(E5:E19) | F20: =SUM(F5:F19) | G20: =SUM(G5:G19) | H20: =SUM(H5:H19) | I20: =SUM(I5:I19) | J20: =SUM(J5:J19) | K20: =SUM(K5:K19) | L20: =SUM(L5:L19) | ... N20: =SUM(N5:N19)
