Workbook

Sheet GUIA
A1: MRP — Planificacion de Requerimientos de Materiales | ATMIN / MukiCloud
A2: Los 481 items del maestro (productos + explosivos) ya vienen cargados con codigo, unidad, almacen y precio. Llena solo las celdas amarillas.
B4: 1. Que responde un MRP
B6: QUE material pedir, CUANTO pedir y CUANDO lanzar el pedido para que llegue a tiempo.
B8: Necesidad neta = Necesidad bruta − Stock disponible − Ordenes en transito + Stock de seguridad
B9: Fecha de pedido = Semana en que se necesita − Lead time del proveedor
B11: 2. Orden de llenado
A13: Paso | B13: Pestaña | C13: Que llenas ahi | D13: Ya viene cargado | E13: Ojo con esto
A14: 1 | B14: Materiales | C14: Proveedor, lead time, lote de compra y stock de seguridad. El precio solo donde falte. | D14: Los 481 items del maestro: codigo, producto, unidad, almacen y precio. | E14: LEAD TIME en SEMANAS enteras. LOTE = multiplo de compra; en 0 se pide la cantidad exacta. Hay items del maestro sin precio: esos quedan en amarillo.
A15: 2 | B15: Plan | C15: Metros de avance por frente y semana, y la fecha de inicio de la Semana 1. | D15: Tus 6 frentes. | E15: Trabaja en multiplos de 1.5 m (un disparo) para que las semanas cierren en disparos enteros.
A16: 3 | B16: Consumo | C16: EL CORAZON DEL MRP: por cada frente, TODO lo que se consume para avanzar UN METRO. Perforacion, voladura, sostenimiento, ventilacion y servicios. | D16: Un bloque por frente con 30 renglones, y en Brenda y CRNE la lista de productos ya puesta para que solo escribas el consumo. | E16: Todo va POR METRO. Si tu dato es por disparo, dividelo entre 1.5. Saca los numeros del consumo real del Compresorista: consumo del mes / metros del mes.
A17: 4 | B17: Inventario | C17: El stock actual de cada item y las ordenes ya emitidas, en la semana en que llegaran. | D17: Los 481 codigos, listos para poner el stock al costado. | E17: Este maestro NO trae stock: hay que cargarlo. Sin stock, el MRP asume cero y pide de mas.
A18: — | B18: MRP | C18: NO SE LLENA. El calculo semana por semana, 6 renglones por item. | D18: Los 481 items. | E18: Renglon verde = la semana en que debes pedir. Stock proyectado en rojo = quiebre.
A19: — | B19: Ordenes | C19: NO SE LLENA. El resumen de compra para Logistica. | D19: — | E19: Filtra la columna Total a pedir para ver solo lo que hay que comprar.
B21: 3. Como sacar el consumo por metro (los tres casos)
B23: Dato por disparo | C23: Divide entre 1.5. Ej: 11 pernos por disparo -> 11/1.5 = 7.33 pernos por metro.
B24: Dato por avance | C24: Divide entre los metros que cubre. Ej: 1 malla cada 2 m -> 1/2 = 0.5 mallas por metro.
B25: Consumo historico | C25: Toma el consumo real de un mes y divide entre los metros de ese mes. Es el metodo mas confiable para brocas, barrenos y aceites.
B27: 4. Los 6 renglones de cada item en la hoja MRP
B29: Necesidad bruta | C29: Lo que el plan consume esa semana = metros del frente x consumo por metro.
B30: Recepciones programadas | C30: Lo que YA esta pedido y llega esa semana.
B31: Stock proyectado disponible | C31: Lo que quedara al cerrar la semana. En rojo = quiebre.
B32: Necesidad neta | C32: Lo que falta comprar, descontado el stock y lo que viene en camino.
B33: Recepcion de orden planificada | C33: La necesidad neta redondeada al lote. Lo que debe LLEGAR esa semana.
B34: LANZAMIENTO DE ORDEN | C34: La misma cantidad corrida hacia atras por el lead time. ES CUANDO DEBES PEDIR.
B36: 5. Leyenda de colores
C38: Dato del maestro: ya viene cargado
C39: Celda que TU llenas
C40: SUPUESTO mio — confirmalo
C41: Celda calculada: no la toques
C42: La orden que debes lanzar
C43: Rojo = quiebre de stock esa semana
B45: 6. Supuestos
B47: • Horizonte de 8 semanas. La Semana 1 arranca en la fecha de la hoja Plan (celda C3).
B48: • Moneda: Soles (S/). Un disparo = 1.5 m de avance.
B49: • Fuente: maestro_productos_20260823.xlsx — 481 productos y explosivos, con precio.
B50: • El maestro no trae stock ni lead times: esos campos son tuyos.
B51: • Cada hoja lleva una columna clave oculta que antepone # al codigo. Es para que Excel compare los codigos como texto y no los interprete como fecha o numero. No la borres.

Sheet Materiales
A1: PASO 1 — Maestro de items (481)
A2: Azul = del maestro. Amarillo = lo llenas tu. Usa el filtro de la fila 3 para ubicar un item.
A3: Codigo | B3: Producto | C3: Unidad | D3: Precio (S/) | E3: Proveedor | F3: Lead time (semanas) | G3: Lote de compra | H3: Stock de seguridad | I3: Almacen | J3: Notas | K3: clave
A4: 1 | B4: FRENO 7/8 HEXÁGONAL RNS53F-36A | C4: PZA | D4: 221.41 | I4: Mantenimiento | K4: =IF(A4="","","#"&A4)
A5: 2 | B5: PERNO SUJETADOR RNS53F-36TA | C5: PZA | D5: 149.31 | I5: Mantenimiento | K5: =IF(A5="","","#"&A5)
A6: 3 | B6: ANILLOS (2) RNORP-214B | C6: PZA | D6: 3.8 | I6: Mantenimiento | K6: =IF(A6="","","#"&A6)
A7: 4 | B7: TUERCA DEL FRENO (2) RNS53F-36N | C7: PZA | D7: 20.48 | I7: Mantenimiento | K7: =IF(A7="","","#"&A7)
A8: 5 | B8: PARTE DELANTERA (TROMPA) RNS58F-17FC | C8: PZA | D8: 2208 | I8: Mantenimiento | K8: =IF(A8="","","#"&A8)
A9: 6 | B9: PERNO PASADOR RNS58F-36K | C9: PZA | D9: 18.53 | I9: Mantenimiento | K9: =IF(A9="","","#"&A9)
A10: 7 | B10: TUERCA TORNILLO LATERAL RNS58-3N | C10: PZA | D10: 52.13 | I10: Mantenimiento | K10: =IF(A10="","","#"&A10)
A11: 8 | B11: ARANDELA (2) RND73-3S | C11: PZA | D11: 13.91 | I11: Mantenimiento | K11: =IF(A11="","","#"&A11)
A12: 9 | B12: PERNO GUÍA RNS53F-36P | C12: PZA | D12: 45.29 | I12: Mantenimiento | K12: =IF(A12="","","#"&A12)
A13: 10 | B13: RESORTE SUJETADOR RNS58F-36N | C13: PZA | D13: 24.15 | I13: Mantenimiento | K13: =IF(A13="","","#"&A13)
A14: 11 | B14: ANILLO RNORP-210B | C14: PZA | D14: 3.8 | I14: Mantenimiento | K14: =IF(A14="","","#"&A14)
A15: 12 | B15: CANDADO RNS58F-36RA | C15: PZA | D15: 98.47 | I15: Mantenimiento | K15: =IF(A15="","","#"&A15)
... A19: 16 | B19: TUERCA CHUCK RNS63F-7N | C19: PZA | D19: 185.36 | I19: Mantenimiento | K19: =IF(A19="","","#"&A19)
A20: 17 | B20: PARTE INTERMEDIA RNS83F-1B | C20: PZA | I20: Mantenimiento | K20: =IF(A20="","","#"&A20)
A21: 18 | B21: BUJE BRONCE RNS53F-1L | C21: PZA | D21: 171.59 | I21: Mantenimiento | K21: =IF(A21="","","#"&A21)
A22: 19 | B22: PISTON RNS83F-9A | C22: PZA | D22: 499.31 | I22: Mantenimiento | K22: =IF(A22="","","#"&A22)
A23: 20 | B23: TUERCA RIFLE RNS83F-25-28 | C23: PZA | D23: 154.9 | I23: Mantenimiento | K23: =IF(A23="","","#"&A23)
A24: 21 | B24: CILINDRO RNS83F-1T | C24: PZA | I24: Mantenimiento | K24: =IF(A24="","","#"&A24)
A25: 22 | B25: EMPAQUE TAPON (2) RNS83F-715H | C25: PZA | D25: 28.3 | I25: Mantenimiento | K25: =IF(A25="","","#"&A25)
A26: 23 | B26: TAPA DE VÁLVULA RNS83F-15B | C26: PZA | D26: 413.65 | I26: Mantenimiento | K26: =IF(A26="","","#"&A26)
A27: 24 | B27: VALVULA AUTOMATICA RNS83F-16 | C27: PZA | D27: 270.5 | I27: Mantenimiento | K27: =IF(A27="","","#"&A27)
A28: 25 | B28: CAJA DE VÁLVULA RNS83F-15 | C28: PZA | I28: Mantenimiento | K28: =IF(A28="","","#"&A28)
A29: 26 | B29: PERNO DE CAJA VÁLVULA RNS83F-15D | C29: PZA | D29: 10.06 | I29: Mantenimiento | K29: =IF(A29="","","#"&A29)
A30: 27 | B30: BARRA DE ROTACIÓN RNS83F-26-28 | C30: PZA | D30: 412.01 | I30: Mantenimiento | K30: =IF(A30="","","#"&A30)
A31: 28 | B31: RESORTE ALETA (4) RN711C | C31: PZA | D31: 5.17 | I31: Mantenimiento | K31: =IF(A31="","","#"&A31)
A32: 29 | B32: PERNO ALETA (4) RN711B | C32: PZA | D32: 8.01 | I32: Mantenimiento | K32: =IF(A32="","","#"&A32)
A33: 30 | B33: ALETA RNR91-11A | C33: PZA | D33: 21.34 | I33: Mantenimiento | K33: =IF(A33="","","#"&A33)
A34: 31 | B34: TRINQUETE RNS83F-3335 | C34: PZA | D34: 286.91 | I34: Mantenimiento | K34: =IF(A34="","","#"&A34)
A35: 32 | B35: CABEZA RNS63F-2 | C35: PZA | I35: Mantenimiento | K35: =IF(A35="","","#"&A35)
A36: 33 | B36: CUÑA DE MANIJA RNS58F-12K | C36: PZA | D36: 9.27 | I36: Mantenimiento | K36: =IF(A36="","","#"&A36)
A37: 34 | B37: MANIJA DE CONTROL RNS58F-12E | C37: PZA | D37: 226.21 | I37: Mantenimiento | K37: =IF(A37="","","#"&A37)
A38: 35 | B38: RONDANA DE PRESIÓN RNWP-31 | C38: PZA | D38: 9.27 | I38: Mantenimiento | K38: =IF(A38="","","#"&A38)
A39: 36 | B39: TUERCA CABEZA RNS48F-12N | C39: PZA | D39: 30.9 | I39: Mantenimiento | K39: =IF(A39="","","#"&A39)
A40: 37 | B40: RESORTE RN72ES | C40: PZA | D40: 8.83 | I40: Mantenimiento | K40: =IF(A40="","","#"&A40)
A41: 38 | B41: RETÉN RN72A | C41: PZA | D41: 18.04 | I41: Mantenimiento | K41: =IF(A41="","","#"&A41)
A42: 39 | B42: EMPAQUE DEL TUBO DE AGUA RN729B | C42: PZA | D42: 24.72 | I42: Mantenimiento | K42: =IF(A42="","","#"&A42)
A43: 40 | B43: RONDANA GLÁNDULA DE AGUA RN1739A | C43: PZA | D43: 9.27 | I43: Mantenimiento | K43: =IF(A43="","","#"&A43)
A44: 41 | B44: TUBO DEL AGUA RNS63F-27B | C44: PZA | D44: 42.3 | I44: Mantenimiento | K44: =IF(A44="","","#"&A44)
A45: 42 | B45: RETÉN DE ASIENTO RND83N-44 | C45: PZA | D45: 49.47 | I45: Mantenimiento | K45: =IF(A45="","","#"&A45)
A46: 43 | B46: EMPAQUE DE ASIENTO DE VALVULA RNDBN83-45 | C46: PZA | D46: 7.22 | I46: Mantenimiento | K46: =IF(A46="","","#"&A46)
A47: 44 | B47: ARANDELA GLÁNDULA DE AGUA RND83-40 | C47: PZA | D47: 11.63 | I47: Mantenimiento | K47: =IF(A47="","","#"&A47)
... A56: 53 | B56: PERNO MANERAL (112AB) RNS83F-113 | C56: PZA | D56: 9.27 | I56: Mantenimiento | K56: =IF(A56="","","#"&A56)
A57: 54 | B57: MANERAL IZQUIERDO COMPLETO RNS83F-112 | C57: PZA | I57: Mantenimiento | K57: =IF(A57="","","#"&A57)
A58: 55 | B58: VALVULA DE CONTROL MANERAL (112 AB) RNS83F-116C | C58: PZA | I58: Mantenimiento | K58: =IF(A58="","","#"&A58)
A59: 56 | B59: RESORTE MANERAL (112 AB) RNS83F-117 | C59: PZA | D59: 7.38 | I59: Mantenimiento | K59: =IF(A59="","","#"&A59)
A60: 57 | B60: TORNILLO ALLEN MANERAL (112 AB) RNPP2 | C60: PZA | D60: 6.67 | I60: Mantenimiento | K60: =IF(A60="","","#"&A60)
A61: 58 | B61: ANILLOS (2) RNORP-116A | C61: PZA | D61: 3.8 | I61: Mantenimiento | K61: =IF(A61="","","#"&A61)
A62: 59 | B62: MANIVELA RNS83F-215H | C62: PZA | D62: 203.08 | I62: Mantenimiento | K62: =IF(A62="","","#"&A62)
A63: 60 | B63: PERNO ESPIRAL MANERAL (114 AB) RNERP-6 | C63: PZA | D63: 5.14 | I63: Mantenimiento | K63: =IF(A63="","","#"&A63)
A64: 61 | B64: ANILLOS (4) RNORP-6 | C64: PZA | D64: 3.45 | I64: Mantenimiento | K64: =IF(A64="","","#"&A64)
A65: 62 | B65: MANERAL DERECHO (RNS83F - 114AB) RNS83F-114 | C65: PZA | I65: Mantenimiento | K65: =IF(A65="","","#"&A65)
A66: 63 | B66: ANILLO RNOR-7 | C66: PZA | D66: 3.45 | I66: Mantenimiento | K66: =IF(A66="","","#"&A66)
A67: 64 | B67: ANILLO RNCL5-324P | C67: PZA | I67: Mantenimiento | K67: =IF(A67="","","#"&A67)
A68: 65 | B68: VÁLVULA CONTROL DE MANERAL (114AB) RNS83F-118B | C68: PZA | I68: Mantenimiento | K68: =IF(A68="","","#"&A68)
A69: 66 | B69: ANILLO RNOR-9 | C69: PZA | I69: Mantenimiento | K69: =IF(A69="","","#"&A69)
A70: 67 | B70: RESORTE MANERAL (114AB) RNS83F-119B | C70: PZA | I70: Mantenimiento | K70: =IF(A70="","","#"&A70)
A71: 68 | B71: RETÉN MANERAL (114AB) RNS83F-120 | C71: PZA | I71: Mantenimiento | K71: =IF(A71="","","#"&A71)
A72: 69 | B72: VÁLVULA DE ACELERACIÓN RNS83F-12BM | C72: PZA | I72: Mantenimiento | K72: =IF(A72="","","#"&A72)
A73: 70 | B73: FILTRO RN2062234 | C73: PZA | D73: 97.82 | I73: Mantenimiento | K73: =IF(A73="","","#"&A73)
A74: 71 | B74: CODO DE AIRE RNRB83-147 | C74: PZA | D74: 135.43 | I74: Mantenimiento | K74: =IF(A74="","","#"&A74)
A75: 72 | B75: RONDANA RND73H-146W | C75: PZA | D75: 11.31 | I75: Mantenimiento | K75: =IF(A75="","","#"&A75)
A76: 73 | B76: TUERCA DEL CODO DE AIRE RNRB83-146 | C76: PZA | I76: Mantenimiento | K76: =IF(A76="","","#"&A76)
A77: 74 | B77: ANILLO RNOR-21 | C77: PZA | D77: 3.45 | I77: Mantenimiento | K77: =IF(A77="","","#"&A77)
A78: 75 | B78: ARANDELA RNS48F-1W | C78: PZA | D78: 17.22 | I78: Mantenimiento | K78: =IF(A78="","","#"&A78)
A79: 76 | B79: TUERCA CONEXIÓN DE AGUA RNS48F-13E | C79: PZA | D79: 80.31 | I79: Mantenimiento | K79: =IF(A79="","","#"&A79)
A80: 77 | B80: FILTRO DE AGUA RNS48-13S | C80: PZA | D80: 46.37 | I80: Mantenimiento | K80: =IF(A80="","","#"&A80)
A81: 78 | B81: ANILLOS (2) RNOR-10 | C81: PZA | D81: 3.8 | I81: Mantenimiento | K81: =IF(A81="","","#"&A81)
A82: 79 | B82: CONEXIÓN DE AGUA RNS48F-13T1 | C82: PZA | D82: 139.02 | I82: Mantenimiento | K82: =IF(A82="","","#"&A82)
A83: 80 | B83: DISTRIBUIDORA DE AGUA (GAMARRILLA) RN760 | C83: PZA | D83: 140.54 | I83: Mantenimiento | K83: =IF(A83="","","#"&A83)
A84: 81 | B84: TUERCA SUPERIOR RNFL7-202 | C84: PZA | D84: 128.76 | I84: Mantenimiento | K84: =IF(A84="","","#"&A84)
A85: 82 | B85: BUJE EMPUJADOR (RNFL7 - 210) RN-1045660 | C85: PZA | I85: Mantenimiento | K85: =IF(A85="","","#"&A85)
A86: 83 | B86: ANILLOS RNCL5-441 | C86: PZA | D86: 3.8 | I86: Mantenimiento | K86: =IF(A86="","","#"&A86)
A87: 84 | B87: SEGURO EMPUJADOR RNFL7-211 | C87: PZA | I87: Mantenimiento | K87: =IF(A87="","","#"&A87)
A88: 85 | B88: BUJE EMPUJADOR RNFL7-203 | C88: PZA | I88: Mantenimiento | K88: =IF(A88="","","#"&A88)
A89: 86 | B89: TAPA SUPERIOR (CAPUCHON) RNFL7-29 | C89: PZA | I89: Mantenimiento | K89: =IF(A89="","","#"&A89)
A90: 87 | B90: TUERCA EMPUJADOR F17 RNFL7-21 | C90: PZA | I90: Mantenimiento | K90: =IF(A90="","","#"&A90)
A91: 88 | B91: ARO RANURADO RNFL7-206 | C91: PZA | I91: Mantenimiento | K91: =IF(A91="","","#"&A91)
A92: 89 | B92: ESPACIDOR DE EMPUJADOR (F17) RNFL7-207 | C92: PZA | I92: Mantenimiento | K92: =IF(A92="","","#"&A92)
A93: 90 | B93: TUBO DE AIRE RN1FL7-27B | C93: PZA | D93: 110.34 | I93: Mantenimiento | K93: =IF(A93="","","#"&A93)
A94: 91 | B94: BUJE EMPUJADOR RNFL7-208 | C94: PZA | I94: Mantenimiento | K94: =IF(A94="","","#"&A94)
A95: 92 | B95: EMPAQUE IR8320D RNRB94-20PA | C95: PZA | D95: 25.26 | I95: Mantenimiento | K95: =IF(A95="","","#"&A95)
A96: 93 | B96: PORTAEMPAQUE RNFL7-38A | C96: PZA | D96: 39.61 | I96: Mantenimiento | K96: =IF(A96="","","#"&A96)
A97: 94 | B97: BUJE EMPUJADOR RNFL7-209 | C97: PZA | I97: Mantenimiento | K97: =IF(A97="","","#"&A97)
A98: 95 | B98: FEED PISTON COMPLETO RNFL7-33ES | C98: PZA | I98: Mantenimiento | K98: =IF(A98="","","#"&A98)
A99: 96 | B99: ANILLO RNORP-34 | C99: PZA | D99: 3.42 | I99: Mantenimiento | K99: =IF(A99="","","#"&A99)
A100: 97 | B100: BUJE EMPUJADOR (RNFL7 - 31) RN-1029902 | C100: PZA | D100: 127.47 | I100: Mantenimiento | K100: =IF(A100="","","#"&A100)
A101: 98 | B101: TAPA DE CILINDRO RNFL7-27A | C101: PZA | I101: Mantenimiento | K101: =IF(A101="","","#"&A101)
A102: 99 | B102: EMPAQUE RNUCP-1 | C102: PZA | D102: 21.92 | I102: Mantenimiento | K102: =IF(A102="","","#"&A102)
A103: 100 | B103: EMPAQUE RN1029906 | C103: PZA | D103: 30.93 | I103: Mantenimiento | K103: =IF(A103="","","#"&A103)
A104: 101 | B104: PICO DE APOYO RNFL7-39S | C104: PZA | D104: 252.32 | I104: Mantenimiento | K104: =IF(A104="","","#"&A104)
A105: 102 | B105: CILINDRO DE ALUMINIO RNFL7-25E | C105: PZA | D105: 664.85 | I105: Mantenimiento | K105: =IF(A105="","","#"&A105)
A106: 103 | B106: AGARRADERA RNFL7-468 | C106: PZA | D106: 192.99 | I106: Mantenimiento | K106: =IF(A106="","","#"&A106)
A107: 104 | B107: TORNILLO EMPUJADOR RNSH-75 | C107: PZA | D107: 6.67 | I107: Mantenimiento | K107: =IF(A107="","","#"&A107)
A108: 105 | B108: ARANDELA RNWP-10 | C108: PZA | D108: 1.84 | I108: Mantenimiento | K108: =IF(A108="","","#"&A108)
A109: 106 | B109: TUERCA EMPUJADOR RNNH-10 | C109: PZA | D109: 3.62 | I109: Mantenimiento | K109: =IF(A109="","","#"&A109)
A110: 108 | B110: SWIVEL FL7 RNFL7-90 | C110: PZA | D110: 601.97 | I110: Mantenimiento | K110: =IF(A110="","","#"&A110)
A111: 109 | B111: ANILLO RNOR-11 | C111: PZA | D111: 3.8 | I111: Mantenimiento | K111: =IF(A111="","","#"&A111)
...

Sheet Plan
A1: PASO 2 — Plan de avance por frente y semana (MPS)
A2: Metros de avance de cada frente en cada semana. Un disparo = 1.5 m.
A3: Fecha de inicio de la Semana 1 → | C3: 46265 | D3: (un lunes) | E3: =$C$3 | F3: =E3+7 | G3: =F3+7 | H3: =G3+7 | I3: =H3+7 | J3: =I3+7 | K3: =J3+7 | L3: =K3+7
A4: Frente | B4: Unidad de produccion | C4: Total horizonte | D4: Notas | E4: Sem 1 | F4: Sem 2 | G4: Sem 3 | H4: Sem 4 | I4: Sem 5 | J4: Sem 6 | K4: Sem 7 | L4: Sem 8 | M4: clave
A5: RA Brenda | B5: Metros de avance | C5: =IF($A5="","",SUM(E5:L5)) | M5: =IF(A5="","","#"&A5)
A6: CRNE (Cortada Noreste) | B6: Metros de avance | C6: =IF($A6="","",SUM(E6:L6)) | M6: =IF(A6="","","#"&A6)
A7: GLSE-2 | B7: Metros de avance | C7: =IF($A7="","",SUM(E7:L7)) | M7: =IF(A7="","","#"&A7)
A8: ESCM 4430 | B8: Metros de avance | C8: =IF($A8="","",SUM(E8:L8)) | M8: =IF(A8="","","#"&A8)
A9: ESCM 4410 | B9: Metros de avance | C9: =IF($A9="","",SUM(E9:L9)) | M9: =IF(A9="","","#"&A9)
A10: SN 5100 NW | B10: Metros de avance | C10: =IF($A10="","",SUM(E10:L10)) | M10: =IF(A10="","","#"&A10)
C11: =IF($A11="","",SUM(E11:L11)) | M11: =IF(A11="","","#"&A11)
C12: =IF($A12="","",SUM(E12:L12)) | M12: =IF(A12="","","#"&A12)
C13: =IF($A13="","",SUM(E13:L13)) | M13: =IF(A13="","","#"&A13)
C14: =IF($A14="","",SUM(E14:L14)) | M14: =IF(A14="","","#"&A14)
C15: =IF($A15="","",SUM(E15:L15)) | M15: =IF(A15="","","#"&A15)
C16: =IF($A16="","",SUM(E16:L16)) | M16: =IF(A16="","","#"&A16)
C17: =IF($A17="","",SUM(E17:L17)) | M17: =IF(A17="","","#"&A17)
C18: =IF($A18="","",SUM(E18:L18)) | M18: =IF(A18="","","#"&A18)
C19: =IF($A19="","",SUM(E19:L19)) | M19: =IF(A19="","","#"&A19)
C20: =IF($A20="","",SUM(E20:L20)) | M20: =IF(A20="","","#"&A20)
C21: =IF($A21="","",SUM(E21:L21)) | M21: =IF(A21="","","#"&A21)
C22: =IF($A22="","",SUM(E22:L22)) | M22: =IF(A22="","","#"&A22)
... C24: =IF($A24="","",SUM(E24:L24)) | M24: =IF(A24="","","#"&A24)

Sheet Consumo
A1: PASO 3 — Todo lo que consume UN METRO de avance, por frente (BOM)
A2: Un bloque por frente. Escribe el consumo POR METRO de cada producto. Si tu dato es por disparo, dividelo entre 1.5. Agrega los productos que falten en los renglones vacios.
A3: Frente | B3: Codigo | C3: Producto (auto) | D3: Unidad (auto) | E3: Consumo por METRO | F3: Etapa | G3: Notas / de donde sale el numero | H3: Demanda Sem 1 | I3: Demanda Sem 2 | J3: Demanda Sem 3 | K3: Demanda Sem 4 | L3: Demanda Sem 5 | M3: Demanda Sem 6 | N3: Demanda Sem 7 | O3: Demanda Sem 8 | P3: clave mat | Q3: clave frente
A4: FRENTE: RA Brenda — consumo por CADA metro de avance
A5: RA Brenda | B5: 1300000026 | C5: =IFERROR(INDEX(Materiales!$B$4:$B$484,MATCH("#"&$B5,Materiales!$K$4:$K$484,0)),"") | D5: =IFERROR(INDEX(Materiales!$C$4:$C$484,MATCH("#"&$B5,Materiales!$K$4:$K$484,0)),"") | F5: Perforacion | G5: Brocas por metro: (brocas gastadas al mes) / (metros del mes) | H5: =IF($B5="",0,$E5*SUMIF(Plan!$M$5:$M$24,"#"&$A5,Plan!E$5:E$24)) | I5: =IF($B5="",0,$E5*SUMIF(Plan!$M$5:$M$24,"#"&$A5,Plan!F$5:F$24)) | J5: =IF($B5="",0,$E5*SUMIF(Plan!$M$5:$M$24,"#"&$A5,Plan!G$5:G$24)) | K5: =IF($B5="",0,$E5*SUMIF(Plan!$M$5:$M$24,"#"&$A5,Plan!H$5:H$24)) | L5: =IF($B5="",0,$E5*SUMIF(Plan!$M$5:$M$24,"#"&$A5,Plan!I$5:I$24)) | M5: =IF($B5="",0,$E5*SUMIF(Plan!$M$5:$M$24,"#"&$A5,Plan!J$5:J$24)) | N5: =IF($B5="",0,$E5*SUMIF(Plan!$M$5:$M$24,"#"&$A5,Plan!K$5:K$24)) | O5: =IF($B5="",0,$E5*SUMIF(Plan!$M$5:$M$24,"#"&$A5,Plan!L$5:L$24)) | P5: =IF(B5="","","#"&B5) | Q5: =IF(A5="","","#"&A5)
A6: RA Brenda | B6: 1300000023 | C6: =IFERROR(INDEX(Materiales!$B$4:$B$484,MATCH("#"&$B6,Materiales!$K$4:$K$484,0)),"") | D6: =IFERROR(INDEX(Materiales!$C$4:$C$484,MATCH("#"&$B6,Materiales!$K$4:$K$484,0)),"") | F6: Perforacion | G6: Broca de 32 mm, si se usa | H6: =IF($B6="",0,$E6*SUMIF(Plan!$M$5:$M$24,"#"&$A6,Plan!E$5:E$24)) | I6: =IF($B6="",0,$E6*SUMIF(Plan!$M$5:$M$24,"#"&$A6,Plan!F$5:F$24)) | J6: =IF($B6="",0,$E6*SUMIF(Plan!$M$5:$M$24,"#"&$A6,Plan!G$5:G$24)) | K6: =IF($B6="",0,$E6*SUMIF(Plan!$M$5:$M$24,"#"&$A6,Plan!H$5:H$24)) | L6: =IF($B6="",0,$E6*SUMIF(Plan!$M$5:$M$24,"#"&$A6,Plan!I$5:I$24)) | M6: =IF($B6="",0,$E6*SUMIF(Plan!$M$5:$M$24,"#"&$A6,Plan!J$5:J$24)) | N6: =IF($B6="",0,$E6*SUMIF(Plan!$M$5:$M$24,"#"&$A6,Plan!K$5:K$24)) | O6: =IF($B6="",0,$E6*SUMIF(Plan!$M$5:$M$24,"#"&$A6,Plan!L$5:L$24)) | P6: =IF(B6="","","#"&B6) | Q6: =IF(A6="","","#"&A6)
A7: RA Brenda | B7: 1300000036 | C7: =IFERROR(INDEX(Materiales!$B$4:$B$484,MATCH("#"&$B7,Materiales!$K$4:$K$484,0)),"") | D7: =IFERROR(INDEX(Materiales!$C$4:$C$484,MATCH("#"&$B7,Materiales!$K$4:$K$484,0)),"") | F7: Perforacion | G7: Barreno / barra conica 6'. Vida util: metros perforados antes de descarte | H7: =IF($B7="",0,$E7*SUMIF(Plan!$M$5:$M$24,"#"&$A7,Plan!E$5:E$24)) | I7: =IF($B7="",0,$E7*SUMIF(Plan!$M$5:$M$24,"#"&$A7,Plan!F$5:F$24)) | J7: =IF($B7="",0,$E7*SUMIF(Plan!$M$5:$M$24,"#"&$A7,Plan!G$5:G$24)) | K7: =IF($B7="",0,$E7*SUMIF(Plan!$M$5:$M$24,"#"&$A7,Plan!H$5:H$24)) | L7: =IF($B7="",0,$E7*SUMIF(Plan!$M$5:$M$24,"#"&$A7,Plan!I$5:I$24)) | M7: =IF($B7="",0,$E7*SUMIF(Plan!$M$5:$M$24,"#"&$A7,Plan!J$5:J$24)) | N7: =IF($B7="",0,$E7*SUMIF(Plan!$M$5:$M$24,"#"&$A7,Plan!K$5:K$24)) | O7: =IF($B7="",0,$E7*SUMIF(Plan!$M$5:$M$24,"#"&$A7,Plan!L$5:L$24)) | P7: =IF(B7="","","#"&B7) | Q7: =IF(A7="","","#"&A7)
A8: RA Brenda | B8: 1300000037 | C8: =IFERROR(INDEX(Materiales!$B$4:$B$484,MATCH("#"&$B8,Materiales!$K$4:$K$484,0)),"") | D8: =IFERROR(INDEX(Materiales!$C$4:$C$484,MATCH("#"&$B8,Materiales!$K$4:$K$484,0)),"") | F8: Perforacion | G8: Barreno / barra conica 4' | H8: =IF($B8="",0,$E8*SUMIF(Plan!$M$5:$M$24,"#"&$A8,Plan!E$5:E$24)) | I8: =IF($B8="",0,$E8*SUMIF(Plan!$M$5:$M$24,"#"&$A8,Plan!F$5:F$24)) | J8: =IF($B8="",0,$E8*SUMIF(Plan!$M$5:$M$24,"#"&$A8,Plan!G$5:G$24)) | K8: =IF($B8="",0,$E8*SUMIF(Plan!$M$5:$M$24,"#"&$A8,Plan!H$5:H$24)) | L8: =IF($B8="",0,$E8*SUMIF(Plan!$M$5:$M$24,"#"&$A8,Plan!I$5:I$24)) | M8: =IF($B8="",0,$E8*SUMIF(Plan!$M$5:$M$24,"#"&$A8,Plan!J$5:J$24)) | N8: =IF($B8="",0,$E8*SUMIF(Plan!$M$5:$M$24,"#"&$A8,Plan!K$5:K$24)) | O8: =IF($B8="",0,$E8*SUMIF(Plan!$M$5:$M$24,"#"&$A8,Plan!L$5:L$24)) | P8: =IF(B8="","","#"&B8) | Q8: =IF(A8="","","#"&A8)
A9: RA Brenda | B9: 1200000022 | C9: =IFERROR(INDEX(Materiales!$B$4:$B$484,MATCH("#"&$B9,Materiales!$K$4:$K$484,0)),"") | D9: =IFERROR(INDEX(Materiales!$C$4:$C$484,MATCH("#"&$B9,Materiales!$K$4:$K$484,0)),"") | F9: Perforacion | G9: Aceite de la perforadora por metro | H9: =IF($B9="",0,$E9*SUMIF(Plan!$M$5:$M$24,"#"&$A9,Plan!E$5:E$24)) | I9: =IF($B9="",0,$E9*SUMIF(Plan!$M$5:$M$24,"#"&$A9,Plan!F$5:F$24)) | J9: =IF($B9="",0,$E9*SUMIF(Plan!$M$5:$M$24,"#"&$A9,Plan!G$5:G$24)) | K9: =IF($B9="",0,$E9*SUMIF(Plan!$M$5:$M$24,"#"&$A9,Plan!H$5:H$24)) | L9: =IF($B9="",0,$E9*SUMIF(Plan!$M$5:$M$24,"#"&$A9,Plan!I$5:I$24)) | M9: =IF($B9="",0,$E9*SUMIF(Plan!$M$5:$M$24,"#"&$A9,Plan!J$5:J$24)) | N9: =IF($B9="",0,$E9*SUMIF(Plan!$M$5:$M$24,"#"&$A9,Plan!K$5:K$24)) | O9: =IF($B9="",0,$E9*SUMIF(Plan!$M$5:$M$24,"#"&$A9,Plan!L$5:L$24)) | P9: =IF(B9="","","#"&B9) | Q9: =IF(A9="","","#"&A9)
A10: RA Brenda | B10: M1000 | C10: =IFERROR(INDEX(Materiales!$B$4:$B$484,MATCH("#"&$B10,Materiales!$K$4:$K$484,0)),"") | D10: =IFERROR(INDEX(Materiales!$C$4:$C$484,MATCH("#"&$B10,Materiales!$K$4:$K$484,0)),"") | F10: Voladura | G10: Emulnor 1000: cartuchos por disparo / 1.5 | H10: =IF($B10="",0,$E10*SUMIF(Plan!$M$5:$M$24,"#"&$A10,Plan!E$5:E$24)) | I10: =IF($B10="",0,$E10*SUMIF(Plan!$M$5:$M$24,"#"&$A10,Plan!F$5:F$24)) | J10: =IF($B10="",0,$E10*SUMIF(Plan!$M$5:$M$24,"#"&$A10,Plan!G$5:G$24)) | K10: =IF($B10="",0,$E10*SUMIF(Plan!$M$5:$M$24,"#"&$A10,Plan!H$5:H$24)) | L10: =IF($B10="",0,$E10*SUMIF(Plan!$M$5:$M$24,"#"&$A10,Plan!I$5:I$24)) | M10: =IF($B10="",0,$E10*SUMIF(Plan!$M$5:$M$24,"#"&$A10,Plan!J$5:J$24)) | N10: =IF($B10="",0,$E10*SUMIF(Plan!$M$5:$M$24,"#"&$A10,Plan!K$5:K$24)) | O10: =IF($B10="",0,$E10*SUMIF(Plan!$M$5:$M$24,"#"&$A10,Plan!L$5:L$24)) | P10: =IF(B10="","","#"&B10) | Q10: =IF(A10="","","#"&A10)
A11: RA Brenda | B11: M3000 | C11: =IFERROR(INDEX(Materiales!$B$4:$B$484,MATCH("#"&$B11,Materiales!$K$4:$K$484,0)),"") | D11: =IFERROR(INDEX(Materiales!$C$4:$C$484,MATCH("#"&$B11,Materiales!$K$4:$K$484,0)),"") | F11: Voladura | G11: Emulnor 3000: cartuchos por disparo / 1.5 | H11: =IF($B11="",0,$E11*SUMIF(Plan!$M$5:$M$24,"#"&$A11,Plan!E$5:E$24)) | I11: =IF($B11="",0,$E11*SUMIF(Plan!$M$5:$M$24,"#"&$A11,Plan!F$5:F$24)) | J11: =IF($B11="",0,$E11*SUMIF(Plan!$M$5:$M$24,"#"&$A11,Plan!G$5:G$24)) | K11: =IF($B11="",0,$E11*SUMIF(Plan!$M$5:$M$24,"#"&$A11,Plan!H$5:H$24)) | L11: =IF($B11="",0,$E11*SUMIF(Plan!$M$5:$M$24,"#"&$A11,Plan!I$5:I$24)) | M11: =IF($B11="",0,$E11*SUMIF(Plan!$M$5:$M$24,"#"&$A11,Plan!J$5:J$24)) | N11: =IF($B11="",0,$E11*SUMIF(Plan!$M$5:$M$24,"#"&$A11,Plan!K$5:K$24)) | O11: =IF($B11="",0,$E11*SUMIF(Plan!$M$5:$M$24,"#"&$A11,Plan!L$5:L$24)) | P11: =IF(B11="","","#"&B11) | Q11: =IF(A11="","","#"&A11)
A12: RA Brenda | B12: CARMEX240 | C12: =IFERROR(INDEX(Materiales!$B$4:$B$484,MATCH("#"&$B12,Materiales!$K$4:$K$484,0)),"") | D12: =IFERROR(INDEX(Materiales!$C$4:$C$484,MATCH("#"&$B12,Materiales!$K$4:$K$484,0)),"") | F12: Voladura | G12: Carmex: uno por taladro cargado / 1.5 | H12: =IF($B12="",0,$E12*SUMIF(Plan!$M$5:$M$24,"#"&$A12,Plan!E$5:E$24)) | I12: =IF($B12="",0,$E12*SUMIF(Plan!$M$5:$M$24,"#"&$A12,Plan!F$5:F$24)) | J12: =IF($B12="",0,$E12*SUMIF(Plan!$M$5:$M$24,"#"&$A12,Plan!G$5:G$24)) | K12: =IF($B12="",0,$E12*SUMIF(Plan!$M$5:$M$24,"#"&$A12,Plan!H$5:H$24)) | L12: =IF($B12="",0,$E12*SUMIF(Plan!$M$5:$M$24,"#"&$A12,Plan!I$5:I$24)) | M12: =IF($B12="",0,$E12*SUMIF(Plan!$M$5:$M$24,"#"&$A12,Plan!J$5:J$24)) | N12: =IF($B12="",0,$E12*SUMIF(Plan!$M$5:$M$24,"#"&$A12,Plan!K$5:K$24)) | O12: =IF($B12="",0,$E12*SUMIF(Plan!$M$5:$M$24,"#"&$A12,Plan!L$5:L$24)) | P12: =IF(B12="","","#"&B12) | Q12: =IF(A12="","","#"&A12)
A13: RA Brenda | B13: NEITHER | C13: =IFERROR(INDEX(Materiales!$B$4:$B$484,MATCH("#"&$B13,Materiales!$K$4:$K$484,0)),"") | D13: =IFERROR(INDEX(Materiales!$C$4:$C$484,MATCH("#"&$B13,Materiales!$K$4:$K$484,0)),"") | F13: Voladura | G13: Mecha rapida de ignicion, metros por disparo / 1.5 | H13: =IF($B13="",0,$E13*SUMIF(Plan!$M$5:$M$24,"#"&$A13,Plan!E$5:E$24)) | I13: =IF($B13="",0,$E13*SUMIF(Plan!$M$5:$M$24,"#"&$A13,Plan!F$5:F$24)) | J13: =IF($B13="",0,$E13*SUMIF(Plan!$M$5:$M$24,"#"&$A13,Plan!G$5:G$24)) | K13: =IF($B13="",0,$E13*SUMIF(Plan!$M$5:$M$24,"#"&$A13,Plan!H$5:H$24)) | L13: =IF($B13="",0,$E13*SUMIF(Plan!$M$5:$M$24,"#"&$A13,Plan!I$5:I$24)) | M13: =IF($B13="",0,$E13*SUMIF(Plan!$M$5:$M$24,"#"&$A13,Plan!J$5:J$24)) | N13: =IF($B13="",0,$E13*SUMIF(Plan!$M$5:$M$24,"#"&$A13,Plan!K$5:K$24)) | O13: =IF($B13="",0,$E13*SUMIF(Plan!$M$5:$M$24,"#"&$A13,Plan!L$5:L$24)) | P13: =IF(B13="","","#"&B13) | Q13: =IF(A13="","","#"&A13)
A14: RA Brenda | B14: 1500000031 | C14: =IFERROR(INDEX(Materiales!$B$4:$B$484,MATCH("#"&$B14,Materiales!$K$4:$K$484,0)),"") | D14: =IFERROR(INDEX(Materiales!$C$4:$C$484,MATCH("#"&$B14,Materiales!$K$4:$K$484,0)),"") | F14: Voladura | G14: Atacadores de madera | H14: =IF($B14="",0,$E14*SUMIF(Plan!$M$5:$M$24,"#"&$A14,Plan!E$5:E$24)) | I14: =IF($B14="",0,$E14*SUMIF(Plan!$M$5:$M$24,"#"&$A14,Plan!F$5:F$24)) | J14: =IF($B14="",0,$E14*SUMIF(Plan!$M$5:$M$24,"#"&$A14,Plan!G$5:G$24)) | K14: =IF($B14="",0,$E14*SUMIF(Plan!$M$5:$M$24,"#"&$A14,Plan!H$5:H$24)) | L14: =IF($B14="",0,$E14*SUMIF(Plan!$M$5:$M$24,"#"&$A14,Plan!I$5:I$24)) | M14: =IF($B14="",0,$E14*SUMIF(Plan!$M$5:$M$24,"#"&$A14,Plan!J$5:J$24)) | N14: =IF($B14="",0,$E14*SUMIF(Plan!$M$5:$M$24,"#"&$A14,Plan!K$5:K$24)) | O14: =IF($B14="",0,$E14*SUMIF(Plan!$M$5:$M$24,"#"&$A14,Plan!L$5:L$24)) | P14: =IF(B14="","","#"&B14) | Q14: =IF(A14="","","#"&A14)
A15: RA Brenda | B15: 1500002859 | C15: =IFERROR(INDEX(Materiales!$B$4:$B$484,MATCH("#"&$B15,Materiales!$K$4:$K$484,0)),"") | D15: =IFERROR(INDEX(Materiales!$C$4:$C$484,MATCH("#"&$B15,Materiales!$K$4:$K$484,0)),"") | F15: Voladura | G15: Saco metalero | H15: =IF($B15="",0,$E15*SUMIF(Plan!$M$5:$M$24,"#"&$A15,Plan!E$5:E$24)) | I15: =IF($B15="",0,$E15*SUMIF(Plan!$M$5:$M$24,"#"&$A15,Plan!F$5:F$24)) | J15: =IF($B15="",0,$E15*SUMIF(Plan!$M$5:$M$24,"#"&$A15,Plan!G$5:G$24)) | K15: =IF($B15="",0,$E15*SUMIF(Plan!$M$5:$M$24,"#"&$A15,Plan!H$5:H$24)) | L15: =IF($B15="",0,$E15*SUMIF(Plan!$M$5:$M$24,"#"&$A15,Plan!I$5:I$24)) | M15: =IF($B15="",0,$E15*SUMIF(Plan!$M$5:$M$24,"#"&$A15,Plan!J$5:J$24)) | N15: =IF($B15="",0,$E15*SUMIF(Plan!$M$5:$M$24,"#"&$A15,Plan!K$5:K$24)) | O15: =IF($B15="",0,$E15*SUMIF(Plan!$M$5:$M$24,"#"&$A15,Plan!L$5:L$24)) | P15: =IF(B15="","","#"&B15) | Q15: =IF(A15="","","#"&A15)
A16: RA Brenda | B16: 1700000144 | C16: =IFERROR(INDEX(Materiales!$B$4:$B$484,MATCH("#"&$B16,Materiales!$K$4:$K$484,0)),"") | D16: =IFERROR(INDEX(Materiales!$C$4:$C$484,MATCH("#"&$B16,Materiales!$K$4:$K$484,0)),"") | E16: =1/1.5 | F16: Sostenimiento | G16: DATO REAL: sostenimiento pesado, 1 juego de cimbra por disparo de 1.5 m | H16: =IF($B16="",0,$E16*SUMIF(Plan!$M$5:$M$24,"#"&$A16,Plan!E$5:E$24)) | I16: =IF($B16="",0,$E16*SUMIF(Plan!$M$5:$M$24,"#"&$A16,Plan!F$5:F$24)) | J16: =IF($B16="",0,$E16*SUMIF(Plan!$M$5:$M$24,"#"&$A16,Plan!G$5:G$24)) | K16: =IF($B16="",0,$E16*SUMIF(Plan!$M$5:$M$24,"#"&$A16,Plan!H$5:H$24)) | L16: =IF($B16="",0,$E16*SUMIF(Plan!$M$5:$M$24,"#"&$A16,Plan!I$5:I$24)) | M16: =IF($B16="",0,$E16*SUMIF(Plan!$M$5:$M$24,"#"&$A16,Plan!J$5:J$24)) | N16: =IF($B16="",0,$E16*SUMIF(Plan!$M$5:$M$24,"#"&$A16,Plan!K$5:K$24)) | O16: =IF($B16="",0,$E16*SUMIF(Plan!$M$5:$M$24,"#"&$A16,Plan!L$5:L$24)) | P16: =IF(B16="","","#"&B16) | Q16: =IF(A16="","","#"&A16)
A17: RA Brenda | B17: 1500001454 | C17: =IFERROR(INDEX(Materiales!$B$4:$B$484,MATCH("#"&$B17,Materiales!$K$4:$K$484,0)),"") | D17: =IFERROR(INDEX(Materiales!$C$4:$C$484,MATCH("#"&$B17,Materiales!$K$4:$K$484,0)),"") | F17: Sostenimiento | G17: Alcayatas para fijar la cimbra: cuantas por cimbra / 1.5 | H17: =IF($B17="",0,$E17*SUMIF(Plan!$M$5:$M$24,"#"&$A17,Plan!E$5:E$24)) | I17: =IF($B17="",0,$E17*SUMIF(Plan!$M$5:$M$24,"#"&$A17,Plan!F$5:F$24)) | J17: =IF($B17="",0,$E17*SUMIF(Plan!$M$5:$M$24,"#"&$A17,Plan!G$5:G$24)) | K17: =IF($B17="",0,$E17*SUMIF(Plan!$M$5:$M$24,"#"&$A17,Plan!H$5:H$24)) | L17: =IF($B17="",0,$E17*SUMIF(Plan!$M$5:$M$24,"#"&$A17,Plan!I$5:I$24)) | M17: =IF($B17="",0,$E17*SUMIF(Plan!$M$5:$M$24,"#"&$A17,Plan!J$5:J$24)) | N17: =IF($B17="",0,$E17*SUMIF(Plan!$M$5:$M$24,"#"&$A17,Plan!K$5:K$24)) | O17: =IF($B17="",0,$E17*SUMIF(Plan!$M$5:$M$24,"#"&$A17,Plan!L$5:L$24)) | P17: =IF(B17="","","#"&B17) | Q17: =IF(A17="","","#"&A17)
A18: RA Brenda | B18: 1500001437 | C18: =IFERROR(INDEX(Materiales!$B$4:$B$484,MATCH("#"&$B18,Materiales!$K$4:$K$484,0)),"") | D18: =IFERROR(INDEX(Materiales!$C$4:$C$484,MATCH("#"&$B18,Materiales!$K$4:$K$484,0)),"") | F18: Sostenimiento | G18: Alcayata T-G, si se usa | H18: =IF($B18="",0,$E18*SUMIF(Plan!$M$5:$M$24,"#"&$A18,Plan!E$5:E$24)) | I18: =IF($B18="",0,$E18*SUMIF(Plan!$M$5:$M$24,"#"&$A18,Plan!F$5:F$24)) | J18: =IF($B18="",0,$E18*SUMIF(Plan!$M$5:$M$24,"#"&$A18,Plan!G$5:G$24)) | K18: =IF($B18="",0,$E18*SUMIF(Plan!$M$5:$M$24,"#"&$A18,Plan!H$5:H$24)) | L18: =IF($B18="",0,$E18*SUMIF(Plan!$M$5:$M$24,"#"&$A18,Plan!I$5:I$24)) | M18: =IF($B18="",0,$E18*SUMIF(Plan!$M$5:$M$24,"#"&$A18,Plan!J$5:J$24)) | N18: =IF($B18="",0,$E18*SUMIF(Plan!$M$5:$M$24,"#"&$A18,Plan!K$5:K$24)) | O18: =IF($B18="",0,$E18*SUMIF(Plan!$M$5:$M$24,"#"&$A18,Plan!L$5:L$24)) | P18: =IF(B18="","","#"&B18) | Q18: =IF(A18="","","#"&A18)
A19: RA Brenda | B19: 1500001438 | C19: =IFERROR(INDEX(Materiales!$B$4:$B$484,MATCH("#"&$B19,Materiales!$K$4:$K$484,0)),"") | D19: =IFERROR(INDEX(Materiales!$C$4:$C$484,MATCH("#"&$B19,Materiales!$K$4:$K$484,0)),"") | F19: Sostenimiento | G19: Alcayata T-L, si se usa | H19: =IF($B19="",0,$E19*SUMIF(Plan!$M$5:$M$24,"#"&$A19,Plan!E$5:E$24)) | I19: =IF($B19="",0,$E19*SUMIF(Plan!$M$5:$M$24,"#"&$A19,Plan!F$5:F$24)) | J19: =IF($B19="",0,$E19*SUMIF(Plan!$M$5:$M$24,"#"&$A19,Plan!G$5:G$24)) | K19: =IF($B19="",0,$E19*SUMIF(Plan!$M$5:$M$24,"#"&$A19,Plan!H$5:H$24)) | L19: =IF($B19="",0,$E19*SUMIF(Plan!$M$5:$M$24,"#"&$A19,Plan!I$5:I$24)) | M19: =IF($B19="",0,$E19*SUMIF(Plan!$M$5:$M$24,"#"&$A19,Plan!J$5:J$24)) | N19: =IF($B19="",0,$E19*SUMIF(Plan!$M$5:$M$24,"#"&$A19,Plan!K$5:K$24)) | O19: =IF($B19="",0,$E19*SUMIF(Plan!$M$5:$M$24,"#"&$A19,Plan!L$5:L$24)) | P19: =IF(B19="","","#"&B19) | Q19: =IF(A19="","","#"&A19)
A20: RA Brenda | B20: 1600000008 | C20: =IFERROR(INDEX(Materiales!$B$4:$B$484,MATCH("#"&$B20,Materiales!$K$4:$K$484,0)),"") | D20: =IFERROR(INDEX(Materiales!$C$4:$C$484,MATCH("#"&$B20,Materiales!$K$4:$K$484,0)),"") | F20: Sostenimiento | G20: Liston para encribado entre cimbras | H20: =IF($B20="",0,$E20*SUMIF(Plan!$M$5:$M$24,"#"&$A20,Plan!E$5:E$24)) | I20: =IF($B20="",0,$E20*SUMIF(Plan!$M$5:$M$24,"#"&$A20,Plan!F$5:F$24)) | J20: =IF($B20="",0,$E20*SUMIF(Plan!$M$5:$M$24,"#"&$A20,Plan!G$5:G$24)) | K20: =IF($B20="",0,$E20*SUMIF(Plan!$M$5:$M$24,"#"&$A20,Plan!H$5:H$24)) | L20: =IF($B20="",0,$E20*SUMIF(Plan!$M$5:$M$24,"#"&$A20,Plan!I$5:I$24)) | M20: =IF($B20="",0,$E20*SUMIF(Plan!$M$5:$M$24,"#"&$A20,Plan!J$5:J$24)) | N20: =IF($B20="",0,$E20*SUMIF(Plan!$M$5:$M$24,"#"&$A20,Plan!K$5:K$24)) | O20: =IF($B20="",0,$E20*SUMIF(Plan!$M$5:$M$24,"#"&$A20,Plan!L$5:L$24)) | P20: =IF(B20="","","#"&B20) | Q20: =IF(A20="","","#"&A20)
A21: RA Brenda | B21: 1600000009 | C21: =IFERROR(INDEX(Materiales!$B$4:$B$484,MATCH("#"&$B21,Materiales!$K$4:$K$484,0)),"") | D21: =IFERROR(INDEX(Materiales!$C$4:$C$484,MATCH("#"&$B21,Materiales!$K$4:$K$484,0)),"") | F21: Sostenimiento | G21: Tabla aserrada para encribado | H21: =IF($B21="",0,$E21*SUMIF(Plan!$M$5:$M$24,"#"&$A21,Plan!E$5:E$24)) | I21: =IF($B21="",0,$E21*SUMIF(Plan!$M$5:$M$24,"#"&$A21,Plan!F$5:F$24)) | J21: =IF($B21="",0,$E21*SUMIF(Plan!$M$5:$M$24,"#"&$A21,Plan!G$5:G$24)) | K21: =IF($B21="",0,$E21*SUMIF(Plan!$M$5:$M$24,"#"&$A21,Plan!H$5:H$24)) | L21: =IF($B21="",0,$E21*SUMIF(Plan!$M$5:$M$24,"#"&$A21,Plan!I$5:I$24)) | M21: =IF($B21="",0,$E21*SUMIF(Plan!$M$5:$M$24,"#"&$A21,Plan!J$5:J$24)) | N21: =IF($B21="",0,$E21*SUMIF(Plan!$M$5:$M$24,"#"&$A21,Plan!K$5:K$24)) | O21: =IF($B21="",0,$E21*SUMIF(Plan!$M$5:$M$24,"#"&$A21,Plan!L$5:L$24)) | P21: =IF(B21="","","#"&B21) | Q21: =IF(A21="","","#"&A21)
A22: RA Brenda | B22: 1500000032 | C22: =IFERROR(INDEX(Materiales!$B$4:$B$484,MATCH("#"&$B22,Materiales!$K$4:$K$484,0)),"") | D22: =IFERROR(INDEX(Materiales!$C$4:$C$484,MATCH("#"&$B22,Materiales!$K$4:$K$484,0)),"") | F22: Sostenimiento | G22: Guiadores de madera | H22: =IF($B22="",0,$E22*SUMIF(Plan!$M$5:$M$24,"#"&$A22,Plan!E$5:E$24)) | I22: =IF($B22="",0,$E22*SUMIF(Plan!$M$5:$M$24,"#"&$A22,Plan!F$5:F$24)) | J22: =IF($B22="",0,$E22*SUMIF(Plan!$M$5:$M$24,"#"&$A22,Plan!G$5:G$24)) | K22: =IF($B22="",0,$E22*SUMIF(Plan!$M$5:$M$24,"#"&$A22,Plan!H$5:H$24)) | L22: =IF($B22="",0,$E22*SUMIF(Plan!$M$5:$M$24,"#"&$A22,Plan!I$5:I$24)) | M22: =IF($B22="",0,$E22*SUMIF(Plan!$M$5:$M$24,"#"&$A22,Plan!J$5:J$24)) | N22: =IF($B22="",0,$E22*SUMIF(Plan!$M$5:$M$24,"#"&$A22,Plan!K$5:K$24)) | O22: =IF($B22="",0,$E22*SUMIF(Plan!$M$5:$M$24,"#"&$A22,Plan!L$5:L$24)) | P22: =IF(B22="","","#"&B22) | Q22: =IF(A22="","","#"&A22)
A23: RA Brenda | B23: 2100000014 | C23: =IFERROR(INDEX(Materiales!$B$4:$B$484,MATCH("#"&$B23,Materiales!$K$4:$K$484,0)),"") | D23: =IFERROR(INDEX(Materiales!$C$4:$C$484,MATCH("#"&$B23,Materiales!$K$4:$K$484,0)),"") | F23: Ventilacion | G23: Manga de 30": metros de manga por metro de avance (normalmente 1) | H23: =IF($B23="",0,$E23*SUMIF(Plan!$M$5:$M$24,"#"&$A23,Plan!E$5:E$24)) | I23: =IF($B23="",0,$E23*SUMIF(Plan!$M$5:$M$24,"#"&$A23,Plan!F$5:F$24)) | J23: =IF($B23="",0,$E23*SUMIF(Plan!$M$5:$M$24,"#"&$A23,Plan!G$5:G$24)) | K23: =IF($B23="",0,$E23*SUMIF(Plan!$M$5:$M$24,"#"&$A23,Plan!H$5:H$24)) | L23: =IF($B23="",0,$E23*SUMIF(Plan!$M$5:$M$24,"#"&$A23,Plan!I$5:I$24)) | M23: =IF($B23="",0,$E23*SUMIF(Plan!$M$5:$M$24,"#"&$A23,Plan!J$5:J$24)) | N23: =IF($B23="",0,$E23*SUMIF(Plan!$M$5:$M$24,"#"&$A23,Plan!K$5:K$24)) | O23: =IF($B23="",0,$E23*SUMIF(Plan!$M$5:$M$24,"#"&$A23,Plan!L$5:L$24)) | P23: =IF(B23="","","#"&B23) | Q23: =IF(A23="","","#"&A23)
A24: RA Brenda | B24: 1900000203 | C24: =IFERROR(INDEX(Materiales!$B$4:$B$484,MATCH("#"&$B24,Materiales!$K$4:$K$484,0)),"") | D24: =IFERROR(INDEX(Materiales!$C$4:$C$484,MATCH("#"&$B24,Materiales!$K$4:$K$484,0)),"") | F24: Servicios | G24: Tuberia de agua 2": metros por metro de avance | H24: =IF($B24="",0,$E24*SUMIF(Plan!$M$5:$M$24,"#"&$A24,Plan!E$5:E$24)) | I24: =IF($B24="",0,$E24*SUMIF(Plan!$M$5:$M$24,"#"&$A24,Plan!F$5:F$24)) | J24: =IF($B24="",0,$E24*SUMIF(Plan!$M$5:$M$24,"#"&$A24,Plan!G$5:G$24)) | K24: =IF($B24="",0,$E24*SUMIF(Plan!$M$5:$M$24,"#"&$A24,Plan!H$5:H$24)) | L24: =IF($B24="",0,$E24*SUMIF(Plan!$M$5:$M$24,"#"&$A24,Plan!I$5:I$24)) | M24: =IF($B24="",0,$E24*SUMIF(Plan!$M$5:$M$24,"#"&$A24,Plan!J$5:J$24)) | N24: =IF($B24="",0,$E24*SUMIF(Plan!$M$5:$M$24,"#"&$A24,Plan!K$5:K$24)) | O24: =IF($B24="",0,$E24*SUMIF(Plan!$M$5:$M$24,"#"&$A24,Plan!L$5:L$24)) | P24: =IF(B24="","","#"&B24) | Q24: =IF(A24="","","#"&A24)
A25: RA Brenda | B25: 1900000205 | C25: =IFERROR(INDEX(Materiales!$B$4:$B$484,MATCH("#"&$B25,Materiales!$K$4:$K$484,0)),"") | D25: =IFERROR(INDEX(Materiales!$C$4:$C$484,MATCH("#"&$B25,Materiales!$K$4:$K$484,0)),"") | F25: Servicios | G25: Tuberia de aire 1": metros por metro de avance | H25: =IF($B25="",0,$E25*SUMIF(Plan!$M$5:$M$24,"#"&$A25,Plan!E$5:E$24)) | I25: =IF($B25="",0,$E25*SUMIF(Plan!$M$5:$M$24,"#"&$A25,Plan!F$5:F$24)) | J25: =IF($B25="",0,$E25*SUMIF(Plan!$M$5:$M$24,"#"&$A25,Plan!G$5:G$24)) | K25: =IF($B25="",0,$E25*SUMIF(Plan!$M$5:$M$24,"#"&$A25,Plan!H$5:H$24)) | L25: =IF($B25="",0,$E25*SUMIF(Plan!$M$5:$M$24,"#"&$A25,Plan!I$5:I$24)) | M25: =IF($B25="",0,$E25*SUMIF(Plan!$M$5:$M$24,"#"&$A25,Plan!J$5:J$24)) | N25: =IF($B25="",0,$E25*SUMIF(Plan!$M$5:$M$24,"#"&$A25,Plan!K$5:K$24)) | O25: =IF($B25="",0,$E25*SUMIF(Plan!$M$5:$M$24,"#"&$A25,Plan!L$5:L$24)) | P25: =IF(B25="","","#"&B25) | Q25: =IF(A25="","","#"&A25)
A26: RA Brenda | C26: =IFERROR(INDEX(Materiales!$B$4:$B$484,MATCH("#"&$B26,Materiales!$K$4:$K$484,0)),"") | D26: =IFERROR(INDEX(Materiales!$C$4:$C$484,MATCH("#"&$B26,Materiales!$K$4:$K$484,0)),"") | H26: =IF($B26="",0,$E26*SUMIF(Plan!$M$5:$M$24,"#"&$A26,Plan!E$5:E$24)) | I26: =IF($B26="",0,$E26*SUMIF(Plan!$M$5:$M$24,"#"&$A26,Plan!F$5:F$24)) | J26: =IF($B26="",0,$E26*SUMIF(Plan!$M$5:$M$24,"#"&$A26,Plan!G$5:G$24)) | K26: =IF($B26="",0,$E26*SUMIF(Plan!$M$5:$M$24,"#"&$A26,Plan!H$5:H$24)) | L26: =IF($B26="",0,$E26*SUMIF(Plan!$M$5:$M$24,"#"&$A26,Plan!I$5:I$24)) | M26: =IF($B26="",0,$E26*SUMIF(Plan!$M$5:$M$24,"#"&$A26,Plan!J$5:J$24)) | N26: =IF($B26="",0,$E26*SUMIF(Plan!$M$5:$M$24,"#"&$A26,Plan!K$5:K$24)) | O26: =IF($B26="",0,$E26*SUMIF(Plan!$M$5:$M$24,"#"&$A26,Plan!L$5:L$24)) | P26: =IF(B26="","","#"&B26) | Q26: =IF(A26="","","#"&A26)
A27: RA Brenda | C27: =IFERROR(INDEX(Materiales!$B$4:$B$484,MATCH("#"&$B27,Materiales!$K$4:$K$484,0)),"") | D27: =IFERROR(INDEX(Materiales!$C$4:$C$484,MATCH("#"&$B27,Materiales!$K$4:$K$484,0)),"") | H27: =IF($B27="",0,$E27*SUMIF(Plan!$M$5:$M$24,"#"&$A27,Plan!E$5:E$24)) | I27: =IF($B27="",0,$E27*SUMIF(Plan!$M$5:$M$24,"#"&$A27,Plan!F$5:F$24)) | J27: =IF($B27="",0,$E27*SUMIF(Plan!$M$5:$M$24,"#"&$A27,Plan!G$5:G$24)) | K27: =IF($B27="",0,$E27*SUMIF(Plan!$M$5:$M$24,"#"&$A27,Plan!H$5:H$24)) | L27: =IF($B27="",0,$E27*SUMIF(Plan!$M$5:$M$24,"#"&$A27,Plan!I$5:I$24)) | M27: =IF($B27="",0,$E27*SUMIF(Plan!$M$5:$M$24,"#"&$A27,Plan!J$5:J$24)) | N27: =IF($B27="",0,$E27*SUMIF(Plan!$M$5:$M$24,"#"&$A27,Plan!K$5:K$24)) | O27: =IF($B27="",0,$E27*SUMIF(Plan!$M$5:$M$24,"#"&$A27,Plan!L$5:L$24)) | P27: =IF(B27="","","#"&B27) | Q27: =IF(A27="","","#"&A27)
A28: RA Brenda | C28: =IFERROR(INDEX(Materiales!$B$4:$B$484,MATCH("#"&$B28,Materiales!$K$4:$K$484,0)),"") | D28: =IFERROR(INDEX(Materiales!$C$4:$C$484,MATCH("#"&$B28,Materiales!$K$4:$K$484,0)),"") | H28: =IF($B28="",0,$E28*SUMIF(Plan!$M$5:$M$24,"#"&$A28,Plan!E$5:E$24)) | I28: =IF($B28="",0,$E28*SUMIF(Plan!$M$5:$M$24,"#"&$A28,Plan!F$5:F$24)) | J28: =IF($B28="",0,$E28*SUMIF(Plan!$M$5:$M$24,"#"&$A28,Plan!G$5:G$24)) | K28: =IF($B28="",0,$E28*SUMIF(Plan!$M$5:$M$24,"#"&$A28,Plan!H$5:H$24)) | L28: =IF($B28="",0,$E28*SUMIF(Plan!$M$5:$M$24,"#"&$A28,Plan!I$5:I$24)) | M28: =IF($B28="",0,$E28*SUMIF(Plan!$M$5:$M$24,"#"&$A28,Plan!J$5:J$24)) | N28: =IF($B28="",0,$E28*SUMIF(Plan!$M$5:$M$24,"#"&$A28,Plan!K$5:K$24)) | O28: =IF($B28="",0,$E28*SUMIF(Plan!$M$5:$M$24,"#"&$A28,Plan!L$5:L$24)) | P28: =IF(B28="","","#"&B28) | Q28: =IF(A28="","","#"&A28)
A29: RA Brenda | C29: =IFERROR(INDEX(Materiales!$B$4:$B$484,MATCH("#"&$B29,Materiales!$K$4:$K$484,0)),"") | D29: =IFERROR(INDEX(Materiales!$C$4:$C$484,MATCH("#"&$B29,Materiales!$K$4:$K$484,0)),"") | H29: =IF($B29="",0,$E29*SUMIF(Plan!$M$5:$M$24,"#"&$A29,Plan!E$5:E$24)) | I29: =IF($B29="",0,$E29*SUMIF(Plan!$M$5:$M$24,"#"&$A29,Plan!F$5:F$24)) | J29: =IF($B29="",0,$E29*SUMIF(Plan!$M$5:$M$24,"#"&$A29,Plan!G$5:G$24)) | K29: =IF($B29="",0,$E29*SUMIF(Plan!$M$5:$M$24,"#"&$A29,Plan!H$5:H$24)) | L29: =IF($B29="",0,$E29*SUMIF(Plan!$M$5:$M$24,"#"&$A29,Plan!I$5:I$24)) | M29: =IF($B29="",0,$E29*SUMIF(Plan!$M$5:$M$24,"#"&$A29,Plan!J$5:J$24)) | N29: =IF($B29="",0,$E29*SUMIF(Plan!$M$5:$M$24,"#"&$A29,Plan!K$5:K$24)) | O29: =IF($B29="",0,$E29*SUMIF(Plan!$M$5:$M$24,"#"&$A29,Plan!L$5:L$24)) | P29: =IF(B29="","","#"&B29) | Q29: =IF(A29="","","#"&A29)
A30: RA Brenda | C30: =IFERROR(INDEX(Materiales!$B$4:$B$484,MATCH("#"&$B30,Materiales!$K$4:$K$484,0)),"") | D30: =IFERROR(INDEX(Materiales!$C$4:$C$484,MATCH("#"&$B30,Materiales!$K$4:$K$484,0)),"") | H30: =IF($B30="",0,$E30*SUMIF(Plan!$M$5:$M$24,"#"&$A30,Plan!E$5:E$24)) | I30: =IF($B30="",0,$E30*SUMIF(Plan!$M$5:$M$24,"#"&$A30,Plan!F$5:F$24)) | J30: =IF($B30="",0,$E30*SUMIF(Plan!$M$5:$M$24,"#"&$A30,Plan!G$5:G$24)) | K30: =IF($B30="",0,$E30*SUMIF(Plan!$M$5:$M$24,"#"&$A30,Plan!H$5:H$24)) | L30: =IF($B30="",0,$E30*SUMIF(Plan!$M$5:$M$24,"#"&$A30,Plan!I$5:I$24)) | M30: =IF($B30="",0,$E30*SUMIF(Plan!$M$5:$M$24,"#"&$A30,Plan!J$5:J$24)) | N30: =IF($B30="",0,$E30*SUMIF(Plan!$M$5:$M$24,"#"&$A30,Plan!K$5:K$24)) | O30: =IF($B30="",0,$E30*SUMIF(Plan!$M$5:$M$24,"#"&$A30,Plan!L$5:L$24)) | P30: =IF(B30="","","#"&B30) | Q30: =IF(A30="","","#"&A30)
A31: RA Brenda | C31: =IFERROR(INDEX(Materiales!$B$4:$B$484,MATCH("#"&$B31,Materiales!$K$4:$K$484,0)),"") | D31: =IFERROR(INDEX(Materiales!$C$4:$C$484,MATCH("#"&$B31,Materiales!$K$4:$K$484,0)),"") | H31: =IF($B31="",0,$E31*SUMIF(Plan!$M$5:$M$24,"#"&$A31,Plan!E$5:E$24)) | I31: =IF($B31="",0,$E31*SUMIF(Plan!$M$5:$M$24,"#"&$A31,Plan!F$5:F$24)) | J31: =IF($B31="",0,$E31*SUMIF(Plan!$M$5:$M$24,"#"&$A31,Plan!G$5:G$24)) | K31: =IF($B31="",0,$E31*SUMIF(Plan!$M$5:$M$24,"#"&$A31,Plan!H$5:H$24)) | L31: =IF($B31="",0,$E31*SUMIF(Plan!$M$5:$M$24,"#"&$A31,Plan!I$5:I$24)) | M31: =IF($B31="",0,$E31*SUMIF(Plan!$M$5:$M$24,"#"&$A31,Plan!J$5:J$24)) | N31: =IF($B31="",0,$E31*SUMIF(Plan!$M$5:$M$24,"#"&$A31,Plan!K$5:K$24)) | O31: =IF($B31="",0,$E31*SUMIF(Plan!$M$5:$M$24,"#"&$A31,Plan!L$5:L$24)) | P31: =IF(B31="","","#"&B31) | Q31: =IF(A31="","","#"&A31)
A32: RA Brenda | C32: =IFERROR(INDEX(Materiales!$B$4:$B$484,MATCH("#"&$B32,Materiales!$K$4:$K$484,0)),"") | D32: =IFERROR(INDEX(Materiales!$C$4:$C$484,MATCH("#"&$B32,Materiales!$K$4:$K$484,0)),"") | H32: =IF($B32="",0,$E32*SUMIF(Plan!$M$5:$M$24,"#"&$A32,Plan!E$5:E$24)) | I32: =IF($B32="",0,$E32*SUMIF(Plan!$M$5:$M$24,"#"&$A32,Plan!F$5:F$24)) | J32: =IF($B32="",0,$E32*SUMIF(Plan!$M$5:$M$24,"#"&$A32,Plan!G$5:G$24)) | K32: =IF($B32="",0,$E32*SUMIF(Plan!$M$5:$M$24,"#"&$A32,Plan!H$5:H$24)) | L32: =IF($B32="",0,$E32*SUMIF(Plan!$M$5:$M$24,"#"&$A32,Plan!I$5:I$24)) | M32: =IF($B32="",0,$E32*SUMIF(Plan!$M$5:$M$24,"#"&$A32,Plan!J$5:J$24)) | N32: =IF($B32="",0,$E32*SUMIF(Plan!$M$5:$M$24,"#"&$A32,Plan!K$5:K$24)) | O32: =IF($B32="",0,$E32*SUMIF(Plan!$M$5:$M$24,"#"&$A32,Plan!L$5:L$24)) | P32: =IF(B32="","","#"&B32) | Q32: =IF(A32="","","#"&A32)
A33: RA Brenda | C33: =IFERROR(INDEX(Materiales!$B$4:$B$484,MATCH("#"&$B33,Materiales!$K$4:$K$484,0)),"") | D33: =IFERROR(INDEX(Materiales!$C$4:$C$484,MATCH("#"&$B33,Materiales!$K$4:$K$484,0)),"") | H33: =IF($B33="",0,$E33*SUMIF(Plan!$M$5:$M$24,"#"&$A33,Plan!E$5:E$24)) | I33: =IF($B33="",0,$E33*SUMIF(Plan!$M$5:$M$24,"#"&$A33,Plan!F$5:F$24)) | J33: =IF($B33="",0,$E33*SUMIF(Plan!$M$5:$M$24,"#"&$A33,Plan!G$5:G$24)) | K33: =IF($B33="",0,$E33*SUMIF(Plan!$M$5:$M$24,"#"&$A33,Plan!H$5:H$24)) | L33: =IF($B33="",0,$E33*SUMIF(Plan!$M$5:$M$24,"#"&$A33,Plan!I$5:I$24)) | M33: =IF($B33="",0,$E33*SUMIF(Plan!$M$5:$M$24,"#"&$A33,Plan!J$5:J$24)) | N33: =IF($B33="",0,$E33*SUMIF(Plan!$M$5:$M$24,"#"&$A33,Plan!K$5:K$24)) | O33: =IF($B33="",0,$E33*SUMIF(Plan!$M$5:$M$24,"#"&$A33,Plan!L$5:L$24)) | P33: =IF(B33="","","#"&B33) | Q33: =IF(A33="","","#"&A33)
A34: RA Brenda | C34: =IFERROR(INDEX(Materiales!$B$4:$B$484,MATCH("#"&$B34,Materiales!$K$4:$K$484,0)),"") | D34: =IFERROR(INDEX(Materiales!$C$4:$C$484,MATCH("#"&$B34,Materiales!$K$4:$K$484,0)),"") | H34: =IF($B34="",0,$E34*SUMIF(Plan!$M$5:$M$24,"#"&$A34,Plan!E$5:E$24)) | I34: =IF($B34="",0,$E34*SUMIF(Plan!$M$5:$M$24,"#"&$A34,Plan!F$5:F$24)) | J34: =IF($B34="",0,$E34*SUMIF(Plan!$M$5:$M$24,"#"&$A34,Plan!G$5:G$24)) | K34: =IF($B34="",0,$E34*SUMIF(Plan!$M$5:$M$24,"#"&$A34,Plan!H$5:H$24)) | L34: =IF($B34="",0,$E34*SUMIF(Plan!$M$5:$M$24,"#"&$A34,Plan!I$5:I$24)) | M34: =IF($B34="",0,$E34*SUMIF(Plan!$M$5:$M$24,"#"&$A34,Plan!J$5:J$24)) | N34: =IF($B34="",0,$E34*SUMIF(Plan!$M$5:$M$24,"#"&$A34,Plan!K$5:K$24)) | O34: =IF($B34="",0,$E34*SUMIF(Plan!$M$5:$M$24,"#"&$A34,Plan!L$5:L$24)) | P34: =IF(B34="","","#"&B34) | Q34: =IF(A34="","","#"&A34)
A35: FRENTE: CRNE (Cortada Noreste) — consumo por CADA metro de avance
A36: CRNE (Cortada Noreste) | B36: 1300000026 | C36: =IFERROR(INDEX(Materiales!$B$4:$B$484,MATCH("#"&$B36,Materiales!$K$4:$K$484,0)),"") | D36: =IFERROR(INDEX(Materiales!$C$4:$C$484,MATCH("#"&$B36,Materiales!$K$4:$K$484,0)),"") | F36: Perforacion | G36: Brocas por metro: (brocas gastadas al mes) / (metros del mes) | H36: =IF($B36="",0,$E36*SUMIF(Plan!$M$5:$M$24,"#"&$A36,Plan!E$5:E$24)) | I36: =IF($B36="",0,$E36*SUMIF(Plan!$M$5:$M$24,"#"&$A36,Plan!F$5:F$24)) | J36: =IF($B36="",0,$E36*SUMIF(Plan!$M$5:$M$24,"#"&$A36,Plan!G$5:G$24)) | K36: =IF($B36="",0,$E36*SUMIF(Plan!$M$5:$M$24,"#"&$A36,Plan!H$5:H$24)) | L36: =IF($B36="",0,$E36*SUMIF(Plan!$M$5:$M$24,"#"&$A36,Plan!I$5:I$24)) | M36: =IF($B36="",0,$E36*SUMIF(Plan!$M$5:$M$24,"#"&$A36,Plan!J$5:J$24)) | N36: =IF($B36="",0,$E36*SUMIF(Plan!$M$5:$M$24,"#"&$A36,Plan!K$5:K$24)) | O36: =IF($B36="",0,$E36*SUMIF(Plan!$M$5:$M$24,"#"&$A36,Plan!L$5:L$24)) | P36: =IF(B36="","","#"&B36) | Q36: =IF(A36="","","#"&A36)
A37: CRNE (Cortada Noreste) | B37: 1300000023 | C37: =IFERROR(INDEX(Materiales!$B$4:$B$484,MATCH("#"&$B37,Materiales!$K$4:$K$484,0)),"") | D37: =IFERROR(INDEX(Materiales!$C$4:$C$484,MATCH("#"&$B37,Materiales!$K$4:$K$484,0)),"") | F37: Perforacion | G37: Broca de 32 mm, si se usa | H37: =IF($B37="",0,$E37*SUMIF(Plan!$M$5:$M$24,"#"&$A37,Plan!E$5:E$24)) | I37: =IF($B37="",0,$E37*SUMIF(Plan!$M$5:$M$24,"#"&$A37,Plan!F$5:F$24)) | J37: =IF($B37="",0,$E37*SUMIF(Plan!$M$5:$M$24,"#"&$A37,Plan!G$5:G$24)) | K37: =IF($B37="",0,$E37*SUMIF(Plan!$M$5:$M$24,"#"&$A37,Plan!H$5:H$24)) | L37: =IF($B37="",0,$E37*SUMIF(Plan!$M$5:$M$24,"#"&$A37,Plan!I$5:I$24)) | M37: =IF($B37="",0,$E37*SUMIF(Plan!$M$5:$M$24,"#"&$A37,Plan!J$5:J$24)) | N37: =IF($B37="",0,$E37*SUMIF(Plan!$M$5:$M$24,"#"&$A37,Plan!K$5:K$24)) | O37: =IF($B37="",0,$E37*SUMIF(Plan!$M$5:$M$24,"#"&$A37,Plan!L$5:L$24)) | P37: =IF(B37="","","#"&B37) | Q37: =IF(A37="","","#"&A37)
A38: CRNE (Cortada Noreste) | B38: 1300000036 | C38: =IFERROR(INDEX(Materiales!$B$4:$B$484,MATCH("#"&$B38,Materiales!$K$4:$K$484,0)),"") | D38: =IFERROR(INDEX(Materiales!$C$4:$C$484,MATCH("#"&$B38,Materiales!$K$4:$K$484,0)),"") | F38: Perforacion | G38: Barreno / barra conica 6'. Vida util: metros perforados antes de descarte | H38: =IF($B38="",0,$E38*SUMIF(Plan!$M$5:$M$24,"#"&$A38,Plan!E$5:E$24)) | I38: =IF($B38="",0,$E38*SUMIF(Plan!$M$5:$M$24,"#"&$A38,Plan!F$5:F$24)) | J38: =IF($B38="",0,$E38*SUMIF(Plan!$M$5:$M$24,"#"&$A38,Plan!G$5:G$24)) | K38: =IF($B38="",0,$E38*SUMIF(Plan!$M$5:$M$24,"#"&$A38,Plan!H$5:H$24)) | L38: =IF($B38="",0,$E38*SUMIF(Plan!$M$5:$M$24,"#"&$A38,Plan!I$5:I$24)) | M38: =IF($B38="",0,$E38*SUMIF(Plan!$M$5:$M$24,"#"&$A38,Plan!J$5:J$24)) | N38: =IF($B38="",0,$E38*SUMIF(Plan!$M$5:$M$24,"#"&$A38,Plan!K$5:K$24)) | O38: =IF($B38="",0,$E38*SUMIF(Plan!$M$5:$M$24,"#"&$A38,Plan!L$5:L$24)) | P38: =IF(B38="","","#"&B38) | Q38: =IF(A38="","","#"&A38)
A39: CRNE (Cortada Noreste) | B39: 1300000037 | C39: =IFERROR(INDEX(Materiales!$B$4:$B$484,MATCH("#"&$B39,Materiales!$K$4:$K$484,0)),"") | D39: =IFERROR(INDEX(Materiales!$C$4:$C$484,MATCH("#"&$B39,Materiales!$K$4:$K$484,0)),"") | F39: Perforacion | G39: Barreno / barra conica 4' | H39: =IF($B39="",0,$E39*SUMIF(Plan!$M$5:$M$24,"#"&$A39,Plan!E$5:E$24)) | I39: =IF($B39="",0,$E39*SUMIF(Plan!$M$5:$M$24,"#"&$A39,Plan!F$5:F$24)) | J39: =IF($B39="",0,$E39*SUMIF(Plan!$M$5:$M$24,"#"&$A39,Plan!G$5:G$24)) | K39: =IF($B39="",0,$E39*SUMIF(Plan!$M$5:$M$24,"#"&$A39,Plan!H$5:H$24)) | L39: =IF($B39="",0,$E39*SUMIF(Plan!$M$5:$M$24,"#"&$A39,Plan!I$5:I$24)) | M39: =IF($B39="",0,$E39*SUMIF(Plan!$M$5:$M$24,"#"&$A39,Plan!J$5:J$24)) | N39: =IF($B39="",0,$E39*SUMIF(Plan!$M$5:$M$24,"#"&$A39,Plan!K$5:K$24)) | O39: =IF($B39="",0,$E39*SUMIF(Plan!$M$5:$M$24,"#"&$A39,Plan!L$5:L$24)) | P39: =IF(B39="","","#"&B39) | Q39: =IF(A39="","","#"&A39)
A40: CRNE (Cortada Noreste) | B40: 1200000022 | C40: =IFERROR(INDEX(Materiales!$B$4:$B$484,MATCH("#"&$B40,Materiales!$K$4:$K$484,0)),"") | D40: =IFERROR(INDEX(Materiales!$C$4:$C$484,MATCH("#"&$B40,Materiales!$K$4:$K$484,0)),"") | F40: Perforacion | G40: Aceite de la perforadora por metro | H40: =IF($B40="",0,$E40*SUMIF(Plan!$M$5:$M$24,"#"&$A40,Plan!E$5:E$24)) | I40: =IF($B40="",0,$E40*SUMIF(Plan!$M$5:$M$24,"#"&$A40,Plan!F$5:F$24)) | J40: =IF($B40="",0,$E40*SUMIF(Plan!$M$5:$M$24,"#"&$A40,Plan!G$5:G$24)) | K40: =IF($B40="",0,$E40*SUMIF(Plan!$M$5:$M$24,"#"&$A40,Plan!H$5:H$24)) | L40: =IF($B40="",0,$E40*SUMIF(Plan!$M$5:$M$24,"#"&$A40,Plan!I$5:I$24)) | M40: =IF($B40="",0,$E40*SUMIF(Plan!$M$5:$M$24,"#"&$A40,Plan!J$5:J$24)) | N40: =IF($B40="",0,$E40*SUMIF(Plan!$M$5:$M$24,"#"&$A40,Plan!K$5:K$24)) | O40: =IF($B40="",0,$E40*SUMIF(Plan!$M$5:$M$24,"#"&$A40,Plan!L$5:L$24)) | P40: =IF(B40="","","#"&B40) | Q40: =IF(A40="","","#"&A40)
A41: CRNE (Cortada Noreste) | B41: M1000 | C41: =IFERROR(INDEX(Materiales!$B$4:$B$484,MATCH("#"&$B41,Materiales!$K$4:$K$484,0)),"") | D41: =IFERROR(INDEX(Materiales!$C$4:$C$484,MATCH("#"&$B41,Materiales!$K$4:$K$484,0)),"") | F41: Voladura | G41: Emulnor 1000: cartuchos por disparo / 1.5 | H41: =IF($B41="",0,$E41*SUMIF(Plan!$M$5:$M$24,"#"&$A41,Plan!E$5:E$24)) | I41: =IF($B41="",0,$E41*SUMIF(Plan!$M$5:$M$24,"#"&$A41,Plan!F$5:F$24)) | J41: =IF($B41="",0,$E41*SUMIF(Plan!$M$5:$M$24,"#"&$A41,Plan!G$5:G$24)) | K41: =IF($B41="",0,$E41*SUMIF(Plan!$M$5:$M$24,"#"&$A41,Plan!H$5:H$24)) | L41: =IF($B41="",0,$E41*SUMIF(Plan!$M$5:$M$24,"#"&$A41,Plan!I$5:I$24)) | M41: =IF($B41="",0,$E41*SUMIF(Plan!$M$5:$M$24,"#"&$A41,Plan!J$5:J$24)) | N41: =IF($B41="",0,$E41*SUMIF(Plan!$M$5:$M$24,"#"&$A41,Plan!K$5:K$24)) | O41: =IF($B41="",0,$E41*SUMIF(Plan!$M$5:$M$24,"#"&$A41,Plan!L$5:L$24)) | P41: =IF(B41="","","#"&B41) | Q41: =IF(A41="","","#"&A41)
A42: CRNE (Cortada Noreste) | B42: M3000 | C42: =IFERROR(INDEX(Materiales!$B$4:$B$484,MATCH("#"&$B42,Materiales!$K$4:$K$484,0)),"") | D42: =IFERROR(INDEX(Materiales!$C$4:$C$484,MATCH("#"&$B42,Materiales!$K$4:$K$484,0)),"") | F42: Voladura | G42: Emulnor 3000: cartuchos por disparo / 1.5 | H42: =IF($B42="",0,$E42*SUMIF(Plan!$M$5:$M$24,"#"&$A42,Plan!E$5:E$24)) | I42: =IF($B42="",0,$E42*SUMIF(Plan!$M$5:$M$24,"#"&$A42,Plan!F$5:F$24)) | J42: =IF($B42="",0,$E42*SUMIF(Plan!$M$5:$M$24,"#"&$A42,Plan!G$5:G$24)) | K42: =IF($B42="",0,$E42*SUMIF(Plan!$M$5:$M$24,"#"&$A42,Plan!H$5:H$24)) | L42: =IF($B42="",0,$E42*SUMIF(Plan!$M$5:$M$24,"#"&$A42,Plan!I$5:I$24)) | M42: =IF($B42="",0,$E42*SUMIF(Plan!$M$5:$M$24,"#"&$A42,Plan!J$5:J$24)) | N42: =IF($B42="",0,$E42*SUMIF(Plan!$M$5:$M$24,"#"&$A42,Plan!K$5:K$24)) | O42: =IF($B42="",0,$E42*SUMIF(Plan!$M$5:$M$24,"#"&$A42,Plan!L$5:L$24)) | P42: =IF(B42="","","#"&B42) | Q42: =IF(A42="","","#"&A42)
A43: CRNE (Cortada Noreste) | B43: CARMEX240 | C43: =IFERROR(INDEX(Materiales!$B$4:$B$484,MATCH("#"&$B43,Materiales!$K$4:$K$484,0)),"") | D43: =IFERROR(INDEX(Materiales!$C$4:$C$484,MATCH("#"&$B43,Materiales!$K$4:$K$484,0)),"") | F43: Voladura | G43: Carmex: uno por taladro cargado / 1.5 | H43: =IF($B43="",0,$E43*SUMIF(Plan!$M$5:$M$24,"#"&$A43,Plan!E$5:E$24)) | I43: =IF($B43="",0,$E43*SUMIF(Plan!$M$5:$M$24,"#"&$A43,Plan!F$5:F$24)) | J43: =IF($B43="",0,$E43*SUMIF(Plan!$M$5:$M$24,"#"&$A43,Plan!G$5:G$24)) | K43: =IF($B43="",0,$E43*SUMIF(Plan!$M$5:$M$24,"#"&$A43,Plan!H$5:H$24)) | L43: =IF($B43="",0,$E43*SUMIF(Plan!$M$5:$M$24,"#"&$A43,Plan!I$5:I$24)) | M43: =IF($B43="",0,$E43*SUMIF(Plan!$M$5:$M$24,"#"&$A43,Plan!J$5:J$24)) | N43: =IF($B43="",0,$E43*SUMIF(Plan!$M$5:$M$24,"#"&$A43,Plan!K$5:K$24)) | O43: =IF($B43="",0,$E43*SUMIF(Plan!$M$5:$M$24,"#"&$A43,Plan!L$5:L$24)) | P43: =IF(B43="","","#"&B43) | Q43: =IF(A43="","","#"&A43)
A44: CRNE (Cortada Noreste) | B44: NEITHER | C44: =IFERROR(INDEX(Materiales!$B$4:$B$484,MATCH("#"&$B44,Materiales!$K$4:$K$484,0)),"") | D44: =IFERROR(INDEX(Materiales!$C$4:$C$484,MATCH("#"&$B44,Materiales!$K$4:$K$484,0)),"") | F44: Voladura | G44: Mecha rapida de ignicion, metros por disparo / 1.5 | H44: =IF($B44="",0,$E44*SUMIF(Plan!$M$5:$M$24,"#"&$A44,Plan!E$5:E$24)) | I44: =IF($B44="",0,$E44*SUMIF(Plan!$M$5:$M$24,"#"&$A44,Plan!F$5:F$24)) | J44: =IF($B44="",0,$E44*SUMIF(Plan!$M$5:$M$24,"#"&$A44,Plan!G$5:G$24)) | K44: =IF($B44="",0,$E44*SUMIF(Plan!$M$5:$M$24,"#"&$A44,Plan!H$5:H$24)) | L44: =IF($B44="",0,$E44*SUMIF(Plan!$M$5:$M$24,"#"&$A44,Plan!I$5:I$24)) | M44: =IF($B44="",0,$E44*SUMIF(Plan!$M$5:$M$24,"#"&$A44,Plan!J$5:J$24)) | N44: =IF($B44="",0,$E44*SUMIF(Plan!$M$5:$M$24,"#"&$A44,Plan!K$5:K$24)) | O44: =IF($B44="",0,$E44*SUMIF(Plan!$M$5:$M$24,"#"&$A44,Plan!L$5:L$24)) | P44: =IF(B44="","","#"&B44) | Q44: =IF(A44="","","#"&A44)
A45: CRNE (Cortada Noreste) | B45: 1500000031 | C45: =IFERROR(INDEX(Materiales!$B$4:$B$484,MATCH("#"&$B45,Materiales!$K$4:$K$484,0)),"") | D45: =IFERROR(INDEX(Materiales!$C$4:$C$484,MATCH("#"&$B45,Materiales!$K$4:$K$484,0)),"") | F45: Voladura | G45: Atacadores de madera | H45: =IF($B45="",0,$E45*SUMIF(Plan!$M$5:$M$24,"#"&$A45,Plan!E$5:E$24)) | I45: =IF($B45="",0,$E45*SUMIF(Plan!$M$5:$M$24,"#"&$A45,Plan!F$5:F$24)) | J45: =IF($B45="",0,$E45*SUMIF(Plan!$M$5:$M$24,"#"&$A45,Plan!G$5:G$24)) | K45: =IF($B45="",0,$E45*SUMIF(Plan!$M$5:$M$24,"#"&$A45,Plan!H$5:H$24)) | L45: =IF($B45="",0,$E45*SUMIF(Plan!$M$5:$M$24,"#"&$A45,Plan!I$5:I$24)) | M45: =IF($B45="",0,$E45*SUMIF(Plan!$M$5:$M$24,"#"&$A45,Plan!J$5:J$24)) | N45: =IF($B45="",0,$E45*SUMIF(Plan!$M$5:$M$24,"#"&$A45,Plan!K$5:K$24)) | O45: =IF($B45="",0,$E45*SUMIF(Plan!$M$5:$M$24,"#"&$A45,Plan!L$5:L$24)) | P45: =IF(B45="","","#"&B45) | Q45: =IF(A45="","","#"&A45)
A46: CRNE (Cortada Noreste) | B46: 1500002859 | C46: =IFERROR(INDEX(Materiales!$B$4:$B$484,MATCH("#"&$B46,Materiales!$K$4:$K$484,0)),"") | D46: =IFERROR(INDEX(Materiales!$C$4:$C$484,MATCH("#"&$B46,Materiales!$K$4:$K$484,0)),"") | F46: Voladura | G46: Saco metalero | H46: =IF($B46="",0,$E46*SUMIF(Plan!$M$5:$M$24,"#"&$A46,Plan!E$5:E$24)) | I46: =IF($B46="",0,$E46*SUMIF(Plan!$M$5:$M$24,"#"&$A46,Plan!F$5:F$24)) | J46: =IF($B46="",0,$E46*SUMIF(Plan!$M$5:$M$24,"#"&$A46,Plan!G$5:G$24)) | K46: =IF($B46="",0,$E46*SUMIF(Plan!$M$5:$M$24,"#"&$A46,Plan!H$5:H$24)) | L46: =IF($B46="",0,$E46*SUMIF(Plan!$M$5:$M$24,"#"&$A46,Plan!I$5:I$24)) | M46: =IF($B46="",0,$E46*SUMIF(Plan!$M$5:$M$24,"#"&$A46,Plan!J$5:J$24)) | N46: =IF($B46="",0,$E46*SUMIF(Plan!$M$5:$M$24,"#"&$A46,Plan!K$5:K$24)) | O46: =IF($B46="",0,$E46*SUMIF(Plan!$M$5:$M$24,"#"&$A46,Plan!L$5:L$24)) | P46: =IF(B46="","","#"&B46) | Q46: =IF(A46="","","#"&A46)
A47: CRNE (Cortada Noreste) | B47: 1500003424 | C47: =IFERROR(INDEX(Materiales!$B$4:$B$484,MATCH("#"&$B47,Materiales!$K$4:$K$484,0)),"") | D47: =IFERROR(INDEX(Materiales!$C$4:$C$484,MATCH("#"&$B47,Materiales!$K$4:$K$484,0)),"") | E47: =1/(2.42-2*0.21) | F47: Sostenimiento | G47: DATO REAL: la malla mide 2.42 m de ancho y se recortan 21 cm de traslape a CADA lado, asi que cubre 2.42 - 0.21 - 0.21 = 2.00 m de avance -> 1 malla cada 2 m. OJO: el maestro la vende en ROLL de 2.42 x 25 m — confirmar si 1 malla = 1 ROLL o un paño cortado. | H47: =IF($B47="",0,$E47*SUMIF(Plan!$M$5:$M$24,"#"&$A47,Plan!E$5:E$24)) | I47: =IF($B47="",0,$E47*SUMIF(Plan!$M$5:$M$24,"#"&$A47,Plan!F$5:F$24)) | J47: =IF($B47="",0,$E47*SUMIF(Plan!$M$5:$M$24,"#"&$A47,Plan!G$5:G$24)) | K47: =IF($B47="",0,$E47*SUMIF(Plan!$M$5:$M$24,"#"&$A47,Plan!H$5:H$24)) | L47: =IF($B47="",0,$E47*SUMIF(Plan!$M$5:$M$24,"#"&$A47,Plan!I$5:I$24)) | M47: =IF($B47="",0,$E47*SUMIF(Plan!$M$5:$M$24,"#"&$A47,Plan!J$5:J$24)) | N47: =IF($B47="",0,$E47*SUMIF(Plan!$M$5:$M$24,"#"&$A47,Plan!K$5:K$24)) | O47: =IF($B47="",0,$E47*SUMIF(Plan!$M$5:$M$24,"#"&$A47,Plan!L$5:L$24)) | P47: =IF(B47="","","#"&B47) | Q47: =IF(A47="","","#"&A47)
A48: CRNE (Cortada Noreste) | B48: 1500001441 | C48: =IFERROR(INDEX(Materiales!$B$4:$B$484,MATCH("#"&$B48,Materiales!$K$4:$K$484,0)),"") | D48: =IFERROR(INDEX(Materiales!$C$4:$C$484,MATCH("#"&$B48,Materiales!$K$4:$K$484,0)),"") | E48: =11/1.5 | F48: Sostenimiento | G48: DATO REAL: 11 pernos por disparo de 1.5 m, seccion 3.5 x 3.5 m | H48: =IF($B48="",0,$E48*SUMIF(Plan!$M$5:$M$24,"#"&$A48,Plan!E$5:E$24)) | I48: =IF($B48="",0,$E48*SUMIF(Plan!$M$5:$M$24,"#"&$A48,Plan!F$5:F$24)) | J48: =IF($B48="",0,$E48*SUMIF(Plan!$M$5:$M$24,"#"&$A48,Plan!G$5:G$24)) | K48: =IF($B48="",0,$E48*SUMIF(Plan!$M$5:$M$24,"#"&$A48,Plan!H$5:H$24)) | L48: =IF($B48="",0,$E48*SUMIF(Plan!$M$5:$M$24,"#"&$A48,Plan!I$5:I$24)) | M48: =IF($B48="",0,$E48*SUMIF(Plan!$M$5:$M$24,"#"&$A48,Plan!J$5:J$24)) | N48: =IF($B48="",0,$E48*SUMIF(Plan!$M$5:$M$24,"#"&$A48,Plan!K$5:K$24)) | O48: =IF($B48="",0,$E48*SUMIF(Plan!$M$5:$M$24,"#"&$A48,Plan!L$5:L$24)) | P48: =IF(B48="","","#"&B48) | Q48: =IF(A48="","","#"&A48)
A49: CRNE (Cortada Noreste) | B49: 1500003208 | C49: =IFERROR(INDEX(Materiales!$B$4:$B$484,MATCH("#"&$B49,Materiales!$K$4:$K$484,0)),"") | D49: =IFERROR(INDEX(Materiales!$C$4:$C$484,MATCH("#"&$B49,Materiales!$K$4:$K$484,0)),"") | E49: =22/1.5 | F49: Sostenimiento | G49: SUPUESTO — 2 cartuchos de resina por perno (11 x 2 = 22 por disparo). CONFIRMAR. | H49: =IF($B49="",0,$E49*SUMIF(Plan!$M$5:$M$24,"#"&$A49,Plan!E$5:E$24)) | I49: =IF($B49="",0,$E49*SUMIF(Plan!$M$5:$M$24,"#"&$A49,Plan!F$5:F$24)) | J49: =IF($B49="",0,$E49*SUMIF(Plan!$M$5:$M$24,"#"&$A49,Plan!G$5:G$24)) | K49: =IF($B49="",0,$E49*SUMIF(Plan!$M$5:$M$24,"#"&$A49,Plan!H$5:H$24)) | L49: =IF($B49="",0,$E49*SUMIF(Plan!$M$5:$M$24,"#"&$A49,Plan!I$5:I$24)) | M49: =IF($B49="",0,$E49*SUMIF(Plan!$M$5:$M$24,"#"&$A49,Plan!J$5:J$24)) | N49: =IF($B49="",0,$E49*SUMIF(Plan!$M$5:$M$24,"#"&$A49,Plan!K$5:K$24)) | O49: =IF($B49="",0,$E49*SUMIF(Plan!$M$5:$M$24,"#"&$A49,Plan!L$5:L$24)) | P49: =IF(B49="","","#"&B49) | Q49: =IF(A49="","","#"&A49)
A50: CRNE (Cortada Noreste) | B50: 1500003087 | C50: =IFERROR(INDEX(Materiales!$B$4:$B$484,MATCH("#"&$B50,Materiales!$K$4:$K$484,0)),"") | D50: =IFERROR(INDEX(Materiales!$C$4:$C$484,MATCH("#"&$B50,Materiales!$K$4:$K$484,0)),"") | F50: Sostenimiento | G50: Cartucho de cemento, si se usa en vez de resina | H50: =IF($B50="",0,$E50*SUMIF(Plan!$M$5:$M$24,"#"&$A50,Plan!E$5:E$24)) | I50: =IF($B50="",0,$E50*SUMIF(Plan!$M$5:$M$24,"#"&$A50,Plan!F$5:F$24)) | J50: =IF($B50="",0,$E50*SUMIF(Plan!$M$5:$M$24,"#"&$A50,Plan!G$5:G$24)) | K50: =IF($B50="",0,$E50*SUMIF(Plan!$M$5:$M$24,"#"&$A50,Plan!H$5:H$24)) | L50: =IF($B50="",0,$E50*SUMIF(Plan!$M$5:$M$24,"#"&$A50,Plan!I$5:I$24)) | M50: =IF($B50="",0,$E50*SUMIF(Plan!$M$5:$M$24,"#"&$A50,Plan!J$5:J$24)) | N50: =IF($B50="",0,$E50*SUMIF(Plan!$M$5:$M$24,"#"&$A50,Plan!K$5:K$24)) | O50: =IF($B50="",0,$E50*SUMIF(Plan!$M$5:$M$24,"#"&$A50,Plan!L$5:L$24)) | P50: =IF(B50="","","#"&B50) | Q50: =IF(A50="","","#"&A50)
A51: CRNE (Cortada Noreste) | B51: 1500003182 | C51: =IFERROR(INDEX(Materiales!$B$4:$B$484,MATCH("#"&$B51,Materiales!$K$4:$K$484,0)),"") | D51: =IFERROR(INDEX(Materiales!$C$4:$C$484,MATCH("#"&$B51,Materiales!$K$4:$K$484,0)),"") | F51: Sostenimiento | G51: Adaptador de perno helicoidal | H51: =IF($B51="",0,$E51*SUMIF(Plan!$M$5:$M$24,"#"&$A51,Plan!E$5:E$24)) | I51: =IF($B51="",0,$E51*SUMIF(Plan!$M$5:$M$24,"#"&$A51,Plan!F$5:F$24)) | J51: =IF($B51="",0,$E51*SUMIF(Plan!$M$5:$M$24,"#"&$A51,Plan!G$5:G$24)) | K51: =IF($B51="",0,$E51*SUMIF(Plan!$M$5:$M$24,"#"&$A51,Plan!H$5:H$24)) | L51: =IF($B51="",0,$E51*SUMIF(Plan!$M$5:$M$24,"#"&$A51,Plan!I$5:I$24)) | M51: =IF($B51="",0,$E51*SUMIF(Plan!$M$5:$M$24,"#"&$A51,Plan!J$5:J$24)) | N51: =IF($B51="",0,$E51*SUMIF(Plan!$M$5:$M$24,"#"&$A51,Plan!K$5:K$24)) | O51: =IF($B51="",0,$E51*SUMIF(Plan!$M$5:$M$24,"#"&$A51,Plan!L$5:L$24)) | P51: =IF(B51="","","#"&B51) | Q51: =IF(A51="","","#"&A51)
A52: CRNE (Cortada Noreste) | B52: 2100000014 | C52: =IFERROR(INDEX(Materiales!$B$4:$B$484,MATCH("#"&$B52,Materiales!$K$4:$K$484,0)),"") | D52: =IFERROR(INDEX(Materiales!$C$4:$C$484,MATCH("#"&$B52,Materiales!$K$4:$K$484,0)),"") | F52: Ventilacion | G52: Manga de 30": metros de manga por metro de avance (normalmente 1) | H52: =IF($B52="",0,$E52*SUMIF(Plan!$M$5:$M$24,"#"&$A52,Plan!E$5:E$24)) | I52: =IF($B52="",0,$E52*SUMIF(Plan!$M$5:$M$24,"#"&$A52,Plan!F$5:F$24)) | J52: =IF($B52="",0,$E52*SUMIF(Plan!$M$5:$M$24,"#"&$A52,Plan!G$5:G$24)) | K52: =IF($B52="",0,$E52*SUMIF(Plan!$M$5:$M$24,"#"&$A52,Plan!H$5:H$24)) | L52: =IF($B52="",0,$E52*SUMIF(Plan!$M$5:$M$24,"#"&$A52,Plan!I$5:I$24)) | M52: =IF($B52="",0,$E52*SUMIF(Plan!$M$5:$M$24,"#"&$A52,Plan!J$5:J$24)) | N52: =IF($B52="",0,$E52*SUMIF(Plan!$M$5:$M$24,"#"&$A52,Plan!K$5:K$24)) | O52: =IF($B52="",0,$E52*SUMIF(Plan!$M$5:$M$24,"#"&$A52,Plan!L$5:L$24)) | P52: =IF(B52="","","#"&B52) | Q52: =IF(A52="","","#"&A52)
A53: CRNE (Cortada Noreste) | B53: 1900000203 | C53: =IFERROR(INDEX(Materiales!$B$4:$B$484,MATCH("#"&$B53,Materiales!$K$4:$K$484,0)),"") | D53: =IFERROR(INDEX(Materiales!$C$4:$C$484,MATCH("#"&$B53,Materiales!$K$4:$K$484,0)),"") | F53: Servicios | G53: Tuberia de agua 2": metros por metro de avance | H53: =IF($B53="",0,$E53*SUMIF(Plan!$M$5:$M$24,"#"&$A53,Plan!E$5:E$24)) | I53: =IF($B53="",0,$E53*SUMIF(Plan!$M$5:$M$24,"#"&$A53,Plan!F$5:F$24)) | J53: =IF($B53="",0,$E53*SUMIF(Plan!$M$5:$M$24,"#"&$A53,Plan!G$5:G$24)) | K53: =IF($B53="",0,$E53*SUMIF(Plan!$M$5:$M$24,"#"&$A53,Plan!H$5:H$24)) | L53: =IF($B53="",0,$E53*SUMIF(Plan!$M$5:$M$24,"#"&$A53,Plan!I$5:I$24)) | M53: =IF($B53="",0,$E53*SUMIF(Plan!$M$5:$M$24,"#"&$A53,Plan!J$5:J$24)) | N53: =IF($B53="",0,$E53*SUMIF(Plan!$M$5:$M$24,"#"&$A53,Plan!K$5:K$24)) | O53: =IF($B53="",0,$E53*SUMIF(Plan!$M$5:$M$24,"#"&$A53,Plan!L$5:L$24)) | P53: =IF(B53="","","#"&B53) | Q53: =IF(A53="","","#"&A53)
A54: CRNE (Cortada Noreste) | B54: 1900000205 | C54: =IFERROR(INDEX(Materiales!$B$4:$B$484,MATCH("#"&$B54,Materiales!$K$4:$K$484,0)),"") | D54: =IFERROR(INDEX(Materiales!$C$4:$C$484,MATCH("#"&$B54,Materiales!$K$4:$K$484,0)),"") | F54: Servicios | G54: Tuberia de aire 1": metros por metro de avance | H54: =IF($B54="",0,$E54*SUMIF(Plan!$M$5:$M$24,"#"&$A54,Plan!E$5:E$24)) | I54: =IF($B54="",0,$E54*SUMIF(Plan!$M$5:$M$24,"#"&$A54,Plan!F$5:F$24)) | J54: =IF($B54="",0,$E54*SUMIF(Plan!$M$5:$M$24,"#"&$A54,Plan!G$5:G$24)) | K54: =IF($B54="",0,$E54*SUMIF(Plan!$M$5:$M$24,"#"&$A54,Plan!H$5:H$24)) | L54: =IF($B54="",0,$E54*SUMIF(Plan!$M$5:$M$24,"#"&$A54,Plan!I$5:I$24)) | M54: =IF($B54="",0,$E54*SUMIF(Plan!$M$5:$M$24,"#"&$A54,Plan!J$5:J$24)) | N54: =IF($B54="",0,$E54*SUMIF(Plan!$M$5:$M$24,"#"&$A54,Plan!K$5:K$24)) | O54: =IF($B54="",0,$E54*SUMIF(Plan!$M$5:$M$24,"#"&$A54,Plan!L$5:L$24)) | P54: =IF(B54="","","#"&B54) | Q54: =IF(A54="","","#"&A54)
A55: CRNE (Cortada Noreste) | C55: =IFERROR(INDEX(Materiales!$B$4:$B$484,MATCH("#"&$B55,Materiales!$K$4:$K$484,0)),"") | D55: =IFERROR(INDEX(Materiales!$C$4:$C$484,MATCH("#"&$B55,Materiales!$K$4:$K$484,0)),"") | H55: =IF($B55="",0,$E55*SUMIF(Plan!$M$5:$M$24,"#"&$A55,Plan!E$5:E$24)) | I55: =IF($B55="",0,$E55*SUMIF(Plan!$M$5:$M$24,"#"&$A55,Plan!F$5:F$24)) | J55: =IF($B55="",0,$E55*SUMIF(Plan!$M$5:$M$24,"#"&$A55,Plan!G$5:G$24)) | K55: =IF($B55="",0,$E55*SUMIF(Plan!$M$5:$M$24,"#"&$A55,Plan!H$5:H$24)) | L55: =IF($B55="",0,$E55*SUMIF(Plan!$M$5:$M$24,"#"&$A55,Plan!I$5:I$24)) | M55: =IF($B55="",0,$E55*SUMIF(Plan!$M$5:$M$24,"#"&$A55,Plan!J$5:J$24)) | N55: =IF($B55="",0,$E55*SUMIF(Plan!$M$5:$M$24,"#"&$A55,Plan!K$5:K$24)) | O55: =IF($B55="",0,$E55*SUMIF(Plan!$M$5:$M$24,"#"&$A55,Plan!L$5:L$24)) | P55: =IF(B55="","","#"&B55) | Q55: =IF(A55="","","#"&A55)
A56: CRNE (Cortada Noreste) | C56: =IFERROR(INDEX(Materiales!$B$4:$B$484,MATCH("#"&$B56,Materiales!$K$4:$K$484,0)),"") | D56: =IFERROR(INDEX(Materiales!$C$4:$C$484,MATCH("#"&$B56,Materiales!$K$4:$K$484,0)),"") | H56: =IF($B56="",0,$E56*SUMIF(Plan!$M$5:$M$24,"#"&$A56,Plan!E$5:E$24)) | I56: =IF($B56="",0,$E56*SUMIF(Plan!$M$5:$M$24,"#"&$A56,Plan!F$5:F$24)) | J56: =IF($B56="",0,$E56*SUMIF(Plan!$M$5:$M$24,"#"&$A56,Plan!G$5:G$24)) | K56: =IF($B56="",0,$E56*SUMIF(Plan!$M$5:$M$24,"#"&$A56,Plan!H$5:H$24)) | L56: =IF($B56="",0,$E56*SUMIF(Plan!$M$5:$M$24,"#"&$A56,Plan!I$5:I$24)) | M56: =IF($B56="",0,$E56*SUMIF(Plan!$M$5:$M$24,"#"&$A56,Plan!J$5:J$24)) | N56: =IF($B56="",0,$E56*SUMIF(Plan!$M$5:$M$24,"#"&$A56,Plan!K$5:K$24)) | O56: =IF($B56="",0,$E56*SUMIF(Plan!$M$5:$M$24,"#"&$A56,Plan!L$5:L$24)) | P56: =IF(B56="","","#"&B56) | Q56: =IF(A56="","","#"&A56)
A57: CRNE (Cortada Noreste) | C57: =IFERROR(INDEX(Materiales!$B$4:$B$484,MATCH("#"&$B57,Materiales!$K$4:$K$484,0)),"") | D57: =IFERROR(INDEX(Materiales!$C$4:$C$484,MATCH("#"&$B57,Materiales!$K$4:$K$484,0)),"") | H57: =IF($B57="",0,$E57*SUMIF(Plan!$M$5:$M$24,"#"&$A57,Plan!E$5:E$24)) | I57: =IF($B57="",0,$E57*SUMIF(Plan!$M$5:$M$24,"#"&$A57,Plan!F$5:F$24)) | J57: =IF($B57="",0,$E57*SUMIF(Plan!$M$5:$M$24,"#"&$A57,Plan!G$5:G$24)) | K57: =IF($B57="",0,$E57*SUMIF(Plan!$M$5:$M$24,"#"&$A57,Plan!H$5:H$24)) | L57: =IF($B57="",0,$E57*SUMIF(Plan!$M$5:$M$24,"#"&$A57,Plan!I$5:I$24)) | M57: =IF($B57="",0,$E57*SUMIF(Plan!$M$5:$M$24,"#"&$A57,Plan!J$5:J$24)) | N57: =IF($B57="",0,$E57*SUMIF(Plan!$M$5:$M$24,"#"&$A57,Plan!K$5:K$24)) | O57: =IF($B57="",0,$E57*SUMIF(Plan!$M$5:$M$24,"#"&$A57,Plan!L$5:L$24)) | P57: =IF(B57="","","#"&B57) | Q57: =IF(A57="","","#"&A57)
A58: CRNE (Cortada Noreste) | C58: =IFERROR(INDEX(Materiales!$B$4:$B$484,MATCH("#"&$B58,Materiales!$K$4:$K$484,0)),"") | D58: =IFERROR(INDEX(Materiales!$C$4:$C$484,MATCH("#"&$B58,Materiales!$K$4:$K$484,0)),"") | H58: =IF($B58="",0,$E58*SUMIF(Plan!$M$5:$M$24,"#"&$A58,Plan!E$5:E$24)) | I58: =IF($B58="",0,$E58*SUMIF(Plan!$M$5:$M$24,"#"&$A58,Plan!F$5:F$24)) | J58: =IF($B58="",0,$E58*SUMIF(Plan!$M$5:$M$24,"#"&$A58,Plan!G$5:G$24)) | K58: =IF($B58="",0,$E58*SUMIF(Plan!$M$5:$M$24,"#"&$A58,Plan!H$5:H$24)) | L58: =IF($B58="",0,$E58*SUMIF(Plan!$M$5:$M$24,"#"&$A58,Plan!I$5:I$24)) | M58: =IF($B58="",0,$E58*SUMIF(Plan!$M$5:$M$24,"#"&$A58,Plan!J$5:J$24)) | N58: =IF($B58="",0,$E58*SUMIF(Plan!$M$5:$M$24,"#"&$A58,Plan!K$5:K$24)) | O58: =IF($B58="",0,$E58*SUMIF(Plan!$M$5:$M$24,"#"&$A58,Plan!L$5:L$24)) | P58: =IF(B58="","","#"&B58) | Q58: =IF(A58="","","#"&A58)
A59: CRNE (Cortada Noreste) | C59: =IFERROR(INDEX(Materiales!$B$4:$B$484,MATCH("#"&$B59,Materiales!$K$4:$K$484,0)),"") | D59: =IFERROR(INDEX(Materiales!$C$4:$C$484,MATCH("#"&$B59,Materiales!$K$4:$K$484,0)),"") | H59: =IF($B59="",0,$E59*SUMIF(Plan!$M$5:$M$24,"#"&$A59,Plan!E$5:E$24)) | I59: =IF($B59="",0,$E59*SUMIF(Plan!$M$5:$M$24,"#"&$A59,Plan!F$5:F$24)) | J59: =IF($B59="",0,$E59*SUMIF(Plan!$M$5:$M$24,"#"&$A59,Plan!G$5:G$24)) | K59: =IF($B59="",0,$E59*SUMIF(Plan!$M$5:$M$24,"#"&$A59,Plan!H$5:H$24)) | L59: =IF($B59="",0,$E59*SUMIF(Plan!$M$5:$M$24,"#"&$A59,Plan!I$5:I$24)) | M59: =IF($B59="",0,$E59*SUMIF(Plan!$M$5:$M$24,"#"&$A59,Plan!J$5:J$24)) | N59: =IF($B59="",0,$E59*SUMIF(Plan!$M$5:$M$24,"#"&$A59,Plan!K$5:K$24)) | O59: =IF($B59="",0,$E59*SUMIF(Plan!$M$5:$M$24,"#"&$A59,Plan!L$5:L$24)) | P59: =IF(B59="","","#"&B59) | Q59: =IF(A59="","","#"&A59)
A60: CRNE (Cortada Noreste) | C60: =IFERROR(INDEX(Materiales!$B$4:$B$484,MATCH("#"&$B60,Materiales!$K$4:$K$484,0)),"") | D60: =IFERROR(INDEX(Materiales!$C$4:$C$484,MATCH("#"&$B60,Materiales!$K$4:$K$484,0)),"") | H60: =IF($B60="",0,$E60*SUMIF(Plan!$M$5:$M$24,"#"&$A60,Plan!E$5:E$24)) | I60: =IF($B60="",0,$E60*SUMIF(Plan!$M$5:$M$24,"#"&$A60,Plan!F$5:F$24)) | J60: =IF($B60="",0,$E60*SUMIF(Plan!$M$5:$M$24,"#"&$A60,Plan!G$5:G$24)) | K60: =IF($B60="",0,$E60*SUMIF(Plan!$M$5:$M$24,"#"&$A60,Plan!H$5:H$24)) | L60: =IF($B60="",0,$E60*SUMIF(Plan!$M$5:$M$24,"#"&$A60,Plan!I$5:I$24)) | M60: =IF($B60="",0,$E60*SUMIF(Plan!$M$5:$M$24,"#"&$A60,Plan!J$5:J$24)) | N60: =IF($B60="",0,$E60*SUMIF(Plan!$M$5:$M$24,"#"&$A60,Plan!K$5:K$24)) | O60: =IF($B60="",0,$E60*SUMIF(Plan!$M$5:$M$24,"#"&$A60,Plan!L$5:L$24)) | P60: =IF(B60="","","#"&B60) | Q60: =IF(A60="","","#"&A60)
A61: CRNE (Cortada Noreste) | C61: =IFERROR(INDEX(Materiales!$B$4:$B$484,MATCH("#"&$B61,Materiales!$K$4:$K$484,0)),"") | D61: =IFERROR(INDEX(Materiales!$C$4:$C$484,MATCH("#"&$B61,Materiales!$K$4:$K$484,0)),"") | H61: =IF($B61="",0,$E61*SUMIF(Plan!$M$5:$M$24,"#"&$A61,Plan!E$5:E$24)) | I61: =IF($B61="",0,$E61*SUMIF(Plan!$M$5:$M$24,"#"&$A61,Plan!F$5:F$24)) | J61: =IF($B61="",0,$E61*SUMIF(Plan!$M$5:$M$24,"#"&$A61,Plan!G$5:G$24)) | K61: =IF($B61="",0,$E61*SUMIF(Plan!$M$5:$M$24,"#"&$A61,Plan!H$5:H$24)) | L61: =IF($B61="",0,$E61*SUMIF(Plan!$M$5:$M$24,"#"&$A61,Plan!I$5:I$24)) | M61: =IF($B61="",0,$E61*SUMIF(Plan!$M$5:$M$24,"#"&$A61,Plan!J$5:J$24)) | N61: =IF($B61="",0,$E61*SUMIF(Plan!$M$5:$M$24,"#"&$A61,Plan!K$5:K$24)) | O61: =IF($B61="",0,$E61*SUMIF(Plan!$M$5:$M$24,"#"&$A61,Plan!L$5:L$24)) | P61: =IF(B61="","","#"&B61) | Q61: =IF(A61="","","#"&A61)
A62: CRNE (Cortada Noreste) | C62: =IFERROR(INDEX(Materiales!$B$4:$B$484,MATCH("#"&$B62,Materiales!$K$4:$K$484,0)),"") | D62: =IFERROR(INDEX(Materiales!$C$4:$C$484,MATCH("#"&$B62,Materiales!$K$4:$K$484,0)),"") | H62: =IF($B62="",0,$E62*SUMIF(Plan!$M$5:$M$24,"#"&$A62,Plan!E$5:E$24)) | I62: =IF($B62="",0,$E62*SUMIF(Plan!$M$5:$M$24,"#"&$A62,Plan!F$5:F$24)) | J62: =IF($B62="",0,$E62*SUMIF(Plan!$M$5:$M$24,"#"&$A62,Plan!G$5:G$24)) | K62: =IF($B62="",0,$E62*SUMIF(Plan!$M$5:$M$24,"#"&$A62,Plan!H$5:H$24)) | L62: =IF($B62="",0,$E62*SUMIF(Plan!$M$5:$M$24,"#"&$A62,Plan!I$5:I$24)) | M62: =IF($B62="",0,$E62*SUMIF(Plan!$M$5:$M$24,"#"&$A62,Plan!J$5:J$24)) | N62: =IF($B62="",0,$E62*SUMIF(Plan!$M$5:$M$24,"#"&$A62,Plan!K$5:K$24)) | O62: =IF($B62="",0,$E62*SUMIF(Plan!$M$5:$M$24,"#"&$A62,Plan!L$5:L$24)) | P62: =IF(B62="","","#"&B62) | Q62: =IF(A62="","","#"&A62)
A63: CRNE (Cortada Noreste) | C63: =IFERROR(INDEX(Materiales!$B$4:$B$484,MATCH("#"&$B63,Materiales!$K$4:$K$484,0)),"") | D63: =IFERROR(INDEX(Materiales!$C$4:$C$484,MATCH("#"&$B63,Materiales!$K$4:$K$484,0)),"") | H63: =IF($B63="",0,$E63*SUMIF(Plan!$M$5:$M$24,"#"&$A63,Plan!E$5:E$24)) | I63: =IF($B63="",0,$E63*SUMIF(Plan!$M$5:$M$24,"#"&$A63,Plan!F$5:F$24)) | J63: =IF($B63="",0,$E63*SUMIF(Plan!$M$5:$M$24,"#"&$A63,Plan!G$5:G$24)) | K63: =IF($B63="",0,$E63*SUMIF(Plan!$M$5:$M$24,"#"&$A63,Plan!H$5:H$24)) | L63: =IF($B63="",0,$E63*SUMIF(Plan!$M$5:$M$24,"#"&$A63,Plan!I$5:I$24)) | M63: =IF($B63="",0,$E63*SUMIF(Plan!$M$5:$M$24,"#"&$A63,Plan!J$5:J$24)) | N63: =IF($B63="",0,$E63*SUMIF(Plan!$M$5:$M$24,"#"&$A63,Plan!K$5:K$24)) | O63: =IF($B63="",0,$E63*SUMIF(Plan!$M$5:$M$24,"#"&$A63,Plan!L$5:L$24)) | P63: =IF(B63="","","#"&B63) | Q63: =IF(A63="","","#"&A63)
A64: CRNE (Cortada Noreste) | C64: =IFERROR(INDEX(Materiales!$B$4:$B$484,MATCH("#"&$B64,Materiales!$K$4:$K$484,0)),"") | D64: =IFERROR(INDEX(Materiales!$C$4:$C$484,MATCH("#"&$B64,Materiales!$K$4:$K$484,0)),"") | H64: =IF($B64="",0,$E64*SUMIF(Plan!$M$5:$M$24,"#"&$A64,Plan!E$5:E$24)) | I64: =IF($B64="",0,$E64*SUMIF(Plan!$M$5:$M$24,"#"&$A64,Plan!F$5:F$24)) | J64: =IF($B64="",0,$E64*SUMIF(Plan!$M$5:$M$24,"#"&$A64,Plan!G$5:G$24)) | K64: =IF($B64="",0,$E64*SUMIF(Plan!$M$5:$M$24,"#"&$A64,Plan!H$5:H$24)) | L64: =IF($B64="",0,$E64*SUMIF(Plan!$M$5:$M$24,"#"&$A64,Plan!I$5:I$24)) | M64: =IF($B64="",0,$E64*SUMIF(Plan!$M$5:$M$24,"#"&$A64,Plan!J$5:J$24)) | N64: =IF($B64="",0,$E64*SUMIF(Plan!$M$5:$M$24,"#"&$A64,Plan!K$5:K$24)) | O64: =IF($B64="",0,$E64*SUMIF(Plan!$M$5:$M$24,"#"&$A64,Plan!L$5:L$24)) | P64: =IF(B64="","","#"&B64) | Q64: =IF(A64="","","#"&A64)
A65: CRNE (Cortada Noreste) | C65: =IFERROR(INDEX(Materiales!$B$4:$B$484,MATCH("#"&$B65,Materiales!$K$4:$K$484,0)),"") | D65: =IFERROR(INDEX(Materiales!$C$4:$C$484,MATCH("#"&$B65,Materiales!$K$4:$K$484,0)),"") | H65: =IF($B65="",0,$E65*SUMIF(Plan!$M$5:$M$24,"#"&$A65,Plan!E$5:E$24)) | I65: =IF($B65="",0,$E65*SUMIF(Plan!$M$5:$M$24,"#"&$A65,Plan!F$5:F$24)) | J65: =IF($B65="",0,$E65*SUMIF(Plan!$M$5:$M$24,"#"&$A65,Plan!G$5:G$24)) | K65: =IF($B65="",0,$E65*SUMIF(Plan!$M$5:$M$24,"#"&$A65,Plan!H$5:H$24)) | L65: =IF($B65="",0,$E65*SUMIF(Plan!$M$5:$M$24,"#"&$A65,Plan!I$5:I$24)) | M65: =IF($B65="",0,$E65*SUMIF(Plan!$M$5:$M$24,"#"&$A65,Plan!J$5:J$24)) | N65: =IF($B65="",0,$E65*SUMIF(Plan!$M$5:$M$24,"#"&$A65,Plan!K$5:K$24)) | O65: =IF($B65="",0,$E65*SUMIF(Plan!$M$5:$M$24,"#"&$A65,Plan!L$5:L$24)) | P65: =IF(B65="","","#"&B65) | Q65: =IF(A65="","","#"&A65)
A66: FRENTE: GLSE-2 — consumo por CADA metro de avance
A67: GLSE-2 | C67: =IFERROR(INDEX(Materiales!$B$4:$B$484,MATCH("#"&$B67,Materiales!$K$4:$K$484,0)),"") | D67: =IFERROR(INDEX(Materiales!$C$4:$C$484,MATCH("#"&$B67,Materiales!$K$4:$K$484,0)),"") | H67: =IF($B67="",0,$E67*SUMIF(Plan!$M$5:$M$24,"#"&$A67,Plan!E$5:E$24)) | I67: =IF($B67="",0,$E67*SUMIF(Plan!$M$5:$M$24,"#"&$A67,Plan!F$5:F$24)) | J67: =IF($B67="",0,$E67*SUMIF(Plan!$M$5:$M$24,"#"&$A67,Plan!G$5:G$24)) | K67: =IF($B67="",0,$E67*SUMIF(Plan!$M$5:$M$24,"#"&$A67,Plan!H$5:H$24)) | L67: =IF($B67="",0,$E67*SUMIF(Plan!$M$5:$M$24,"#"&$A67,Plan!I$5:I$24)) | M67: =IF($B67="",0,$E67*SUMIF(Plan!$M$5:$M$24,"#"&$A67,Plan!J$5:J$24)) | N67: =IF($B67="",0,$E67*SUMIF(Plan!$M$5:$M$24,"#"&$A67,Plan!K$5:K$24)) | O67: =IF($B67="",0,$E67*SUMIF(Plan!$M$5:$M$24,"#"&$A67,Plan!L$5:L$24)) | P67: =IF(B67="","","#"&B67) | Q67: =IF(A67="","","#"&A67)
A68: GLSE-2 | C68: =IFERROR(INDEX(Materiales!$B$4:$B$484,MATCH("#"&$B68,Materiales!$K$4:$K$484,0)),"") | D68: =IFERROR(INDEX(Materiales!$C$4:$C$484,MATCH("#"&$B68,Materiales!$K$4:$K$484,0)),"") | H68: =IF($B68="",0,$E68*SUMIF(Plan!$M$5:$M$24,"#"&$A68,Plan!E$5:E$24)) | I68: =IF($B68="",0,$E68*SUMIF(Plan!$M$5:$M$24,"#"&$A68,Plan!F$5:F$24)) | J68: =IF($B68="",0,$E68*SUMIF(Plan!$M$5:$M$24,"#"&$A68,Plan!G$5:G$24)) | K68: =IF($B68="",0,$E68*SUMIF(Plan!$M$5:$M$24,"#"&$A68,Plan!H$5:H$24)) | L68: =IF($B68="",0,$E68*SUMIF(Plan!$M$5:$M$24,"#"&$A68,Plan!I$5:I$24)) | M68: =IF($B68="",0,$E68*SUMIF(Plan!$M$5:$M$24,"#"&$A68,Plan!J$5:J$24)) | N68: =IF($B68="",0,$E68*SUMIF(Plan!$M$5:$M$24,"#"&$A68,Plan!K$5:K$24)) | O68: =IF($B68="",0,$E68*SUMIF(Plan!$M$5:$M$24,"#"&$A68,Plan!L$5:L$24)) | P68: =IF(B68="","","#"&B68) | Q68: =IF(A68="","","#"&A68)
A69: GLSE-2 | C69: =IFERROR(INDEX(Materiales!$B$4:$B$484,MATCH("#"&$B69,Materiales!$K$4:$K$484,0)),"") | D69: =IFERROR(INDEX(Materiales!$C$4:$C$484,MATCH("#"&$B69,Materiales!$K$4:$K$484,0)),"") | H69: =IF($B69="",0,$E69*SUMIF(Plan!$M$5:$M$24,"#"&$A69,Plan!E$5:E$24)) | I69: =IF($B69="",0,$E69*SUMIF(Plan!$M$5:$M$24,"#"&$A69,Plan!F$5:F$24)) | J69: =IF($B69="",0,$E69*SUMIF(Plan!$M$5:$M$24,"#"&$A69,Plan!G$5:G$24)) | K69: =IF($B69="",0,$E69*SUMIF(Plan!$M$5:$M$24,"#"&$A69,Plan!H$5:H$24)) | L69: =IF($B69="",0,$E69*SUMIF(Plan!$M$5:$M$24,"#"&$A69,Plan!I$5:I$24)) | M69: =IF($B69="",0,$E69*SUMIF(Plan!$M$5:$M$24,"#"&$A69,Plan!J$5:J$24)) | N69: =IF($B69="",0,$E69*SUMIF(Plan!$M$5:$M$24,"#"&$A69,Plan!K$5:K$24)) | O69: =IF($B69="",0,$E69*SUMIF(Plan!$M$5:$M$24,"#"&$A69,Plan!L$5:L$24)) | P69: =IF(B69="","","#"&B69) | Q69: =IF(A69="","","#"&A69)
A70: GLSE-2 | C70: =IFERROR(INDEX(Materiales!$B$4:$B$484,MATCH("#"&$B70,Materiales!$K$4:$K$484,0)),"") | D70: =IFERROR(INDEX(Materiales!$C$4:$C$484,MATCH("#"&$B70,Materiales!$K$4:$K$484,0)),"") | H70: =IF($B70="",0,$E70*SUMIF(Plan!$M$5:$M$24,"#"&$A70,Plan!E$5:E$24)) | I70: =IF($B70="",0,$E70*SUMIF(Plan!$M$5:$M$24,"#"&$A70,Plan!F$5:F$24)) | J70: =IF($B70="",0,$E70*SUMIF(Plan!$M$5:$M$24,"#"&$A70,Plan!G$5:G$24)) | K70: =IF($B70="",0,$E70*SUMIF(Plan!$M$5:$M$24,"#"&$A70,Plan!H$5:H$24)) | L70: =IF($B70="",0,$E70*SUMIF(Plan!$M$5:$M$24,"#"&$A70,Plan!I$5:I$24)) | M70: =IF($B70="",0,$E70*SUMIF(Plan!$M$5:$M$24,"#"&$A70,Plan!J$5:J$24)) | N70: =IF($B70="",0,$E70*SUMIF(Plan!$M$5:$M$24,"#"&$A70,Plan!K$5:K$24)) | O70: =IF($B70="",0,$E70*SUMIF(Plan!$M$5:$M$24,"#"&$A70,Plan!L$5:L$24)) | P70: =IF(B70="","","#"&B70) | Q70: =IF(A70="","","#"&A70)
A71: GLSE-2 | C71: =IFERROR(INDEX(Materiales!$B$4:$B$484,MATCH("#"&$B71,Materiales!$K$4:$K$484,0)),"") | D71: =IFERROR(INDEX(Materiales!$C$4:$C$484,MATCH("#"&$B71,Materiales!$K$4:$K$484,0)),"") | H71: =IF($B71="",0,$E71*SUMIF(Plan!$M$5:$M$24,"#"&$A71,Plan!E$5:E$24)) | I71: =IF($B71="",0,$E71*SUMIF(Plan!$M$5:$M$24,"#"&$A71,Plan!F$5:F$24)) | J71: =IF($B71="",0,$E71*SUMIF(Plan!$M$5:$M$24,"#"&$A71,Plan!G$5:G$24)) | K71: =IF($B71="",0,$E71*SUMIF(Plan!$M$5:$M$24,"#"&$A71,Plan!H$5:H$24)) | L71: =IF($B71="",0,$E71*SUMIF(Plan!$M$5:$M$24,"#"&$A71,Plan!I$5:I$24)) | M71: =IF($B71="",0,$E71*SUMIF(Plan!$M$5:$M$24,"#"&$A71,Plan!J$5:J$24)) | N71: =IF($B71="",0,$E71*SUMIF(Plan!$M$5:$M$24,"#"&$A71,Plan!K$5:K$24)) | O71: =IF($B71="",0,$E71*SUMIF(Plan!$M$5:$M$24,"#"&$A71,Plan!L$5:L$24)) | P71: =IF(B71="","","#"&B71) | Q71: =IF(A71="","","#"&A71)
A72: GLSE-2 | C72: =IFERROR(INDEX(Materiales!$B$4:$B$484,MATCH("#"&$B72,Materiales!$K$4:$K$484,0)),"") | D72: =IFERROR(INDEX(Materiales!$C$4:$C$484,MATCH("#"&$B72,Materiales!$K$4:$K$484,0)),"") | H72: =IF($B72="",0,$E72*SUMIF(Plan!$M$5:$M$24,"#"&$A72,Plan!E$5:E$24)) | I72: =IF($B72="",0,$E72*SUMIF(Plan!$M$5:$M$24,"#"&$A72,Plan!F$5:F$24)) | J72: =IF($B72="",0,$E72*SUMIF(Plan!$M$5:$M$24,"#"&$A72,Plan!G$5:G$24)) | K72: =IF($B72="",0,$E72*SUMIF(Plan!$M$5:$M$24,"#"&$A72,Plan!H$5:H$24)) | L72: =IF($B72="",0,$E72*SUMIF(Plan!$M$5:$M$24,"#"&$A72,Plan!I$5:I$24)) | M72: =IF($B72="",0,$E72*SUMIF(Plan!$M$5:$M$24,"#"&$A72,Plan!J$5:J$24)) | N72: =IF($B72="",0,$E72*SUMIF(Plan!$M$5:$M$24,"#"&$A72,Plan!K$5:K$24)) | O72: =IF($B72="",0,$E72*SUMIF(Plan!$M$5:$M$24,"#"&$A72,Plan!L$5:L$24)) | P72: =IF(B72="","","#"&B72) | Q72: =IF(A72="","","#"&A72)
A73: GLSE-2 | C73: =IFERROR(INDEX(Materiales!$B$4:$B$484,MATCH("#"&$B73,Materiales!$K$4:$K$484,0)),"") | D73: =IFERROR(INDEX(Materiales!$C$4:$C$484,MATCH("#"&$B73,Materiales!$K$4:$K$484,0)),"") | H73: =IF($B73="",0,$E73*SUMIF(Plan!$M$5:$M$24,"#"&$A73,Plan!E$5:E$24)) | I73: =IF($B73="",0,$E73*SUMIF(Plan!$M$5:$M$24,"#"&$A73,Plan!F$5:F$24)) | J73: =IF($B73="",0,$E73*SUMIF(Plan!$M$5:$M$24,"#"&$A73,Plan!G$5:G$24)) | K73: =IF($B73="",0,$E73*SUMIF(Plan!$M$5:$M$24,"#"&$A73,Plan!H$5:H$24)) | L73: =IF($B73="",0,$E73*SUMIF(Plan!$M$5:$M$24,"#"&$A73,Plan!I$5:I$24)) | M73: =IF($B73="",0,$E73*SUMIF(Plan!$M$5:$M$24,"#"&$A73,Plan!J$5:J$24)) | N73: =IF($B73="",0,$E73*SUMIF(Plan!$M$5:$M$24,"#"&$A73,Plan!K$5:K$24)) | O73: =IF($B73="",0,$E73*SUMIF(Plan!$M$5:$M$24,"#"&$A73,Plan!L$5:L$24)) | P73: =IF(B73="","","#"&B73) | Q73: =IF(A73="","","#"&A73)
A74: GLSE-2 | C74: =IFERROR(INDEX(Materiales!$B$4:$B$484,MATCH("#"&$B74,Materiales!$K$4:$K$484,0)),"") | D74: =IFERROR(INDEX(Materiales!$C$4:$C$484,MATCH("#"&$B74,Materiales!$K$4:$K$484,0)),"") | H74: =IF($B74="",0,$E74*SUMIF(Plan!$M$5:$M$24,"#"&$A74,Plan!E$5:E$24)) | I74: =IF($B74="",0,$E74*SUMIF(Plan!$M$5:$M$24,"#"&$A74,Plan!F$5:F$24)) | J74: =IF($B74="",0,$E74*SUMIF(Plan!$M$5:$M$24,"#"&$A74,Plan!G$5:G$24)) | K74: =IF($B74="",0,$E74*SUMIF(Plan!$M$5:$M$24,"#"&$A74,Plan!H$5:H$24)) | L74: =IF($B74="",0,$E74*SUMIF(Plan!$M$5:$M$24,"#"&$A74,Plan!I$5:I$24)) | M74: =IF($B74="",0,$E74*SUMIF(Plan!$M$5:$M$24,"#"&$A74,Plan!J$5:J$24)) | N74: =IF($B74="",0,$E74*SUMIF(Plan!$M$5:$M$24,"#"&$A74,Plan!K$5:K$24)) | O74: =IF($B74="",0,$E74*SUMIF(Plan!$M$5:$M$24,"#"&$A74,Plan!L$5:L$24)) | P74: =IF(B74="","","#"&B74) | Q74: =IF(A74="","","#"&A74)
A75: GLSE-2 | C75: =IFERROR(INDEX(Materiales!$B$4:$B$484,MATCH("#"&$B75,Materiales!$K$4:$K$484,0)),"") | D75: =IFERROR(INDEX(Materiales!$C$4:$C$484,MATCH("#"&$B75,Materiales!$K$4:$K$484,0)),"") | H75: =IF($B75="",0,$E75*SUMIF(Plan!$M$5:$M$24,"#"&$A75,Plan!E$5:E$24)) | I75: =IF($B75="",0,$E75*SUMIF(Plan!$M$5:$M$24,"#"&$A75,Plan!F$5:F$24)) | J75: =IF($B75="",0,$E75*SUMIF(Plan!$M$5:$M$24,"#"&$A75,Plan!G$5:G$24)) | K75: =IF($B75="",0,$E75*SUMIF(Plan!$M$5:$M$24,"#"&$A75,Plan!H$5:H$24)) | L75: =IF($B75="",0,$E75*SUMIF(Plan!$M$5:$M$24,"#"&$A75,Plan!I$5:I$24)) | M75: =IF($B75="",0,$E75*SUMIF(Plan!$M$5:$M$24,"#"&$A75,Plan!J$5:J$24)) | N75: =IF($B75="",0,$E75*SUMIF(Plan!$M$5:$M$24,"#"&$A75,Plan!K$5:K$24)) | O75: =IF($B75="",0,$E75*SUMIF(Plan!$M$5:$M$24,"#"&$A75,Plan!L$5:L$24)) | P75: =IF(B75="","","#"&B75) | Q75: =IF(A75="","","#"&A75)
A76: GLSE-2 | C76: =IFERROR(INDEX(Materiales!$B$4:$B$484,MATCH("#"&$B76,Materiales!$K$4:$K$484,0)),"") | D76: =IFERROR(INDEX(Materiales!$C$4:$C$484,MATCH("#"&$B76,Materiales!$K$4:$K$484,0)),"") | H76: =IF($B76="",0,$E76*SUMIF(Plan!$M$5:$M$24,"#"&$A76,Plan!E$5:E$24)) | I76: =IF($B76="",0,$E76*SUMIF(Plan!$M$5:$M$24,"#"&$A76,Plan!F$5:F$24)) | J76: =IF($B76="",0,$E76*SUMIF(Plan!$M$5:$M$24,"#"&$A76,Plan!G$5:G$24)) | K76: =IF($B76="",0,$E76*SUMIF(Plan!$M$5:$M$24,"#"&$A76,Plan!H$5:H$24)) | L76: =IF($B76="",0,$E76*SUMIF(Plan!$M$5:$M$24,"#"&$A76,Plan!I$5:I$24)) | M76: =IF($B76="",0,$E76*SUMIF(Plan!$M$5:$M$24,"#"&$A76,Plan!J$5:J$24)) | N76: =IF($B76="",0,$E76*SUMIF(Plan!$M$5:$M$24,"#"&$A76,Plan!K$5:K$24)) | O76: =IF($B76="",0,$E76*SUMIF(Plan!$M$5:$M$24,"#"&$A76,Plan!L$5:L$24)) | P76: =IF(B76="","","#"&B76) | Q76: =IF(A76="","","#"&A76)
A77: GLSE-2 | C77: =IFERROR(INDEX(Materiales!$B$4:$B$484,MATCH("#"&$B77,Materiales!$K$4:$K$484,0)),"") | D77: =IFERROR(INDEX(Materiales!$C$4:$C$484,MATCH("#"&$B77,Materiales!$K$4:$K$484,0)),"") | H77: =IF($B77="",0,$E77*SUMIF(Plan!$M$5:$M$24,"#"&$A77,Plan!E$5:E$24)) | I77: =IF($B77="",0,$E77*SUMIF(Plan!$M$5:$M$24,"#"&$A77,Plan!F$5:F$24)) | J77: =IF($B77="",0,$E77*SUMIF(Plan!$M$5:$M$24,"#"&$A77,Plan!G$5:G$24)) | K77: =IF($B77="",0,$E77*SUMIF(Plan!$M$5:$M$24,"#"&$A77,Plan!H$5:H$24)) | L77: =IF($B77="",0,$E77*SUMIF(Plan!$M$5:$M$24,"#"&$A77,Plan!I$5:I$24)) | M77: =IF($B77="",0,$E77*SUMIF(Plan!$M$5:$M$24,"#"&$A77,Plan!J$5:J$24)) | N77: =IF($B77="",0,$E77*SUMIF(Plan!$M$5:$M$24,"#"&$A77,Plan!K$5:K$24)) | O77: =IF($B77="",0,$E77*SUMIF(Plan!$M$5:$M$24,"#"&$A77,Plan!L$5:L$24)) | P77: =IF(B77="","","#"&B77) | Q77: =IF(A77="","","#"&A77)
A78: GLSE-2 | C78: =IFERROR(INDEX(Materiales!$B$4:$B$484,MATCH("#"&$B78,Materiales!$K$4:$K$484,0)),"") | D78: =IFERROR(INDEX(Materiales!$C$4:$C$484,MATCH("#"&$B78,Materiales!$K$4:$K$484,0)),"") | H78: =IF($B78="",0,$E78*SUMIF(Plan!$M$5:$M$24,"#"&$A78,Plan!E$5:E$24)) | I78: =IF($B78="",0,$E78*SUMIF(Plan!$M$5:$M$24,"#"&$A78,Plan!F$5:F$24)) | J78: =IF($B78="",0,$E78*SUMIF(Plan!$M$5:$M$24,"#"&$A78,Plan!G$5:G$24)) | K78: =IF($B78="",0,$E78*SUMIF(Plan!$M$5:$M$24,"#"&$A78,Plan!H$5:H$24)) | L78: =IF($B78="",0,$E78*SUMIF(Plan!$M$5:$M$24,"#"&$A78,Plan!I$5:I$24)) | M78: =IF($B78="",0,$E78*SUMIF(Plan!$M$5:$M$24,"#"&$A78,Plan!J$5:J$24)) | N78: =IF($B78="",0,$E78*SUMIF(Plan!$M$5:$M$24,"#"&$A78,Plan!K$5:K$24)) | O78: =IF($B78="",0,$E78*SUMIF(Plan!$M$5:$M$24,"#"&$A78,Plan!L$5:L$24)) | P78: =IF(B78="","","#"&B78) | Q78: =IF(A78="","","#"&A78)
... A96: GLSE-2 | C96: =IFERROR(INDEX(Materiales!$B$4:$B$484,MATCH("#"&$B96,Materiales!$K$4:$K$484,0)),"") | D96: =IFERROR(INDEX(Materiales!$C$4:$C$484,MATCH("#"&$B96,Materiales!$K$4:$K$484,0)),"") | H96: =IF($B96="",0,$E96*SUMIF(Plan!$M$5:$M$24,"#"&$A96,Plan!E$5:E$24)) | I96: =IF($B96="",0,$E96*SUMIF(Plan!$M$5:$M$24,"#"&$A96,Plan!F$5:F$24)) | J96: =IF($B96="",0,$E96*SUMIF(Plan!$M$5:$M$24,"#"&$A96,Plan!G$5:G$24)) | K96: =IF($B96="",0,$E96*SUMIF(Plan!$M$5:$M$24,"#"&$A96,Plan!H$5:H$24)) | L96: =IF($B96="",0,$E96*SUMIF(Plan!$M$5:$M$24,"#"&$A96,Plan!I$5:I$24)) | M96: =IF($B96="",0,$E96*SUMIF(Plan!$M$5:$M$24,"#"&$A96,Plan!J$5:J$24)) | N96: =IF($B96="",0,$E96*SUMIF(Plan!$M$5:$M$24,"#"&$A96,Plan!K$5:K$24)) | O96: =IF($B96="",0,$E96*SUMIF(Plan!$M$5:$M$24,"#"&$A96,Plan!L$5:L$24)) | P96: =IF(B96="","","#"&B96) | Q96: =IF(A96="","","#"&A96)
A97: FRENTE: ESCM 4430 — consumo por CADA metro de avance
A98: ESCM 4430 | C98: =IFERROR(INDEX(Materiales!$B$4:$B$484,MATCH("#"&$B98,Materiales!$K$4:$K$484,0)),"") | D98: =IFERROR(INDEX(Materiales!$C$4:$C$484,MATCH("#"&$B98,Materiales!$K$4:$K$484,0)),"") | H98: =IF($B98="",0,$E98*SUMIF(Plan!$M$5:$M$24,"#"&$A98,Plan!E$5:E$24)) | I98: =IF($B98="",0,$E98*SUMIF(Plan!$M$5:$M$24,"#"&$A98,Plan!F$5:F$24)) | J98: =IF($B98="",0,$E98*SUMIF(Plan!$M$5:$M$24,"#"&$A98,Plan!G$5:G$24)) | K98: =IF($B98="",0,$E98*SUMIF(Plan!$M$5:$M$24,"#"&$A98,Plan!H$5:H$24)) | L98: =IF($B98="",0,$E98*SUMIF(Plan!$M$5:$M$24,"#"&$A98,Plan!I$5:I$24)) | M98: =IF($B98="",0,$E98*SUMIF(Plan!$M$5:$M$24,"#"&$A98,Plan!J$5:J$24)) | N98: =IF($B98="",0,$E98*SUMIF(Plan!$M$5:$M$24,"#"&$A98,Plan!K$5:K$24)) | O98: =IF($B98="",0,$E98*SUMIF(Plan!$M$5:$M$24,"#"&$A98,Plan!L$5:L$24)) | P98: =IF(B98="","","#"&B98) | Q98: =IF(A98="","","#"&A98)
A99: ESCM 4430 | C99: =IFERROR(INDEX(Materiales!$B$4:$B$484,MATCH("#"&$B99,Materiales!$K$4:$K$484,0)),"") | D99: =IFERROR(INDEX(Materiales!$C$4:$C$484,MATCH("#"&$B99,Materiales!$K$4:$K$484,0)),"") | H99: =IF($B99="",0,$E99*SUMIF(Plan!$M$5:$M$24,"#"&$A99,Plan!E$5:E$24)) | I99: =IF($B99="",0,$E99*SUMIF(Plan!$M$5:$M$24,"#"&$A99,Plan!F$5:F$24)) | J99: =IF($B99="",0,$E99*SUMIF(Plan!$M$5:$M$24,"#"&$A99,Plan!G$5:G$24)) | K99: =IF($B99="",0,$E99*SUMIF(Plan!$M$5:$M$24,"#"&$A99,Plan!H$5:H$24)) | L99: =IF($B99="",0,$E99*SUMIF(Plan!$M$5:$M$24,"#"&$A99,Plan!I$5:I$24)) | M99: =IF($B99="",0,$E99*SUMIF(Plan!$M$5:$M$24,"#"&$A99,Plan!J$5:J$24)) | N99: =IF($B99="",0,$E99*SUMIF(Plan!$M$5:$M$24,"#"&$A99,Plan!K$5:K$24)) | O99: =IF($B99="",0,$E99*SUMIF(Plan!$M$5:$M$24,"#"&$A99,Plan!L$5:L$24)) | P99: =IF(B99="","","#"&B99) | Q99: =IF(A99="","","#"&A99)
A100: ESCM 4430 | C100: =IFERROR(INDEX(Materiales!$B$4:$B$484,MATCH("#"&$B100,Materiales!$K$4:$K$484,0)),"") | D100: =IFERROR(INDEX(Materiales!$C$4:$C$484,MATCH("#"&$B100,Materiales!$K$4:$K$484,0)),"") | H100: =IF($B100="",0,$E100*SUMIF(Plan!$M$5:$M$24,"#"&$A100,Plan!E$5:E$24)) | I100: =IF($B100="",0,$E100*SUMIF(Plan!$M$5:$M$24,"#"&$A100,Plan!F$5:F$24)) | J100: =IF($B100="",0,$E100*SUMIF(Plan!$M$5:$M$24,"#"&$A100,Plan!G$5:G$24)) | K100: =IF($B100="",0,$E100*SUMIF(Plan!$M$5:$M$24,"#"&$A100,Plan!H$5:H$24)) | L100: =IF($B100="",0,$E100*SUMIF(Plan!$M$5:$M$24,"#"&$A100,Plan!I$5:I$24)) | M100: =IF($B100="",0,$E100*SUMIF(Plan!$M$5:$M$24,"#"&$A100,Plan!J$5:J$24)) | N100: =IF($B100="",0,$E100*SUMIF(Plan!$M$5:$M$24,"#"&$A100,Plan!K$5:K$24)) | O100: =IF($B100="",0,$E100*SUMIF(Plan!$M$5:$M$24,"#"&$A100,Plan!L$5:L$24)) | P100: =IF(B100="","","#"&B100) | Q100: =IF(A100="","","#"&A100)
A101: ESCM 4430 | C101: =IFERROR(INDEX(Materiales!$B$4:$B$484,MATCH("#"&$B101,Materiales!$K$4:$K$484,0)),"") | D101: =IFERROR(INDEX(Materiales!$C$4:$C$484,MATCH("#"&$B101,Materiales!$K$4:$K$484,0)),"") | H101: =IF($B101="",0,$E101*SUMIF(Plan!$M$5:$M$24,"#"&$A101,Plan!E$5:E$24)) | I101: =IF($B101="",0,$E101*SUMIF(Plan!$M$5:$M$24,"#"&$A101,Plan!F$5:F$24)) | J101: =IF($B101="",0,$E101*SUMIF(Plan!$M$5:$M$24,"#"&$A101,Plan!G$5:G$24)) | K101: =IF($B101="",0,$E101*SUMIF(Plan!$M$5:$M$24,"#"&$A101,Plan!H$5:H$24)) | L101: =IF($B101="",0,$E101*SUMIF(Plan!$M$5:$M$24,"#"&$A101,Plan!I$5:I$24)) | M101: =IF($B101="",0,$E101*SUMIF(Plan!$M$5:$M$24,"#"&$A101,Plan!J$5:J$24)) | N101: =IF($B101="",0,$E101*SUMIF(Plan!$M$5:$M$24,"#"&$A101,Plan!K$5:K$24)) | O101: =IF($B101="",0,$E101*SUMIF(Plan!$M$5:$M$24,"#"&$A101,Plan!L$5:L$24)) | P101: =IF(B101="","","#"&B101) | Q101: =IF(A101="","","#"&A101)
A102: ESCM 4430 | C102: =IFERROR(INDEX(Materiales!$B$4:$B$484,MATCH("#"&$B102,Materiales!$K$4:$K$484,0)),"") | D102: =IFERROR(INDEX(Materiales!$C$4:$C$484,MATCH("#"&$B102,Materiales!$K$4:$K$484,0)),"") | H102: =IF($B102="",0,$E102*SUMIF(Plan!$M$5:$M$24,"#"&$A102,Plan!E$5:E$24)) | I102: =IF($B102="",0,$E102*SUMIF(Plan!$M$5:$M$24,"#"&$A102,Plan!F$5:F$24)) | J102: =IF($B102="",0,$E102*SUMIF(Plan!$M$5:$M$24,"#"&$A102,Plan!G$5:G$24)) | K102: =IF($B102="",0,$E102*SUMIF(Plan!$M$5:$M$24,"#"&$A102,Plan!H$5:H$24)) | L102: =IF($B102="",0,$E102*SUMIF(Plan!$M$5:$M$24,"#"&$A102,Plan!I$5:I$24)) | M102: =IF($B102="",0,$E102*SUMIF(Plan!$M$5:$M$24,"#"&$A102,Plan!J$5:J$24)) | N102: =IF($B102="",0,$E102*SUMIF(Plan!$M$5:$M$24,"#"&$A102,Plan!K$5:K$24)) | O102: =IF($B102="",0,$E102*SUMIF(Plan!$M$5:$M$24,"#"&$A102,Plan!L$5:L$24)) | P102: =IF(B102="","","#"&B102) | Q102: =IF(A102="","","#"&A102)
A103: ESCM 4430 | C103: =IFERROR(INDEX(Materiales!$B$4:$B$484,MATCH("#"&$B103,Materiales!$K$4:$K$484,0)),"") | D103: =IFERROR(INDEX(Materiales!$C$4:$C$484,MATCH("#"&$B103,Materiales!$K$4:$K$484,0)),"") | H103: =IF($B103="",0,$E103*SUMIF(Plan!$M$5:$M$24,"#"&$A103,Plan!E$5:E$24)) | I103: =IF($B103="",0,$E103*SUMIF(Plan!$M$5:$M$24,"#"&$A103,Plan!F$5:F$24)) | J103: =IF($B103="",0,$E103*SUMIF(Plan!$M$5:$M$24,"#"&$A103,Plan!G$5:G$24)) | K103: =IF($B103="",0,$E103*SUMIF(Plan!$M$5:$M$24,"#"&$A103,Plan!H$5:H$24)) | L103: =IF($B103="",0,$E103*SUMIF(Plan!$M$5:$M$24,"#"&$A103,Plan!I$5:I$24)) | M103: =IF($B103="",0,$E103*SUMIF(Plan!$M$5:$M$24,"#"&$A103,Plan!J$5:J$24)) | N103: =IF($B103="",0,$E103*SUMIF(Plan!$M$5:$M$24,"#"&$A103,Plan!K$5:K$24)) | O103: =IF($B103="",0,$E103*SUMIF(Plan!$M$5:$M$24,"#"&$A103,Plan!L$5:L$24)) | P103: =IF(B103="","","#"&B103) | Q103: =IF(A103="","","#"&A103)
A104: ESCM 4430 | C104: =IFERROR(INDEX(Materiales!$B$4:$B$484,MATCH("#"&$B104,Materiales!$K$4:$K$484,0)),"") | D104: =IFERROR(INDEX(Materiales!$C$4:$C$484,MATCH("#"&$B104,Materiales!$K$4:$K$484,0)),"") | H104: =IF($B104="",0,$E104*SUMIF(Plan!$M$5:$M$24,"#"&$A104,Plan!E$5:E$24)) | I104: =IF($B104="",0,$E104*SUMIF(Plan!$M$5:$M$24,"#"&$A104,Plan!F$5:F$24)) | J104: =IF($B104="",0,$E104*SUMIF(Plan!$M$5:$M$24,"#"&$A104,Plan!G$5:G$24)) | K104: =IF($B104="",0,$E104*SUMIF(Plan!$M$5:$M$24,"#"&$A104,Plan!H$5:H$24)) | L104: =IF($B104="",0,$E104*SUMIF(Plan!$M$5:$M$24,"#"&$A104,Plan!I$5:I$24)) | M104: =IF($B104="",0,$E104*SUMIF(Plan!$M$5:$M$24,"#"&$A104,Plan!J$5:J$24)) | N104: =IF($B104="",0,$E104*SUMIF(Plan!$M$5:$M$24,"#"&$A104,Plan!K$5:K$24)) | O104: =IF($B104="",0,$E104*SUMIF(Plan!$M$5:$M$24,"#"&$A104,Plan!L$5:L$24)) | P104: =IF(B104="","","#"&B104) | Q104: =IF(A104="","","#"&A104)
A105: ESCM 4430 | C105: =IFERROR(INDEX(Materiales!$B$4:$B$484,MATCH("#"&$B105,Materiales!$K$4:$K$484,0)),"") | D105: =IFERROR(INDEX(Materiales!$C$4:$C$484,MATCH("#"&$B105,Materiales!$K$4:$K$484,0)),"") | H105: =IF($B105="",0,$E105*SUMIF(Plan!$M$5:$M$24,"#"&$A105,Plan!E$5:E$24)) | I105: =IF($B105="",0,$E105*SUMIF(Plan!$M$5:$M$24,"#"&$A105,Plan!F$5:F$24)) | J105: =IF($B105="",0,$E105*SUMIF(Plan!$M$5:$M$24,"#"&$A105,Plan!G$5:G$24)) | K105: =IF($B105="",0,$E105*SUMIF(Plan!$M$5:$M$24,"#"&$A105,Plan!H$5:H$24)) | L105: =IF($B105="",0,$E105*SUMIF(Plan!$M$5:$M$24,"#"&$A105,Plan!I$5:I$24)) | M105: =IF($B105="",0,$E105*SUMIF(Plan!$M$5:$M$24,"#"&$A105,Plan!J$5:J$24)) | N105: =IF($B105="",0,$E105*SUMIF(Plan!$M$5:$M$24,"#"&$A105,Plan!K$5:K$24)) | O105: =IF($B105="",0,$E105*SUMIF(Plan!$M$5:$M$24,"#"&$A105,Plan!L$5:L$24)) | P105: =IF(B105="","","#"&B105) | Q105: =IF(A105="","","#"&A105)
A106: ESCM 4430 | C106: =IFERROR(INDEX(Materiales!$B$4:$B$484,MATCH("#"&$B106,Materiales!$K$4:$K$484,0)),"") | D106: =IFERROR(INDEX(Materiales!$C$4:$C$484,MATCH("#"&$B106,Materiales!$K$4:$K$484,0)),"") | H106: =IF($B106="",0,$E106*SUMIF(Plan!$M$5:$M$24,"#"&$A106,Plan!E$5:E$24)) | I106: =IF($B106="",0,$E106*SUMIF(Plan!$M$5:$M$24,"#"&$A106,Plan!F$5:F$24)) | J106: =IF($B106="",0,$E106*SUMIF(Plan!$M$5:$M$24,"#"&$A106,Plan!G$5:G$24)) | K106: =IF($B106="",0,$E106*SUMIF(Plan!$M$5:$M$24,"#"&$A106,Plan!H$5:H$24)) | L106: =IF($B106="",0,$E106*SUMIF(Plan!$M$5:$M$24,"#"&$A106,Plan!I$5:I$24)) | M106: =IF($B106="",0,$E106*SUMIF(Plan!$M$5:$M$24,"#"&$A106,Plan!J$5:J$24)) | N106: =IF($B106="",0,$E106*SUMIF(Plan!$M$5:$M$24,"#"&$A106,Plan!K$5:K$24)) | O106: =IF($B106="",0,$E106*SUMIF(Plan!$M$5:$M$24,"#"&$A106,Plan!L$5:L$24)) | P106: =IF(B106="","","#"&B106) | Q106: =IF(A106="","","#"&A106)
A107: ESCM 4430 | C107: =IFERROR(INDEX(Materiales!$B$4:$B$484,MATCH("#"&$B107,Materiales!$K$4:$K$484,0)),"") | D107: =IFERROR(INDEX(Materiales!$C$4:$C$484,MATCH("#"&$B107,Materiales!$K$4:$K$484,0)),"") | H107: =IF($B107="",0,$E107*SUMIF(Plan!$M$5:$M$24,"#"&$A107,Plan!E$5:E$24)) | I107: =IF($B107="",0,$E107*SUMIF(Plan!$M$5:$M$24,"#"&$A107,Plan!F$5:F$24)) | J107: =IF($B107="",0,$E107*SUMIF(Plan!$M$5:$M$24,"#"&$A107,Plan!G$5:G$24)) | K107: =IF($B107="",0,$E107*SUMIF(Plan!$M$5:$M$24,"#"&$A107,Plan!H$5:H$24)) | L107: =IF($B107="",0,$E107*SUMIF(Plan!$M$5:$M$24,"#"&$A107,Plan!I$5:I$24)) | M107: =IF($B107="",0,$E107*SUMIF(Plan!$M$5:$M$24,"#"&$A107,Plan!J$5:J$24)) | N107: =IF($B107="",0,$E107*SUMIF(Plan!$M$5:$M$24,"#"&$A107,Plan!K$5:K$24)) | O107: =IF($B107="",0,$E107*SUMIF(Plan!$M$5:$M$24,"#"&$A107,Plan!L$5:L$24)) | P107: =IF(B107="","","#"&B107) | Q107: =IF(A107="","","#"&A107)
A108: ESCM 4430 | C108: =IFERROR(INDEX(Materiales!$B$4:$B$484,MATCH("#"&$B108,Materiales!$K$4:$K$484,0)),"") | D108: =IFERROR(INDEX(Materiales!$C$4:$C$484,MATCH("#"&$B108,Materiales!$K$4:$K$484,0)),"") | H108: =IF($B108="",0,$E108*SUMIF(Plan!$M$5:$M$24,"#"&$A108,Plan!E$5:E$24)) | I108: =IF($B108="",0,$E108*SUMIF(Plan!$M$5:$M$24,"#"&$A108,Plan!F$5:F$24)) | J108: =IF($B108="",0,$E108*SUMIF(Plan!$M$5:$M$24,"#"&$A108,Plan!G$5:G$24)) | K108: =IF($B108="",0,$E108*SUMIF(Plan!$M$5:$M$24,"#"&$A108,Plan!H$5:H$24)) | L108: =IF($B108="",0,$E108*SUMIF(Plan!$M$5:$M$24,"#"&$A108,Plan!I$5:I$24)) | M108: =IF($B108="",0,$E108*SUMIF(Plan!$M$5:$M$24,"#"&$A108,Plan!J$5:J$24)) | N108: =IF($B108="",0,$E108*SUMIF(Plan!$M$5:$M$24,"#"&$A108,Plan!K$5:K$24)) | O108: =IF($B108="",0,$E108*SUMIF(Plan!$M$5:$M$24,"#"&$A108,Plan!L$5:L$24)) | P108: =IF(B108="","","#"&B108) | Q108: =IF(A108="","","#"&A108)
A109: ESCM 4430 | C109: =IFERROR(INDEX(Materiales!$B$4:$B$484,MATCH("#"&$B109,Materiales!$K$4:$K$484,0)),"") | D109: =IFERROR(INDEX(Materiales!$C$4:$C$484,MATCH("#"&$B109,Materiales!$K$4:$K$484,0)),"") | H109: =IF($B109="",0,$E109*SUMIF(Plan!$M$5:$M$24,"#"&$A109,Plan!E$5:E$24)) | I109: =IF($B109="",0,$E109*SUMIF(Plan!$M$5:$M$24,"#"&$A109,Plan!F$5:F$24)) | J109: =IF($B109="",0,$E109*SUMIF(Plan!$M$5:$M$24,"#"&$A109,Plan!G$5:G$24)) | K109: =IF($B109="",0,$E109*SUMIF(Plan!$M$5:$M$24,"#"&$A109,Plan!H$5:H$24)) | L109: =IF($B109="",0,$E109*SUMIF(Plan!$M$5:$M$24,"#"&$A109,Plan!I$5:I$24)) | M109: =IF($B109="",0,$E109*SUMIF(Plan!$M$5:$M$24,"#"&$A109,Plan!J$5:J$24)) | N109: =IF($B109="",0,$E109*SUMIF(Plan!$M$5:$M$24,"#"&$A109,Plan!K$5:K$24)) | O109: =IF($B109="",0,$E109*SUMIF(Plan!$M$5:$M$24,"#"&$A109,Plan!L$5:L$24)) | P109: =IF(B109="","","#"&B109) | Q109: =IF(A109="","","#"&A109)
... A127: ESCM 4430 | C127: =IFERROR(INDEX(Materiales!$B$4:$B$484,MATCH("#"&$B127,Materiales!$K$4:$K$484,0)),"") | D127: =IFERROR(INDEX(Materiales!$C$4:$C$484,MATCH("#"&$B127,Materiales!$K$4:$K$484,0)),"") | H127: =IF($B127="",0,$E127*SUMIF(Plan!$M$5:$M$24,"#"&$A127,Plan!E$5:E$24)) | I127: =IF($B127="",0,$E127*SUMIF(Plan!$M$5:$M$24,"#"&$A127,Plan!F$5:F$24)) | J127: =IF($B127="",0,$E127*SUMIF(Plan!$M$5:$M$24,"#"&$A127,Plan!G$5:G$24)) | K127: =IF($B127="",0,$E127*SUMIF(Plan!$M$5:$M$24,"#"&$A127,Plan!H$5:H$24)) | L127: =IF($B127="",0,$E127*SUMIF(Plan!$M$5:$M$24,"#"&$A127,Plan!I$5:I$24)) | M127: =IF($B127="",0,$E127*SUMIF(Plan!$M$5:$M$24,"#"&$A127,Plan!J$5:J$24)) | N127: =IF($B127="",0,$E127*SUMIF(Plan!$M$5:$M$24,"#"&$A127,Plan!K$5:K$24)) | O127: =IF($B127="",0,$E127*SUMIF(Plan!$M$5:$M$24,"#"&$A127,Plan!L$5:L$24)) | P127: =IF(B127="","","#"&B127) | Q127: =IF(A127="","","#"&A127)
A128: FRENTE: ESCM 4410 — consumo por CADA metro de avance
A129: ESCM 4410 | C129: =IFERROR(INDEX(Materiales!$B$4:$B$484,MATCH("#"&$B129,Materiales!$K$4:$K$484,0)),"") | D129: =IFERROR(INDEX(Materiales!$C$4:$C$484,MATCH("#"&$B129,Materiales!$K$4:$K$484,0)),"") | H129: =IF($B129="",0,$E129*SUMIF(Plan!$M$5:$M$24,"#"&$A129,Plan!E$5:E$24)) | I129: =IF($B129="",0,$E129*SUMIF(Plan!$M$5:$M$24,"#"&$A129,Plan!F$5:F$24)) | J129: =IF($B129="",0,$E129*SUMIF(Plan!$M$5:$M$24,"#"&$A129,Plan!G$5:G$24)) | K129: =IF($B129="",0,$E129*SUMIF(Plan!$M$5:$M$24,"#"&$A129,Plan!H$5:H$24)) | L129: =IF($B129="",0,$E129*SUMIF(Plan!$M$5:$M$24,"#"&$A129,Plan!I$5:I$24)) | M129: =IF($B129="",0,$E129*SUMIF(Plan!$M$5:$M$24,"#"&$A129,Plan!J$5:J$24)) | N129: =IF($B129="",0,$E129*SUMIF(Plan!$M$5:$M$24,"#"&$A129,Plan!K$5:K$24)) | O129: =IF($B129="",0,$E129*SUMIF(Plan!$M$5:$M$24,"#"&$A129,Plan!L$5:L$24)) | P129: =IF(B129="","","#"&B129) | Q129: =IF(A129="","","#"&A129)
A130: ESCM 4410 | C130: =IFERROR(INDEX(Materiales!$B$4:$B$484,MATCH("#"&$B130,Materiales!$K$4:$K$484,0)),"") | D130: =IFERROR(INDEX(Materiales!$C$4:$C$484,MATCH("#"&$B130,Materiales!$K$4:$K$484,0)),"") | H130: =IF($B130="",0,$E130*SUMIF(Plan!$M$5:$M$24,"#"&$A130,Plan!E$5:E$24)) | I130: =IF($B130="",0,$E130*SUMIF(Plan!$M$5:$M$24,"#"&$A130,Plan!F$5:F$24)) | J130: =IF($B130="",0,$E130*SUMIF(Plan!$M$5:$M$24,"#"&$A130,Plan!G$5:G$24)) | K130: =IF($B130="",0,$E130*SUMIF(Plan!$M$5:$M$24,"#"&$A130,Plan!H$5:H$24)) | L130: =IF($B130="",0,$E130*SUMIF(Plan!$M$5:$M$24,"#"&$A130,Plan!I$5:I$24)) | M130: =IF($B130="",0,$E130*SUMIF(Plan!$M$5:$M$24,"#"&$A130,Plan!J$5:J$24)) | N130: =IF($B130="",0,$E130*SUMIF(Plan!$M$5:$M$24,"#"&$A130,Plan!K$5:K$24)) | O130: =IF($B130="",0,$E130*SUMIF(Plan!$M$5:$M$24,"#"&$A130,Plan!L$5:L$24)) | P130: =IF(B130="","","#"&B130) | Q130: =IF(A130="","","#"&A130)
A131: ESCM 4410 | C131: =IFERROR(INDEX(Materiales!$B$4:$B$484,MATCH("#"&$B131,Materiales!$K$4:$K$484,0)),"") | D131: =IFERROR(INDEX(Materiales!$C$4:$C$484,MATCH("#"&$B131,Materiales!$K$4:$K$484,0)),"") | H131: =IF($B131="",0,$E131*SUMIF(Plan!$M$5:$M$24,"#"&$A131,Plan!E$5:E$24)) | I131: =IF($B131="",0,$E131*SUMIF(Plan!$M$5:$M$24,"#"&$A131,Plan!F$5:F$24)) | J131: =IF($B131="",0,$E131*SUMIF(Plan!$M$5:$M$24,"#"&$A131,Plan!G$5:G$24)) | K131: =IF($B131="",0,$E131*SUMIF(Plan!$M$5:$M$24,"#"&$A131,Plan!H$5:H$24)) | L131: =IF($B131="",0,$E131*SUMIF(Plan!$M$5:$M$24,"#"&$A131,Plan!I$5:I$24)) | M131: =IF($B131="",0,$E131*SUMIF(Plan!$M$5:$M$24,"#"&$A131,Plan!J$5:J$24)) | N131: =IF($B131="",0,$E131*SUMIF(Plan!$M$5:$M$24,"#"&$A131,Plan!K$5:K$24)) | O131: =IF($B131="",0,$E131*SUMIF(Plan!$M$5:$M$24,"#"&$A131,Plan!L$5:L$24)) | P131: =IF(B131="","","#"&B131) | Q131: =IF(A131="","","#"&A131)
A132: ESCM 4410 | C132: =IFERROR(INDEX(Materiales!$B$4:$B$484,MATCH("#"&$B132,Materiales!$K$4:$K$484,0)),"") | D132: =IFERROR(INDEX(Materiales!$C$4:$C$484,MATCH("#"&$B132,Materiales!$K$4:$K$484,0)),"") | H132: =IF($B132="",0,$E132*SUMIF(Plan!$M$5:$M$24,"#"&$A132,Plan!E$5:E$24)) | I132: =IF($B132="",0,$E132*SUMIF(Plan!$M$5:$M$24,"#"&$A132,Plan!F$5:F$24)) | J132: =IF($B132="",0,$E132*SUMIF(Plan!$M$5:$M$24,"#"&$A132,Plan!G$5:G$24)) | K132: =IF($B132="",0,$E132*SUMIF(Plan!$M$5:$M$24,"#"&$A132,Plan!H$5:H$24)) | L132: =IF($B132="",0,$E132*SUMIF(Plan!$M$5:$M$24,"#"&$A132,Plan!I$5:I$24)) | M132: =IF($B132="",0,$E132*SUMIF(Plan!$M$5:$M$24,"#"&$A132,Plan!J$5:J$24)) | N132: =IF($B132="",0,$E132*SUMIF(Plan!$M$5:$M$24,"#"&$A132,Plan!K$5:K$24)) | O132: =IF($B132="",0,$E132*SUMIF(Plan!$M$5:$M$24,"#"&$A132,Plan!L$5:L$24)) | P132: =IF(B132="","","#"&B132) | Q132: =IF(A132="","","#"&A132)
A133: ESCM 4410 | C133: =IFERROR(INDEX(Materiales!$B$4:$B$484,MATCH("#"&$B133,Materiales!$K$4:$K$484,0)),"") | D133: =IFERROR(INDEX(Materiales!$C$4:$C$484,MATCH("#"&$B133,Materiales!$K$4:$K$484,0)),"") | H133: =IF($B133="",0,$E133*SUMIF(Plan!$M$5:$M$24,"#"&$A133,Plan!E$5:E$24)) | I133: =IF($B133="",0,$E133*SUMIF(Plan!$M$5:$M$24,"#"&$A133,Plan!F$5:F$24)) | J133: =IF($B133="",0,$E133*SUMIF(Plan!$M$5:$M$24,"#"&$A133,Plan!G$5:G$24)) | K133: =IF($B133="",0,$E133*SUMIF(Plan!$M$5:$M$24,"#"&$A133,Plan!H$5:H$24)) | L133: =IF($B133="",0,$E133*SUMIF(Plan!$M$5:$M$24,"#"&$A133,Plan!I$5:I$24)) | M133: =IF($B133="",0,$E133*SUMIF(Plan!$M$5:$M$24,"#"&$A133,Plan!J$5:J$24)) | N133: =IF($B133="",0,$E133*SUMIF(Plan!$M$5:$M$24,"#"&$A133,Plan!K$5:K$24)) | O133: =IF($B133="",0,$E133*SUMIF(Plan!$M$5:$M$24,"#"&$A133,Plan!L$5:L$24)) | P133: =IF(B133="","","#"&B133) | Q133: =IF(A133="","","#"&A133)
A134: ESCM 4410 | C134: =IFERROR(INDEX(Materiales!$B$4:$B$484,MATCH("#"&$B134,Materiales!$K$4:$K$484,0)),"") | D134: =IFERROR(INDEX(Materiales!$C$4:$C$484,MATCH("#"&$B134,Materiales!$K$4:$K$484,0)),"") | H134: =IF($B134="",0,$E134*SUMIF(Plan!$M$5:$M$24,"#"&$A134,Plan!E$5:E$24)) | I134: =IF($B134="",0,$E134*SUMIF(Plan!$M$5:$M$24,"#"&$A134,Plan!F$5:F$24)) | J134: =IF($B134="",0,$E134*SUMIF(Plan!$M$5:$M$24,"#"&$A134,Plan!G$5:G$24)) | K134: =IF($B134="",0,$E134*SUMIF(Plan!$M$5:$M$24,"#"&$A134,Plan!H$5:H$24)) | L134: =IF($B134="",0,$E134*SUMIF(Plan!$M$5:$M$24,"#"&$A134,Plan!I$5:I$24)) | M134: =IF($B134="",0,$E134*SUMIF(Plan!$M$5:$M$24,"#"&$A134,Plan!J$5:J$24)) | N134: =IF($B134="",0,$E134*SUMIF(Plan!$M$5:$M$24,"#"&$A134,Plan!K$5:K$24)) | O134: =IF($B134="",0,$E134*SUMIF(Plan!$M$5:$M$24,"#"&$A134,Plan!L$5:L$24)) | P134: =IF(B134="","","#"&B134) | Q134: =IF(A134="","","#"&A134)
...

Sheet Inventario
A1: PASO 4 — Stock actual y ordenes ya emitidas
A2: Este maestro NO trae stock: cargalo en la columna C. En las columnas de semana pon las ordenes ya emitidas, en la semana en que llegaran.
E3: =Plan!E$3 | F3: =Plan!F$3 | G3: =Plan!G$3 | H3: =Plan!H$3 | I3: =Plan!I$3 | J3: =Plan!J$3 | K3: =Plan!K$3 | L3: =Plan!L$3
A4: Codigo | B4: Producto (auto) | C4: Stock actual | D4: N° OC / Proveedor | E4: Sem 1 | F4: Sem 2 | G4: Sem 3 | H4: Sem 4 | I4: Sem 5 | J4: Sem 6 | K4: Sem 7 | L4: Sem 8 | M4: clave
A5: 1 | B5: =IFERROR(INDEX(Materiales!$B$4:$B$484,MATCH("#"&$A5,Materiales!$K$4:$K$484,0)),"") | M5: =IF(A5="","","#"&A5)
A6: 2 | B6: =IFERROR(INDEX(Materiales!$B$4:$B$484,MATCH("#"&$A6,Materiales!$K$4:$K$484,0)),"") | M6: =IF(A6="","","#"&A6)
A7: 3 | B7: =IFERROR(INDEX(Materiales!$B$4:$B$484,MATCH("#"&$A7,Materiales!$K$4:$K$484,0)),"") | M7: =IF(A7="","","#"&A7)
A8: 4 | B8: =IFERROR(INDEX(Materiales!$B$4:$B$484,MATCH("#"&$A8,Materiales!$K$4:$K$484,0)),"") | M8: =IF(A8="","","#"&A8)
A9: 5 | B9: =IFERROR(INDEX(Materiales!$B$4:$B$484,MATCH("#"&$A9,Materiales!$K$4:$K$484,0)),"") | M9: =IF(A9="","","#"&A9)
A10: 6 | B10: =IFERROR(INDEX(Materiales!$B$4:$B$484,MATCH("#"&$A10,Materiales!$K$4:$K$484,0)),"") | M10: =IF(A10="","","#"&A10)
A11: 7 | B11: =IFERROR(INDEX(Materiales!$B$4:$B$484,MATCH("#"&$A11,Materiales!$K$4:$K$484,0)),"") | M11: =IF(A11="","","#"&A11)
A12: 8 | B12: =IFERROR(INDEX(Materiales!$B$4:$B$484,MATCH("#"&$A12,Materiales!$K$4:$K$484,0)),"") | M12: =IF(A12="","","#"&A12)
A13: 9 | B13: =IFERROR(INDEX(Materiales!$B$4:$B$484,MATCH("#"&$A13,Materiales!$K$4:$K$484,0)),"") | M13: =IF(A13="","","#"&A13)
A14: 10 | B14: =IFERROR(INDEX(Materiales!$B$4:$B$484,MATCH("#"&$A14,Materiales!$K$4:$K$484,0)),"") | M14: =IF(A14="","","#"&A14)
A15: 11 | B15: =IFERROR(INDEX(Materiales!$B$4:$B$484,MATCH("#"&$A15,Materiales!$K$4:$K$484,0)),"") | M15: =IF(A15="","","#"&A15)
A16: 12 | B16: =IFERROR(INDEX(Materiales!$B$4:$B$484,MATCH("#"&$A16,Materiales!$K$4:$K$484,0)),"") | M16: =IF(A16="","","#"&A16)
... A485: FANEL240_16 | B485: =IFERROR(INDEX(Materiales!$B$4:$B$484,MATCH("#"&$A485,Materiales!$K$4:$K$484,0)),"") | M485: =IF(A485="","","#"&A485)
B486: =IFERROR(INDEX(Materiales!$B$4:$B$484,MATCH("#"&$A486,Materiales!$K$4:$K$484,0)),"") | M486: =IF(A486="","","#"&A486)
B487: =IFERROR(INDEX(Materiales!$B$4:$B$484,MATCH("#"&$A487,Materiales!$K$4:$K$484,0)),"") | M487: =IF(A487="","","#"&A487)
B488: =IFERROR(INDEX(Materiales!$B$4:$B$484,MATCH("#"&$A488,Materiales!$K$4:$K$484,0)),"") | M488: =IF(A488="","","#"&A488)
B489: =IFERROR(INDEX(Materiales!$B$4:$B$484,MATCH("#"&$A489,Materiales!$K$4:$K$484,0)),"") | M489: =IF(A489="","","#"&A489)
B490: =IFERROR(INDEX(Materiales!$B$4:$B$484,MATCH("#"&$A490,Materiales!$K$4:$K$484,0)),"") | M490: =IF(A490="","","#"&A490)
B491: =IFERROR(INDEX(Materiales!$B$4:$B$484,MATCH("#"&$A491,Materiales!$K$4:$K$484,0)),"") | M491: =IF(A491="","","#"&A491)
B492: =IFERROR(INDEX(Materiales!$B$4:$B$484,MATCH("#"&$A492,Materiales!$K$4:$K$484,0)),"") | M492: =IF(A492="","","#"&A492)
B493: =IFERROR(INDEX(Materiales!$B$4:$B$484,MATCH("#"&$A493,Materiales!$K$4:$K$484,0)),"") | M493: =IF(A493="","","#"&A493)
B494: =IFERROR(INDEX(Materiales!$B$4:$B$484,MATCH("#"&$A494,Materiales!$K$4:$K$484,0)),"") | M494: =IF(A494="","","#"&A494)
B495: =IFERROR(INDEX(Materiales!$B$4:$B$484,MATCH("#"&$A495,Materiales!$K$4:$K$484,0)),"") | M495: =IF(A495="","","#"&A495)
B496: =IFERROR(INDEX(Materiales!$B$4:$B$484,MATCH("#"&$A496,Materiales!$K$4:$K$484,0)),"") | M496: =IF(A496="","","#"&A496)
B497: =IFERROR(INDEX(Materiales!$B$4:$B$484,MATCH("#"&$A497,Materiales!$K$4:$K$484,0)),"") | M497: =IF(A497="","","#"&A497)
... B505: =IFERROR(INDEX(Materiales!$B$4:$B$484,MATCH("#"&$A505,Materiales!$K$4:$K$484,0)),"") | M505: =IF(A505="","","#"&A505)

Sheet MRP
A1: CALCULO MRP — no escribas en esta hoja
A2: Un bloque de 6 renglones por item. Lee el renglon verde: es la semana en que debes pedir.
E3: =Plan!E$3 | F3: =Plan!F$3 | G3: =Plan!G$3 | H3: =Plan!H$3 | I3: =Plan!I$3 | J3: =Plan!J$3 | K3: =Plan!K$3 | L3: =Plan!L$3
A4: Codigo | B4: Producto | C4: Concepto | D4: Inicial / hoy | E4: Sem 1 | F4: Sem 2 | G4: Sem 3 | H4: Sem 4 | I4: Sem 5 | J4: Sem 6 | K4: Sem 7 | L4: Sem 8 | M4: Alerta
A5: =IF(Materiales!$A$4="","",Materiales!$A$4) | B5: =IF(Materiales!$B$4="","",Materiales!$B$4) | C5: Necesidad bruta | E5: =ROUND(SUMIF(Consumo!$P$4:$P$189,"#"&$A5,Consumo!H$4:H$189),4) | F5: =ROUND(SUMIF(Consumo!$P$4:$P$189,"#"&$A5,Consumo!I$4:I$189),4) | G5: =ROUND(SUMIF(Consumo!$P$4:$P$189,"#"&$A5,Consumo!J$4:J$189),4) | H5: =ROUND(SUMIF(Consumo!$P$4:$P$189,"#"&$A5,Consumo!K$4:K$189),4) | I5: =ROUND(SUMIF(Consumo!$P$4:$P$189,"#"&$A5,Consumo!L$4:L$189),4) | J5: =ROUND(SUMIF(Consumo!$P$4:$P$189,"#"&$A5,Consumo!M$4:M$189),4) | K5: =ROUND(SUMIF(Consumo!$P$4:$P$189,"#"&$A5,Consumo!N$4:N$189),4) | L5: =ROUND(SUMIF(Consumo!$P$4:$P$189,"#"&$A5,Consumo!O$4:O$189),4)
C6: Recepciones programadas (ya pedido) | E6: =SUMIF(Inventario!$M$5:$M$505,"#"&$A5,Inventario!E$5:E$505) | F6: =SUMIF(Inventario!$M$5:$M$505,"#"&$A5,Inventario!F$5:F$505) | G6: =SUMIF(Inventario!$M$5:$M$505,"#"&$A5,Inventario!G$5:G$505) | H6: =SUMIF(Inventario!$M$5:$M$505,"#"&$A5,Inventario!H$5:H$505) | I6: =SUMIF(Inventario!$M$5:$M$505,"#"&$A5,Inventario!I$5:I$505) | J6: =SUMIF(Inventario!$M$5:$M$505,"#"&$A5,Inventario!J$5:J$505) | K6: =SUMIF(Inventario!$M$5:$M$505,"#"&$A5,Inventario!K$5:K$505) | L6: =SUMIF(Inventario!$M$5:$M$505,"#"&$A5,Inventario!L$5:L$505)
C7: Stock proyectado disponible | D7: =SUMIF(Inventario!$M$5:$M$505,"#"&$A5,Inventario!$C$5:$C$505) | E7: =D7+E6+E9-E5 | F7: =E7+F6+F9-F5 | G7: =F7+G6+G9-G5 | H7: =G7+H6+H9-H5 | I7: =H7+I6+I9-I5 | J7: =I7+J6+J9-J5 | K7: =J7+K6+K9-K5 | L7: =K7+L6+L9-L5
C8: Necesidad neta | E8: =MAX(0,ROUND(E5+Materiales!$H$4-D7-E6,4)) | F8: =MAX(0,ROUND(F5+Materiales!$H$4-E7-F6,4)) | G8: =MAX(0,ROUND(G5+Materiales!$H$4-F7-G6,4)) | H8: =MAX(0,ROUND(H5+Materiales!$H$4-G7-H6,4)) | I8: =MAX(0,ROUND(I5+Materiales!$H$4-H7-I6,4)) | J8: =MAX(0,ROUND(J5+Materiales!$H$4-I7-J6,4)) | K8: =MAX(0,ROUND(K5+Materiales!$H$4-J7-K6,4)) | L8: =MAX(0,ROUND(L5+Materiales!$H$4-K7-L6,4))
C9: Recepcion de orden planificada | E9: =IF(E8<=0,0,IF(Materiales!$G$4<=0,E8,ROUNDUP(E8/Materiales!$G$4,0)*Materiales!$G$4)) | F9: =IF(F8<=0,0,IF(Materiales!$G$4<=0,F8,ROUNDUP(F8/Materiales!$G$4,0)*Materiales!$G$4)) | G9: =IF(G8<=0,0,IF(Materiales!$G$4<=0,G8,ROUNDUP(G8/Materiales!$G$4,0)*Materiales!$G$4)) | H9: =IF(H8<=0,0,IF(Materiales!$G$4<=0,H8,ROUNDUP(H8/Materiales!$G$4,0)*Materiales!$G$4)) | I9: =IF(I8<=0,0,IF(Materiales!$G$4<=0,I8,ROUNDUP(I8/Materiales!$G$4,0)*Materiales!$G$4)) | J9: =IF(J8<=0,0,IF(Materiales!$G$4<=0,J8,ROUNDUP(J8/Materiales!$G$4,0)*Materiales!$G$4)) | K9: =IF(K8<=0,0,IF(Materiales!$G$4<=0,K8,ROUNDUP(K8/Materiales!$G$4,0)*Materiales!$G$4)) | L9: =IF(L8<=0,0,IF(Materiales!$G$4<=0,L8,ROUNDUP(L8/Materiales!$G$4,0)*Materiales!$G$4))
C10: LANZAMIENTO DE ORDEN — pedir esta semana | E10: =IF(1+Materiales!$F$4>8,0,INDEX($E$9:$L$9,1,1+Materiales!$F$4)) | F10: =IF(2+Materiales!$F$4>8,0,INDEX($E$9:$L$9,1,2+Materiales!$F$4)) | G10: =IF(3+Materiales!$F$4>8,0,INDEX($E$9:$L$9,1,3+Materiales!$F$4)) | H10: =IF(4+Materiales!$F$4>8,0,INDEX($E$9:$L$9,1,4+Materiales!$F$4)) | I10: =IF(5+Materiales!$F$4>8,0,INDEX($E$9:$L$9,1,5+Materiales!$F$4)) | J10: =IF(6+Materiales!$F$4>8,0,INDEX($E$9:$L$9,1,6+Materiales!$F$4)) | K10: =IF(7+Materiales!$F$4>8,0,INDEX($E$9:$L$9,1,7+Materiales!$F$4)) | L10: =IF(8+Materiales!$F$4>8,0,INDEX($E$9:$L$9,1,8+Materiales!$F$4)) | M10: =IF($A5="","",IF(SUMPRODUCT((COLUMN($E$9:$L$9)-4<=Materiales!$F$4)*$E$9:$L$9)>0,"PEDIR YA (atrasado)","OK"))
A12: =IF(Materiales!$A$5="","",Materiales!$A$5) | B12: =IF(Materiales!$B$5="","",Materiales!$B$5) | C12: Necesidad bruta | E12: =ROUND(SUMIF(Consumo!$P$4:$P$189,"#"&$A12,Consumo!H$4:H$189),4) | F12: =ROUND(SUMIF(Consumo!$P$4:$P$189,"#"&$A12,Consumo!I$4:I$189),4) | G12: =ROUND(SUMIF(Consumo!$P$4:$P$189,"#"&$A12,Consumo!J$4:J$189),4) | H12: =ROUND(SUMIF(Consumo!$P$4:$P$189,"#"&$A12,Consumo!K$4:K$189),4) | I12: =ROUND(SUMIF(Consumo!$P$4:$P$189,"#"&$A12,Consumo!L$4:L$189),4) | J12: =ROUND(SUMIF(Consumo!$P$4:$P$189,"#"&$A12,Consumo!M$4:M$189),4) | K12: =ROUND(SUMIF(Consumo!$P$4:$P$189,"#"&$A12,Consumo!N$4:N$189),4) | L12: =ROUND(SUMIF(Consumo!$P$4:$P$189,"#"&$A12,Consumo!O$4:O$189),4)
C13: Recepciones programadas (ya pedido) | E13: =SUMIF(Inventario!$M$5:$M$505,"#"&$A12,Inventario!E$5:E$505) | F13: =SUMIF(Inventario!$M$5:$M$505,"#"&$A12,Inventario!F$5:F$505) | G13: =SUMIF(Inventario!$M$5:$M$505,"#"&$A12,Inventario!G$5:G$505) | H13: =SUMIF(Inventario!$M$5:$M$505,"#"&$A12,Inventario!H$5:H$505) | I13: =SUMIF(Inventario!$M$5:$M$505,"#"&$A12,Inventario!I$5:I$505) | J13: =SUMIF(Inventario!$M$5:$M$505,"#"&$A12,Inventario!J$5:J$505) | K13: =SUMIF(Inventario!$M$5:$M$505,"#"&$A12,Inventario!K$5:K$505) | L13: =SUMIF(Inventario!$M$5:$M$505,"#"&$A12,Inventario!L$5:L$505)
C14: Stock proyectado disponible | D14: =SUMIF(Inventario!$M$5:$M$505,"#"&$A12,Inventario!$C$5:$C$505) | E14: =D14+E13+E16-E12 | F14: =E14+F13+F16-F12 | G14: =F14+G13+G16-G12 | H14: =G14+H13+H16-H12 | I14: =H14+I13+I16-I12 | J14: =I14+J13+J16-J12 | K14: =J14+K13+K16-K12 | L14: =K14+L13+L16-L12
C15: Necesidad neta | E15: =MAX(0,ROUND(E12+Materiales!$H$5-D14-E13,4)) | F15: =MAX(0,ROUND(F12+Materiales!$H$5-E14-F13,4)) | G15: =MAX(0,ROUND(G12+Materiales!$H$5-F14-G13,4)) | H15: =MAX(0,ROUND(H12+Materiales!$H$5-G14-H13,4)) | I15: =MAX(0,ROUND(I12+Materiales!$H$5-H14-I13,4)) | J15: =MAX(0,ROUND(J12+Materiales!$H$5-I14-J13,4)) | K15: =MAX(0,ROUND(K12+Materiales!$H$5-J14-K13,4)) | L15: =MAX(0,ROUND(L12+Materiales!$H$5-K14-L13,4))
C16: Recepcion de orden planificada | E16: =IF(E15<=0,0,IF(Materiales!$G$5<=0,E15,ROUNDUP(E15/Materiales!$G$5,0)*Materiales!$G$5)) | F16: =IF(F15<=0,0,IF(Materiales!$G$5<=0,F15,ROUNDUP(F15/Materiales!$G$5,0)*Materiales!$G$5)) | G16: =IF(G15<=0,0,IF(Materiales!$G$5<=0,G15,ROUNDUP(G15/Materiales!$G$5,0)*Materiales!$G$5)) | H16: =IF(H15<=0,0,IF(Materiales!$G$5<=0,H15,ROUNDUP(H15/Materiales!$G$5,0)*Materiales!$G$5)) | I16: =IF(I15<=0,0,IF(Materiales!$G$5<=0,I15,ROUNDUP(I15/Materiales!$G$5,0)*Materiales!$G$5)) | J16: =IF(J15<=0,0,IF(Materiales!$G$5<=0,J15,ROUNDUP(J15/Materiales!$G$5,0)*Materiales!$G$5)) | K16: =IF(K15<=0,0,IF(Materiales!$G$5<=0,K15,ROUNDUP(K15/Materiales!$G$5,0)*Materiales!$G$5)) | L16: =IF(L15<=0,0,IF(Materiales!$G$5<=0,L15,ROUNDUP(L15/Materiales!$G$5,0)*Materiales!$G$5))
C17: LANZAMIENTO DE ORDEN — pedir esta semana | E17: =IF(1+Materiales!$F$5>8,0,INDEX($E$16:$L$16,1,1+Materiales!$F$5)) | F17: =IF(2+Materiales!$F$5>8,0,INDEX($E$16:$L$16,1,2+Materiales!$F$5)) | G17: =IF(3+Materiales!$F$5>8,0,INDEX($E$16:$L$16,1,3+Materiales!$F$5)) | H17: =IF(4+Materiales!$F$5>8,0,INDEX($E$16:$L$16,1,4+Materiales!$F$5)) | I17: =IF(5+Materiales!$F$5>8,0,INDEX($E$16:$L$16,1,5+Materiales!$F$5)) | J17: =IF(6+Materiales!$F$5>8,0,INDEX($E$16:$L$16,1,6+Materiales!$F$5)) | K17: =IF(7+Materiales!$F$5>8,0,INDEX($E$16:$L$16,1,7+Materiales!$F$5)) | L17: =IF(8+Materiales!$F$5>8,0,INDEX($E$16:$L$16,1,8+Materiales!$F$5)) | M17: =IF($A12="","",IF(SUMPRODUCT((COLUMN($E$16:$L$16)-4<=Materiales!$F$5)*$E$16:$L$16)>0,"PEDIR YA (atrasado)","OK"))
A19: =IF(Materiales!$A$6="","",Materiales!$A$6) | B19: =IF(Materiales!$B$6="","",Materiales!$B$6) | C19: Necesidad bruta | E19: =ROUND(SUMIF(Consumo!$P$4:$P$189,"#"&$A19,Consumo!H$4:H$189),4) | F19: =ROUND(SUMIF(Consumo!$P$4:$P$189,"#"&$A19,Consumo!I$4:I$189),4) | G19: =ROUND(SUMIF(Consumo!$P$4:$P$189,"#"&$A19,Consumo!J$4:J$189),4) | H19: =ROUND(SUMIF(Consumo!$P$4:$P$189,"#"&$A19,Consumo!K$4:K$189),4) | I19: =ROUND(SUMIF(Consumo!$P$4:$P$189,"#"&$A19,Consumo!L$4:L$189),4) | J19: =ROUND(SUMIF(Consumo!$P$4:$P$189,"#"&$A19,Consumo!M$4:M$189),4) | K19: =ROUND(SUMIF(Consumo!$P$4:$P$189,"#"&$A19,Consumo!N$4:N$189),4) | L19: =ROUND(SUMIF(Consumo!$P$4:$P$189,"#"&$A19,Consumo!O$4:O$189),4)
C20: Recepciones programadas (ya pedido) | E20: =SUMIF(Inventario!$M$5:$M$505,"#"&$A19,Inventario!E$5:E$505) | F20: =SUMIF(Inventario!$M$5:$M$505,"#"&$A19,Inventario!F$5:F$505) | G20: =SUMIF(Inventario!$M$5:$M$505,"#"&$A19,Inventario!G$5:G$505) | H20: =SUMIF(Inventario!$M$5:$M$505,"#"&$A19,Inventario!H$5:H$505) | I20: =SUMIF(Inventario!$M$5:$M$505,"#"&$A19,Inventario!I$5:I$505) | J20: =SUMIF(Inventario!$M$5:$M$505,"#"&$A19,Inventario!J$5:J$505) | K20: =SUMIF(Inventario!$M$5:$M$505,"#"&$A19,Inventario!K$5:K$505) | L20: =SUMIF(Inventario!$M$5:$M$505,"#"&$A19,Inventario!L$5:L$505)
C21: Stock proyectado disponible | D21: =SUMIF(Inventario!$M$5:$M$505,"#"&$A19,Inventario!$C$5:$C$505) | E21: =D21+E20+E23-E19 | F21: =E21+F20+F23-F19 | G21: =F21+G20+G23-G19 | H21: =G21+H20+H23-H19 | I21: =H21+I20+I23-I19 | J21: =I21+J20+J23-J19 | K21: =J21+K20+K23-K19 | L21: =K21+L20+L23-L19
C22: Necesidad neta | E22: =MAX(0,ROUND(E19+Materiales!$H$6-D21-E20,4)) | F22: =MAX(0,ROUND(F19+Materiales!$H$6-E21-F20,4)) | G22: =MAX(0,ROUND(G19+Materiales!$H$6-F21-G20,4)) | H22: =MAX(0,ROUND(H19+Materiales!$H$6-G21-H20,4)) | I22: =MAX(0,ROUND(I19+Materiales!$H$6-H21-I20,4)) | J22: =MAX(0,ROUND(J19+Materiales!$H$6-I21-J20,4)) | K22: =MAX(0,ROUND(K19+Materiales!$H$6-J21-K20,4)) | L22: =MAX(0,ROUND(L19+Materiales!$H$6-K21-L20,4))
C23: Recepcion de orden planificada | E23: =IF(E22<=0,0,IF(Materiales!$G$6<=0,E22,ROUNDUP(E22/Materiales!$G$6,0)*Materiales!$G$6)) | F23: =IF(F22<=0,0,IF(Materiales!$G$6<=0,F22,ROUNDUP(F22/Materiales!$G$6,0)*Materiales!$G$6)) | G23: =IF(G22<=0,0,IF(Materiales!$G$6<=0,G22,ROUNDUP(G22/Materiales!$G$6,0)*Materiales!$G$6)) | H23: =IF(H22<=0,0,IF(Materiales!$G$6<=0,H22,ROUNDUP(H22/Materiales!$G$6,0)*Materiales!$G$6)) | I23: =IF(I22<=0,0,IF(Materiales!$G$6<=0,I22,ROUNDUP(I22/Materiales!$G$6,0)*Materiales!$G$6)) | J23: =IF(J22<=0,0,IF(Materiales!$G$6<=0,J22,ROUNDUP(J22/Materiales!$G$6,0)*Materiales!$G$6)) | K23: =IF(K22<=0,0,IF(Materiales!$G$6<=0,K22,ROUNDUP(K22/Materiales!$G$6,0)*Materiales!$G$6)) | L23: =IF(L22<=0,0,IF(Materiales!$G$6<=0,L22,ROUNDUP(L22/Materiales!$G$6,0)*Materiales!$G$6))
C24: LANZAMIENTO DE ORDEN — pedir esta semana | E24: =IF(1+Materiales!$F$6>8,0,INDEX($E$23:$L$23,1,1+Materiales!$F$6)) | F24: =IF(2+Materiales!$F$6>8,0,INDEX($E$23:$L$23,1,2+Materiales!$F$6)) | G24: =IF(3+Materiales!$F$6>8,0,INDEX($E$23:$L$23,1,3+Materiales!$F$6)) | H24: =IF(4+Materiales!$F$6>8,0,INDEX($E$23:$L$23,1,4+Materiales!$F$6)) | I24: =IF(5+Materiales!$F$6>8,0,INDEX($E$23:$L$23,1,5+Materiales!$F$6)) | J24: =IF(6+Materiales!$F$6>8,0,INDEX($E$23:$L$23,1,6+Materiales!$F$6)) | K24: =IF(7+Materiales!$F$6>8,0,INDEX($E$23:$L$23,1,7+Materiales!$F$6)) | L24: =IF(8+Materiales!$F$6>8,0,INDEX($E$23:$L$23,1,8+Materiales!$F$6)) | M24: =IF($A19="","",IF(SUMPRODUCT((COLUMN($E$23:$L$23)-4<=Materiales!$F$6)*$E$23:$L$23)>0,"PEDIR YA (atrasado)","OK"))
A26: =IF(Materiales!$A$7="","",Materiales!$A$7) | B26: =IF(Materiales!$B$7="","",Materiales!$B$7) | C26: Necesidad bruta | E26: =ROUND(SUMIF(Consumo!$P$4:$P$189,"#"&$A26,Consumo!H$4:H$189),4) | F26: =ROUND(SUMIF(Consumo!$P$4:$P$189,"#"&$A26,Consumo!I$4:I$189),4) | G26: =ROUND(SUMIF(Consumo!$P$4:$P$189,"#"&$A26,Consumo!J$4:J$189),4) | H26: =ROUND(SUMIF(Consumo!$P$4:$P$189,"#"&$A26,Consumo!K$4:K$189),4) | I26: =ROUND(SUMIF(Consumo!$P$4:$P$189,"#"&$A26,Consumo!L$4:L$189),4) | J26: =ROUND(SUMIF(Consumo!$P$4:$P$189,"#"&$A26,Consumo!M$4:M$189),4) | K26: =ROUND(SUMIF(Consumo!$P$4:$P$189,"#"&$A26,Consumo!N$4:N$189),4) | L26: =ROUND(SUMIF(Consumo!$P$4:$P$189,"#"&$A26,Consumo!O$4:O$189),4)
C27: Recepciones programadas (ya pedido) | E27: =SUMIF(Inventario!$M$5:$M$505,"#"&$A26,Inventario!E$5:E$505) | F27: =SUMIF(Inventario!$M$5:$M$505,"#"&$A26,Inventario!F$5:F$505) | G27: =SUMIF(Inventario!$M$5:$M$505,"#"&$A26,Inventario!G$5:G$505) | H27: =SUMIF(Inventario!$M$5:$M$505,"#"&$A26,Inventario!H$5:H$505) | I27: =SUMIF(Inventario!$M$5:$M$505,"#"&$A26,Inventario!I$5:I$505) | J27: =SUMIF(Inventario!$M$5:$M$505,"#"&$A26,Inventario!J$5:J$505) | K27: =SUMIF(Inventario!$M$5:$M$505,"#"&$A26,Inventario!K$5:K$505) | L27: =SUMIF(Inventario!$M$5:$M$505,"#"&$A26,Inventario!L$5:L$505)
C28: Stock proyectado disponible | D28: =SUMIF(Inventario!$M$5:$M$505,"#"&$A26,Inventario!$C$5:$C$505) | E28: =D28+E27+E30-E26 | F28: =E28+F27+F30-F26 | G28: =F28+G27+G30-G26 | H28: =G28+H27+H30-H26 | I28: =H28+I27+I30-I26 | J28: =I28+J27+J30-J26 | K28: =J28+K27+K30-K26 | L28: =K28+L27+L30-L26
C29: Necesidad neta | E29: =MAX(0,ROUND(E26+Materiales!$H$7-D28-E27,4)) | F29: =MAX(0,ROUND(F26+Materiales!$H$7-E28-F27,4)) | G29: =MAX(0,ROUND(G26+Materiales!$H$7-F28-G27,4)) | H29: =MAX(0,ROUND(H26+Materiales!$H$7-G28-H27,4)) | I29: =MAX(0,ROUND(I26+Materiales!$H$7-H28-I27,4)) | J29: =MAX(0,ROUND(J26+Materiales!$H$7-I28-J27,4)) | K29: =MAX(0,ROUND(K26+Materiales!$H$7-J28-K27,4)) | L29: =MAX(0,ROUND(L26+Materiales!$H$7-K28-L27,4))
C30: Recepcion de orden planificada | E30: =IF(E29<=0,0,IF(Materiales!$G$7<=0,E29,ROUNDUP(E29/Materiales!$G$7,0)*Materiales!$G$7)) | F30: =IF(F29<=0,0,IF(Materiales!$G$7<=0,F29,ROUNDUP(F29/Materiales!$G$7,0)*Materiales!$G$7)) | G30: =IF(G29<=0,0,IF(Materiales!$G$7<=0,G29,ROUNDUP(G29/Materiales!$G$7,0)*Materiales!$G$7)) | H30: =IF(H29<=0,0,IF(Materiales!$G$7<=0,H29,ROUNDUP(H29/Materiales!$G$7,0)*Materiales!$G$7)) | I30: =IF(I29<=0,0,IF(Materiales!$G$7<=0,I29,ROUNDUP(I29/Materiales!$G$7,0)*Materiales!$G$7)) | J30: =IF(J29<=0,0,IF(Materiales!$G$7<=0,J29,ROUNDUP(J29/Materiales!$G$7,0)*Materiales!$G$7)) | K30: =IF(K29<=0,0,IF(Materiales!$G$7<=0,K29,ROUNDUP(K29/Materiales!$G$7,0)*Materiales!$G$7)) | L30: =IF(L29<=0,0,IF(Materiales!$G$7<=0,L29,ROUNDUP(L29/Materiales!$G$7,0)*Materiales!$G$7))
C31: LANZAMIENTO DE ORDEN — pedir esta semana | E31: =IF(1+Materiales!$F$7>8,0,INDEX($E$30:$L$30,1,1+Materiales!$F$7)) | F31: =IF(2+Materiales!$F$7>8,0,INDEX($E$30:$L$30,1,2+Materiales!$F$7)) | G31: =IF(3+Materiales!$F$7>8,0,INDEX($E$30:$L$30,1,3+Materiales!$F$7)) | H31: =IF(4+Materiales!$F$7>8,0,INDEX($E$30:$L$30,1,4+Materiales!$F$7)) | I31: =IF(5+Materiales!$F$7>8,0,INDEX($E$30:$L$30,1,5+Materiales!$F$7)) | J31: =IF(6+Materiales!$F$7>8,0,INDEX($E$30:$L$30,1,6+Materiales!$F$7)) | K31: =IF(7+Materiales!$F$7>8,0,INDEX($E$30:$L$30,1,7+Materiales!$F$7)) | L31: =IF(8+Materiales!$F$7>8,0,INDEX($E$30:$L$30,1,8+Materiales!$F$7)) | M31: =IF($A26="","",IF(SUMPRODUCT((COLUMN($E$30:$L$30)-4<=Materiales!$F$7)*$E$30:$L$30)>0,"PEDIR YA (atrasado)","OK"))
A33: =IF(Materiales!$A$8="","",Materiales!$A$8) | B33: =IF(Materiales!$B$8="","",Materiales!$B$8) | C33: Necesidad bruta | E33: =ROUND(SUMIF(Consumo!$P$4:$P$189,"#"&$A33,Consumo!H$4:H$189),4) | F33: =ROUND(SUMIF(Consumo!$P$4:$P$189,"#"&$A33,Consumo!I$4:I$189),4) | G33: =ROUND(SUMIF(Consumo!$P$4:$P$189,"#"&$A33,Consumo!J$4:J$189),4) | H33: =ROUND(SUMIF(Consumo!$P$4:$P$189,"#"&$A33,Consumo!K$4:K$189),4) | I33: =ROUND(SUMIF(Consumo!$P$4:$P$189,"#"&$A33,Consumo!L$4:L$189),4) | J33: =ROUND(SUMIF(Consumo!$P$4:$P$189,"#"&$A33,Consumo!M$4:M$189),4) | K33: =ROUND(SUMIF(Consumo!$P$4:$P$189,"#"&$A33,Consumo!N$4:N$189),4) | L33: =ROUND(SUMIF(Consumo!$P$4:$P$189,"#"&$A33,Consumo!O$4:O$189),4)
C34: Recepciones programadas (ya pedido) | E34: =SUMIF(Inventario!$M$5:$M$505,"#"&$A33,Inventario!E$5:E$505) | F34: =SUMIF(Inventario!$M$5:$M$505,"#"&$A33,Inventario!F$5:F$505) | G34: =SUMIF(Inventario!$M$5:$M$505,"#"&$A33,Inventario!G$5:G$505) | H34: =SUMIF(Inventario!$M$5:$M$505,"#"&$A33,Inventario!H$5:H$505) | I34: =SUMIF(Inventario!$M$5:$M$505,"#"&$A33,Inventario!I$5:I$505) | J34: =SUMIF(Inventario!$M$5:$M$505,"#"&$A33,Inventario!J$5:J$505) | K34: =SUMIF(Inventario!$M$5:$M$505,"#"&$A33,Inventario!K$5:K$505) | L34: =SUMIF(Inventario!$M$5:$M$505,"#"&$A33,Inventario!L$5:L$505)
C35: Stock proyectado disponible | D35: =SUMIF(Inventario!$M$5:$M$505,"#"&$A33,Inventario!$C$5:$C$505) | E35: =D35+E34+E37-E33 | F35: =E35+F34+F37-F33 | G35: =F35+G34+G37-G33 | H35: =G35+H34+H37-H33 | I35: =H35+I34+I37-I33 | J35: =I35+J34+J37-J33 | K35: =J35+K34+K37-K33 | L35: =K35+L34+L37-L33
C36: Necesidad neta | E36: =MAX(0,ROUND(E33+Materiales!$H$8-D35-E34,4)) | F36: =MAX(0,ROUND(F33+Materiales!$H$8-E35-F34,4)) | G36: =MAX(0,ROUND(G33+Materiales!$H$8-F35-G34,4)) | H36: =MAX(0,ROUND(H33+Materiales!$H$8-G35-H34,4)) | I36: =MAX(0,ROUND(I33+Materiales!$H$8-H35-I34,4)) | J36: =MAX(0,ROUND(J33+Materiales!$H$8-I35-J34,4)) | K36: =MAX(0,ROUND(K33+Materiales!$H$8-J35-K34,4)) | L36: =MAX(0,ROUND(L33+Materiales!$H$8-K35-L34,4))
C37: Recepcion de orden planificada | E37: =IF(E36<=0,0,IF(Materiales!$G$8<=0,E36,ROUNDUP(E36/Materiales!$G$8,0)*Materiales!$G$8)) | F37: =IF(F36<=0,0,IF(Materiales!$G$8<=0,F36,ROUNDUP(F36/Materiales!$G$8,0)*Materiales!$G$8)) | G37: =IF(G36<=0,0,IF(Materiales!$G$8<=0,G36,ROUNDUP(G36/Materiales!$G$8,0)*Materiales!$G$8)) | H37: =IF(H36<=0,0,IF(Materiales!$G$8<=0,H36,ROUNDUP(H36/Materiales!$G$8,0)*Materiales!$G$8)) | I37: =IF(I36<=0,0,IF(Materiales!$G$8<=0,I36,ROUNDUP(I36/Materiales!$G$8,0)*Materiales!$G$8)) | J37: =IF(J36<=0,0,IF(Materiales!$G$8<=0,J36,ROUNDUP(J36/Materiales!$G$8,0)*Materiales!$G$8)) | K37: =IF(K36<=0,0,IF(Materiales!$G$8<=0,K36,ROUNDUP(K36/Materiales!$G$8,0)*Materiales!$G$8)) | L37: =IF(L36<=0,0,IF(Materiales!$G$8<=0,L36,ROUNDUP(L36/Materiales!$G$8,0)*Materiales!$G$8))
C38: LANZAMIENTO DE ORDEN — pedir esta semana | E38: =IF(1+Materiales!$F$8>8,0,INDEX($E$37:$L$37,1,1+Materiales!$F$8)) | F38: =IF(2+Materiales!$F$8>8,0,INDEX($E$37:$L$37,1,2+Materiales!$F$8)) | G38: =IF(3+Materiales!$F$8>8,0,INDEX($E$37:$L$37,1,3+Materiales!$F$8)) | H38: =IF(4+Materiales!$F$8>8,0,INDEX($E$37:$L$37,1,4+Materiales!$F$8)) | I38: =IF(5+Materiales!$F$8>8,0,INDEX($E$37:$L$37,1,5+Materiales!$F$8)) | J38: =IF(6+Materiales!$F$8>8,0,INDEX($E$37:$L$37,1,6+Materiales!$F$8)) | K38: =IF(7+Materiales!$F$8>8,0,INDEX($E$37:$L$37,1,7+Materiales!$F$8)) | L38: =IF(8+Materiales!$F$8>8,0,INDEX($E$37:$L$37,1,8+Materiales!$F$8)) | M38: =IF($A33="","",IF(SUMPRODUCT((COLUMN($E$37:$L$37)-4<=Materiales!$F$8)*$E$37:$L$37)>0,"PEDIR YA (atrasado)","OK"))
A40: =IF(Materiales!$A$9="","",Materiales!$A$9) | B40: =IF(Materiales!$B$9="","",Materiales!$B$9) | C40: Necesidad bruta | E40: =ROUND(SUMIF(Consumo!$P$4:$P$189,"#"&$A40,Consumo!H$4:H$189),4) | F40: =ROUND(SUMIF(Consumo!$P$4:$P$189,"#"&$A40,Consumo!I$4:I$189),4) | G40: =ROUND(SUMIF(Consumo!$P$4:$P$189,"#"&$A40,Consumo!J$4:J$189),4) | H40: =ROUND(SUMIF(Consumo!$P$4:$P$189,"#"&$A40,Consumo!K$4:K$189),4) | I40: =ROUND(SUMIF(Consumo!$P$4:$P$189,"#"&$A40,Consumo!L$4:L$189),4) | J40: =ROUND(SUMIF(Consumo!$P$4:$P$189,"#"&$A40,Consumo!M$4:M$189),4) | K40: =ROUND(SUMIF(Consumo!$P$4:$P$189,"#"&$A40,Consumo!N$4:N$189),4) | L40: =ROUND(SUMIF(Consumo!$P$4:$P$189,"#"&$A40,Consumo!O$4:O$189),4)
C41: Recepciones programadas (ya pedido) | E41: =SUMIF(Inventario!$M$5:$M$505,"#"&$A40,Inventario!E$5:E$505) | F41: =SUMIF(Inventario!$M$5:$M$505,"#"&$A40,Inventario!F$5:F$505) | G41: =SUMIF(Inventario!$M$5:$M$505,"#"&$A40,Inventario!G$5:G$505) | H41: =SUMIF(Inventario!$M$5:$M$505,"#"&$A40,Inventario!H$5:H$505) | I41: =SUMIF(Inventario!$M$5:$M$505,"#"&$A40,Inventario!I$5:I$505) | J41: =SUMIF(Inventario!$M$5:$M$505,"#"&$A40,Inventario!J$5:J$505) | K41: =SUMIF(Inventario!$M$5:$M$505,"#"&$A40,Inventario!K$5:K$505) | L41: =SUMIF(Inventario!$M$5:$M$505,"#"&$A40,Inventario!L$5:L$505)
C42: Stock proyectado disponible | D42: =SUMIF(Inventario!$M$5:$M$505,"#"&$A40,Inventario!$C$5:$C$505) | E42: =D42+E41+E44-E40 | F42: =E42+F41+F44-F40 | G42: =F42+G41+G44-G40 | H42: =G42+H41+H44-H40 | I42: =H42+I41+I44-I40 | J42: =I42+J41+J44-J40 | K42: =J42+K41+K44-K40 | L42: =K42+L41+L44-L40
C43: Necesidad neta | E43: =MAX(0,ROUND(E40+Materiales!$H$9-D42-E41,4)) | F43: =MAX(0,ROUND(F40+Materiales!$H$9-E42-F41,4)) | G43: =MAX(0,ROUND(G40+Materiales!$H$9-F42-G41,4)) | H43: =MAX(0,ROUND(H40+Materiales!$H$9-G42-H41,4)) | I43: =MAX(0,ROUND(I40+Materiales!$H$9-H42-I41,4)) | J43: =MAX(0,ROUND(J40+Materiales!$H$9-I42-J41,4)) | K43: =MAX(0,ROUND(K40+Materiales!$H$9-J42-K41,4)) | L43: =MAX(0,ROUND(L40+Materiales!$H$9-K42-L41,4))
C44: Recepcion de orden planificada | E44: =IF(E43<=0,0,IF(Materiales!$G$9<=0,E43,ROUNDUP(E43/Materiales!$G$9,0)*Materiales!$G$9)) | F44: =IF(F43<=0,0,IF(Materiales!$G$9<=0,F43,ROUNDUP(F43/Materiales!$G$9,0)*Materiales!$G$9)) | G44: =IF(G43<=0,0,IF(Materiales!$G$9<=0,G43,ROUNDUP(G43/Materiales!$G$9,0)*Materiales!$G$9)) | H44: =IF(H43<=0,0,IF(Materiales!$G$9<=0,H43,ROUNDUP(H43/Materiales!$G$9,0)*Materiales!$G$9)) | I44: =IF(I43<=0,0,IF(Materiales!$G$9<=0,I43,ROUNDUP(I43/Materiales!$G$9,0)*Materiales!$G$9)) | J44: =IF(J43<=0,0,IF(Materiales!$G$9<=0,J43,ROUNDUP(J43/Materiales!$G$9,0)*Materiales!$G$9)) | K44: =IF(K43<=0,0,IF(Materiales!$G$9<=0,K43,ROUNDUP(K43/Materiales!$G$9,0)*Materiales!$G$9)) | L44: =IF(L43<=0,0,IF(Materiales!$G$9<=0,L43,ROUNDUP(L43/Materiales!$G$9,0)*Materiales!$G$9))
C45: LANZAMIENTO DE ORDEN — pedir esta semana | E45: =IF(1+Materiales!$F$9>8,0,INDEX($E$44:$L$44,1,1+Materiales!$F$9)) | F45: =IF(2+Materiales!$F$9>8,0,INDEX($E$44:$L$44,1,2+Materiales!$F$9)) | G45: =IF(3+Materiales!$F$9>8,0,INDEX($E$44:$L$44,1,3+Materiales!$F$9)) | H45: =IF(4+Materiales!$F$9>8,0,INDEX($E$44:$L$44,1,4+Materiales!$F$9)) | I45: =IF(5+Materiales!$F$9>8,0,INDEX($E$44:$L$44,1,5+Materiales!$F$9)) | J45: =IF(6+Materiales!$F$9>8,0,INDEX($E$44:$L$44,1,6+Materiales!$F$9)) | K45: =IF(7+Materiales!$F$9>8,0,INDEX($E$44:$L$44,1,7+Materiales!$F$9)) | L45: =IF(8+Materiales!$F$9>8,0,INDEX($E$44:$L$44,1,8+Materiales!$F$9)) | M45: =IF($A40="","",IF(SUMPRODUCT((COLUMN($E$44:$L$44)-4<=Materiales!$F$9)*$E$44:$L$44)>0,"PEDIR YA (atrasado)","OK"))
A47: =IF(Materiales!$A$10="","",Materiales!$A$10) | B47: =IF(Materiales!$B$10="","",Materiales!$B$10) | C47: Necesidad bruta | E47: =ROUND(SUMIF(Consumo!$P$4:$P$189,"#"&$A47,Consumo!H$4:H$189),4) | F47: =ROUND(SUMIF(Consumo!$P$4:$P$189,"#"&$A47,Consumo!I$4:I$189),4) | G47: =ROUND(SUMIF(Consumo!$P$4:$P$189,"#"&$A47,Consumo!J$4:J$189),4) | H47: =ROUND(SUMIF(Consumo!$P$4:$P$189,"#"&$A47,Consumo!K$4:K$189),4) | I47: =ROUND(SUMIF(Consumo!$P$4:$P$189,"#"&$A47,Consumo!L$4:L$189),4) | J47: =ROUND(SUMIF(Consumo!$P$4:$P$189,"#"&$A47,Consumo!M$4:M$189),4) | K47: =ROUND(SUMIF(Consumo!$P$4:$P$189,"#"&$A47,Consumo!N$4:N$189),4) | L47: =ROUND(SUMIF(Consumo!$P$4:$P$189,"#"&$A47,Consumo!O$4:O$189),4)
C48: Recepciones programadas (ya pedido) | E48: =SUMIF(Inventario!$M$5:$M$505,"#"&$A47,Inventario!E$5:E$505) | F48: =SUMIF(Inventario!$M$5:$M$505,"#"&$A47,Inventario!F$5:F$505) | G48: =SUMIF(Inventario!$M$5:$M$505,"#"&$A47,Inventario!G$5:G$505) | H48: =SUMIF(Inventario!$M$5:$M$505,"#"&$A47,Inventario!H$5:H$505) | I48: =SUMIF(Inventario!$M$5:$M$505,"#"&$A47,Inventario!I$5:I$505) | J48: =SUMIF(Inventario!$M$5:$M$505,"#"&$A47,Inventario!J$5:J$505) | K48: =SUMIF(Inventario!$M$5:$M$505,"#"&$A47,Inventario!K$5:K$505) | L48: =SUMIF(Inventario!$M$5:$M$505,"#"&$A47,Inventario!L$5:L$505)
C49: Stock proyectado disponible | D49: =SUMIF(Inventario!$M$5:$M$505,"#"&$A47,Inventario!$C$5:$C$505) | E49: =D49+E48+E51-E47 | F49: =E49+F48+F51-F47 | G49: =F49+G48+G51-G47 | H49: =G49+H48+H51-H47 | I49: =H49+I48+I51-I47 | J49: =I49+J48+J51-J47 | K49: =J49+K48+K51-K47 | L49: =K49+L48+L51-L47
C50: Necesidad neta | E50: =MAX(0,ROUND(E47+Materiales!$H$10-D49-E48,4)) | F50: =MAX(0,ROUND(F47+Materiales!$H$10-E49-F48,4)) | G50: =MAX(0,ROUND(G47+Materiales!$H$10-F49-G48,4)) | H50: =MAX(0,ROUND(H47+Materiales!$H$10-G49-H48,4)) | I50: =MAX(0,ROUND(I47+Materiales!$H$10-H49-I48,4)) | J50: =MAX(0,ROUND(J47+Materiales!$H$10-I49-J48,4)) | K50: =MAX(0,ROUND(K47+Materiales!$H$10-J49-K48,4)) | L50: =MAX(0,ROUND(L47+Materiales!$H$10-K49-L48,4))
C51: Recepcion de orden planificada | E51: =IF(E50<=0,0,IF(Materiales!$G$10<=0,E50,ROUNDUP(E50/Materiales!$G$10,0)*Materiales!$G$10)) | F51: =IF(F50<=0,0,IF(Materiales!$G$10<=0,F50,ROUNDUP(F50/Materiales!$G$10,0)*Materiales!$G$10)) | G51: =IF(G50<=0,0,IF(Materiales!$G$10<=0,G50,ROUNDUP(G50/Materiales!$G$10,0)*Materiales!$G$10)) | H51: =IF(H50<=0,0,IF(Materiales!$G$10<=0,H50,ROUNDUP(H50/Materiales!$G$10,0)*Materiales!$G$10)) | I51: =IF(I50<=0,0,IF(Materiales!$G$10<=0,I50,ROUNDUP(I50/Materiales!$G$10,0)*Materiales!$G$10)) | J51: =IF(J50<=0,0,IF(Materiales!$G$10<=0,J50,ROUNDUP(J50/Materiales!$G$10,0)*Materiales!$G$10)) | K51: =IF(K50<=0,0,IF(Materiales!$G$10<=0,K50,ROUNDUP(K50/Materiales!$G$10,0)*Materiales!$G$10)) | L51: =IF(L50<=0,0,IF(Materiales!$G$10<=0,L50,ROUNDUP(L50/Materiales!$G$10,0)*Materiales!$G$10))
C52: LANZAMIENTO DE ORDEN — pedir esta semana | E52: =IF(1+Materiales!$F$10>8,0,INDEX($E$51:$L$51,1,1+Materiales!$F$10)) | F52: =IF(2+Materiales!$F$10>8,0,INDEX($E$51:$L$51,1,2+Materiales!$F$10)) | G52: =IF(3+Materiales!$F$10>8,0,INDEX($E$51:$L$51,1,3+Materiales!$F$10)) | H52: =IF(4+Materiales!$F$10>8,0,INDEX($E$51:$L$51,1,4+Materiales!$F$10)) | I52: =IF(5+Materiales!$F$10>8,0,INDEX($E$51:$L$51,1,5+Materiales!$F$10)) | J52: =IF(6+Materiales!$F$10>8,0,INDEX($E$51:$L$51,1,6+Materiales!$F$10)) | K52: =IF(7+Materiales!$F$10>8,0,INDEX($E$51:$L$51,1,7+Materiales!$F$10)) | L52: =IF(8+Materiales!$F$10>8,0,INDEX($E$51:$L$51,1,8+Materiales!$F$10)) | M52: =IF($A47="","",IF(SUMPRODUCT((COLUMN($E$51:$L$51)-4<=Materiales!$F$10)*$E$51:$L$51)>0,"PEDIR YA (atrasado)","OK"))
A54: =IF(Materiales!$A$11="","",Materiales!$A$11) | B54: =IF(Materiales!$B$11="","",Materiales!$B$11) | C54: Necesidad bruta | E54: =ROUND(SUMIF(Consumo!$P$4:$P$189,"#"&$A54,Consumo!H$4:H$189),4) | F54: =ROUND(SUMIF(Consumo!$P$4:$P$189,"#"&$A54,Consumo!I$4:I$189),4) | G54: =ROUND(SUMIF(Consumo!$P$4:$P$189,"#"&$A54,Consumo!J$4:J$189),4) | H54: =ROUND(SUMIF(Consumo!$P$4:$P$189,"#"&$A54,Consumo!K$4:K$189),4) | I54: =ROUND(SUMIF(Consumo!$P$4:$P$189,"#"&$A54,Consumo!L$4:L$189),4) | J54: =ROUND(SUMIF(Consumo!$P$4:$P$189,"#"&$A54,Consumo!M$4:M$189),4) | K54: =ROUND(SUMIF(Consumo!$P$4:$P$189,"#"&$A54,Consumo!N$4:N$189),4) | L54: =ROUND(SUMIF(Consumo!$P$4:$P$189,"#"&$A54,Consumo!O$4:O$189),4)
C55: Recepciones programadas (ya pedido) | E55: =SUMIF(Inventario!$M$5:$M$505,"#"&$A54,Inventario!E$5:E$505) | F55: =SUMIF(Inventario!$M$5:$M$505,"#"&$A54,Inventario!F$5:F$505) | G55: =SUMIF(Inventario!$M$5:$M$505,"#"&$A54,Inventario!G$5:G$505) | H55: =SUMIF(Inventario!$M$5:$M$505,"#"&$A54,Inventario!H$5:H$505) | I55: =SUMIF(Inventario!$M$5:$M$505,"#"&$A54,Inventario!I$5:I$505) | J55: =SUMIF(Inventario!$M$5:$M$505,"#"&$A54,Inventario!J$5:J$505) | K55: =SUMIF(Inventario!$M$5:$M$505,"#"&$A54,Inventario!K$5:K$505) | L55: =SUMIF(Inventario!$M$5:$M$505,"#"&$A54,Inventario!L$5:L$505)
C56: Stock proyectado disponible | D56: =SUMIF(Inventario!$M$5:$M$505,"#"&$A54,Inventario!$C$5:$C$505) | E56: =D56+E55+E58-E54 | F56: =E56+F55+F58-F54 | G56: =F56+G55+G58-G54 | H56: =G56+H55+H58-H54 | I56: =H56+I55+I58-I54 | J56: =I56+J55+J58-J54 | K56: =J56+K55+K58-K54 | L56: =K56+L55+L58-L54
C57: Necesidad neta | E57: =MAX(0,ROUND(E54+Materiales!$H$11-D56-E55,4)) | F57: =MAX(0,ROUND(F54+Materiales!$H$11-E56-F55,4)) | G57: =MAX(0,ROUND(G54+Materiales!$H$11-F56-G55,4)) | H57: =MAX(0,ROUND(H54+Materiales!$H$11-G56-H55,4)) | I57: =MAX(0,ROUND(I54+Materiales!$H$11-H56-I55,4)) | J57: =MAX(0,ROUND(J54+Materiales!$H$11-I56-J55,4)) | K57: =MAX(0,ROUND(K54+Materiales!$H$11-J56-K55,4)) | L57: =MAX(0,ROUND(L54+Materiales!$H$11-K56-L55,4))
C58: Recepcion de orden planificada | E58: =IF(E57<=0,0,IF(Materiales!$G$11<=0,E57,ROUNDUP(E57/Materiales!$G$11,0)*Materiales!$G$11)) | F58: =IF(F57<=0,0,IF(Materiales!$G$11<=0,F57,ROUNDUP(F57/Materiales!$G$11,0)*Materiales!$G$11)) | G58: =IF(G57<=0,0,IF(Materiales!$G$11<=0,G57,ROUNDUP(G57/Materiales!$G$11,0)*Materiales!$G$11)) | H58: =IF(H57<=0,0,IF(Materiales!$G$11<=0,H57,ROUNDUP(H57/Materiales!$G$11,0)*Materiales!$G$11)) | I58: =IF(I57<=0,0,IF(Materiales!$G$11<=0,I57,ROUNDUP(I57/Materiales!$G$11,0)*Materiales!$G$11)) | J58: =IF(J57<=0,0,IF(Materiales!$G$11<=0,J57,ROUNDUP(J57/Materiales!$G$11,0)*Materiales!$G$11)) | K58: =IF(K57<=0,0,IF(Materiales!$G$11<=0,K57,ROUNDUP(K57/Materiales!$G$11,0)*Materiales!$G$11)) | L58: =IF(L57<=0,0,IF(Materiales!$G$11<=0,L57,ROUNDUP(L57/Materiales!$G$11,0)*Materiales!$G$11))
C59: LANZAMIENTO DE ORDEN — pedir esta semana | E59: =IF(1+Materiales!$F$11>8,0,INDEX($E$58:$L$58,1,1+Materiales!$F$11)) | F59: =IF(2+Materiales!$F$11>8,0,INDEX($E$58:$L$58,1,2+Materiales!$F$11)) | G59: =IF(3+Materiales!$F$11>8,0,INDEX($E$58:$L$58,1,3+Materiales!$F$11)) | H59: =IF(4+Materiales!$F$11>8,0,INDEX($E$58:$L$58,1,4+Materiales!$F$11)) | I59: =IF(5+Materiales!$F$11>8,0,INDEX($E$58:$L$58,1,5+Materiales!$F$11)) | J59: =IF(6+Materiales!$F$11>8,0,INDEX($E$58:$L$58,1,6+Materiales!$F$11)) | K59: =IF(7+Materiales!$F$11>8,0,INDEX($E$58:$L$58,1,7+Materiales!$F$11)) | L59: =IF(8+Materiales!$F$11>8,0,INDEX($E$58:$L$58,1,8+Materiales!$F$11)) | M59: =IF($A54="","",IF(SUMPRODUCT((COLUMN($E$58:$L$58)-4<=Materiales!$F$11)*$E$58:$L$58)>0,"PEDIR YA (atrasado)","OK"))
A61: =IF(Materiales!$A$12="","",Materiales!$A$12) | B61: =IF(Materiales!$B$12="","",Materiales!$B$12) | C61: Necesidad bruta | E61: =ROUND(SUMIF(Consumo!$P$4:$P$189,"#"&$A61,Consumo!H$4:H$189),4) | F61: =ROUND(SUMIF(Consumo!$P$4:$P$189,"#"&$A61,Consumo!I$4:I$189),4) | G61: =ROUND(SUMIF(Consumo!$P$4:$P$189,"#"&$A61,Consumo!J$4:J$189),4) | H61: =ROUND(SUMIF(Consumo!$P$4:$P$189,"#"&$A61,Consumo!K$4:K$189),4) | I61: =ROUND(SUMIF(Consumo!$P$4:$P$189,"#"&$A61,Consumo!L$4:L$189),4) | J61: =ROUND(SUMIF(Consumo!$P$4:$P$189,"#"&$A61,Consumo!M$4:M$189),4) | K61: =ROUND(SUMIF(Consumo!$P$4:$P$189,"#"&$A61,Consumo!N$4:N$189),4) | L61: =ROUND(SUMIF(Consumo!$P$4:$P$189,"#"&$A61,Consumo!O$4:O$189),4)
C62: Recepciones programadas (ya pedido) | E62: =SUMIF(Inventario!$M$5:$M$505,"#"&$A61,Inventario!E$5:E$505) | F62: =SUMIF(Inventario!$M$5:$M$505,"#"&$A61,Inventario!F$5:F$505) | G62: =SUMIF(Inventario!$M$5:$M$505,"#"&$A61,Inventario!G$5:G$505) | H62: =SUMIF(Inventario!$M$5:$M$505,"#"&$A61,Inventario!H$5:H$505) | I62: =SUMIF(Inventario!$M$5:$M$505,"#"&$A61,Inventario!I$5:I$505) | J62: =SUMIF(Inventario!$M$5:$M$505,"#"&$A61,Inventario!J$5:J$505) | K62: =SUMIF(Inventario!$M$5:$M$505,"#"&$A61,Inventario!K$5:K$505) | L62: =SUMIF(Inventario!$M$5:$M$505,"#"&$A61,Inventario!L$5:L$505)
C63: Stock proyectado disponible | D63: =SUMIF(Inventario!$M$5:$M$505,"#"&$A61,Inventario!$C$5:$C$505) | E63: =D63+E62+E65-E61 | F63: =E63+F62+F65-F61 | G63: =F63+G62+G65-G61 | H63: =G63+H62+H65-H61 | I63: =H63+I62+I65-I61 | J63: =I63+J62+J65-J61 | K63: =J63+K62+K65-K61 | L63: =K63+L62+L65-L61
C64: Necesidad neta | E64: =MAX(0,ROUND(E61+Materiales!$H$12-D63-E62,4)) | F64: =MAX(0,ROUND(F61+Materiales!$H$12-E63-F62,4)) | G64: =MAX(0,ROUND(G61+Materiales!$H$12-F63-G62,4)) | H64: =MAX(0,ROUND(H61+Materiales!$H$12-G63-H62,4)) | I64: =MAX(0,ROUND(I61+Materiales!$H$12-H63-I62,4)) | J64: =MAX(0,ROUND(J61+Materiales!$H$12-I63-J62,4)) | K64: =MAX(0,ROUND(K61+Materiales!$H$12-J63-K62,4)) | L64: =MAX(0,ROUND(L61+Materiales!$H$12-K63-L62,4))
C65: Recepcion de orden planificada | E65: =IF(E64<=0,0,IF(Materiales!$G$12<=0,E64,ROUNDUP(E64/Materiales!$G$12,0)*Materiales!$G$12)) | F65: =IF(F64<=0,0,IF(Materiales!$G$12<=0,F64,ROUNDUP(F64/Materiales!$G$12,0)*Materiales!$G$12)) | G65: =IF(G64<=0,0,IF(Materiales!$G$12<=0,G64,ROUNDUP(G64/Materiales!$G$12,0)*Materiales!$G$12)) | H65: =IF(H64<=0,0,IF(Materiales!$G$12<=0,H64,ROUNDUP(H64/Materiales!$G$12,0)*Materiales!$G$12)) | I65: =IF(I64<=0,0,IF(Materiales!$G$12<=0,I64,ROUNDUP(I64/Materiales!$G$12,0)*Materiales!$G$12)) | J65: =IF(J64<=0,0,IF(Materiales!$G$12<=0,J64,ROUNDUP(J64/Materiales!$G$12,0)*Materiales!$G$12)) | K65: =IF(K64<=0,0,IF(Materiales!$G$12<=0,K64,ROUNDUP(K64/Materiales!$G$12,0)*Materiales!$G$12)) | L65: =IF(L64<=0,0,IF(Materiales!$G$12<=0,L64,ROUNDUP(L64/Materiales!$G$12,0)*Materiales!$G$12))
C66: LANZAMIENTO DE ORDEN — pedir esta semana | E66: =IF(1+Materiales!$F$12>8,0,INDEX($E$65:$L$65,1,1+Materiales!$F$12)) | F66: =IF(2+Materiales!$F$12>8,0,INDEX($E$65:$L$65,1,2+Materiales!$F$12)) | G66: =IF(3+Materiales!$F$12>8,0,INDEX($E$65:$L$65,1,3+Materiales!$F$12)) | H66: =IF(4+Materiales!$F$12>8,0,INDEX($E$65:$L$65,1,4+Materiales!$F$12)) | I66: =IF(5+Materiales!$F$12>8,0,INDEX($E$65:$L$65,1,5+Materiales!$F$12)) | J66: =IF(6+Materiales!$F$12>8,0,INDEX($E$65:$L$65,1,6+Materiales!$F$12)) | K66: =IF(7+Materiales!$F$12>8,0,INDEX($E$65:$L$65,1,7+Materiales!$F$12)) | L66: =IF(8+Materiales!$F$12>8,0,INDEX($E$65:$L$65,1,8+Materiales!$F$12)) | M66: =IF($A61="","",IF(SUMPRODUCT((COLUMN($E$65:$L$65)-4<=Materiales!$F$12)*$E$65:$L$65)>0,"PEDIR YA (atrasado)","OK"))
A68: =IF(Materiales!$A$13="","",Materiales!$A$13) | B68: =IF(Materiales!$B$13="","",Materiales!$B$13) | C68: Necesidad bruta | E68: =ROUND(SUMIF(Consumo!$P$4:$P$189,"#"&$A68,Consumo!H$4:H$189),4) | F68: =ROUND(SUMIF(Consumo!$P$4:$P$189,"#"&$A68,Consumo!I$4:I$189),4) | G68: =ROUND(SUMIF(Consumo!$P$4:$P$189,"#"&$A68,Consumo!J$4:J$189),4) | H68: =ROUND(SUMIF(Consumo!$P$4:$P$189,"#"&$A68,Consumo!K$4:K$189),4) | I68: =ROUND(SUMIF(Consumo!$P$4:$P$189,"#"&$A68,Consumo!L$4:L$189),4) | J68: =ROUND(SUMIF(Consumo!$P$4:$P$189,"#"&$A68,Consumo!M$4:M$189),4) | K68: =ROUND(SUMIF(Consumo!$P$4:$P$189,"#"&$A68,Consumo!N$4:N$189),4) | L68: =ROUND(SUMIF(Consumo!$P$4:$P$189,"#"&$A68,Consumo!O$4:O$189),4)
C69: Recepciones programadas (ya pedido) | E69: =SUMIF(Inventario!$M$5:$M$505,"#"&$A68,Inventario!E$5:E$505) | F69: =SUMIF(Inventario!$M$5:$M$505,"#"&$A68,Inventario!F$5:F$505) | G69: =SUMIF(Inventario!$M$5:$M$505,"#"&$A68,Inventario!G$5:G$505) | H69: =SUMIF(Inventario!$M$5:$M$505,"#"&$A68,Inventario!H$5:H$505) | I69: =SUMIF(Inventario!$M$5:$M$505,"#"&$A68,Inventario!I$5:I$505) | J69: =SUMIF(Inventario!$M$5:$M$505,"#"&$A68,Inventario!J$5:J$505) | K69: =SUMIF(Inventario!$M$5:$M$505,"#"&$A68,Inventario!K$5:K$505) | L69: =SUMIF(Inventario!$M$5:$M$505,"#"&$A68,Inventario!L$5:L$505)
C70: Stock proyectado disponible | D70: =SUMIF(Inventario!$M$5:$M$505,"#"&$A68,Inventario!$C$5:$C$505) | E70: =D70+E69+E72-E68 | F70: =E70+F69+F72-F68 | G70: =F70+G69+G72-G68 | H70: =G70+H69+H72-H68 | I70: =H70+I69+I72-I68 | J70: =I70+J69+J72-J68 | K70: =J70+K69+K72-K68 | L70: =K70+L69+L72-L68
C71: Necesidad neta | E71: =MAX(0,ROUND(E68+Materiales!$H$13-D70-E69,4)) | F71: =MAX(0,ROUND(F68+Materiales!$H$13-E70-F69,4)) | G71: =MAX(0,ROUND(G68+Materiales!$H$13-F70-G69,4)) | H71: =MAX(0,ROUND(H68+Materiales!$H$13-G70-H69,4)) | I71: =MAX(0,ROUND(I68+Materiales!$H$13-H70-I69,4)) | J71: =MAX(0,ROUND(J68+Materiales!$H$13-I70-J69,4)) | K71: =MAX(0,ROUND(K68+Materiales!$H$13-J70-K69,4)) | L71: =MAX(0,ROUND(L68+Materiales!$H$13-K70-L69,4))
C72: Recepcion de orden planificada | E72: =IF(E71<=0,0,IF(Materiales!$G$13<=0,E71,ROUNDUP(E71/Materiales!$G$13,0)*Materiales!$G$13)) | F72: =IF(F71<=0,0,IF(Materiales!$G$13<=0,F71,ROUNDUP(F71/Materiales!$G$13,0)*Materiales!$G$13)) | G72: =IF(G71<=0,0,IF(Materiales!$G$13<=0,G71,ROUNDUP(G71/Materiales!$G$13,0)*Materiales!$G$13)) | H72: =IF(H71<=0,0,IF(Materiales!$G$13<=0,H71,ROUNDUP(H71/Materiales!$G$13,0)*Materiales!$G$13)) | I72: =IF(I71<=0,0,IF(Materiales!$G$13<=0,I71,ROUNDUP(I71/Materiales!$G$13,0)*Materiales!$G$13)) | J72: =IF(J71<=0,0,IF(Materiales!$G$13<=0,J71,ROUNDUP(J71/Materiales!$G$13,0)*Materiales!$G$13)) | K72: =IF(K71<=0,0,IF(Materiales!$G$13<=0,K71,ROUNDUP(K71/Materiales!$G$13,0)*Materiales!$G$13)) | L72: =IF(L71<=0,0,IF(Materiales!$G$13<=0,L71,ROUNDUP(L71/Materiales!$G$13,0)*Materiales!$G$13))
C73: LANZAMIENTO DE ORDEN — pedir esta semana | E73: =IF(1+Materiales!$F$13>8,0,INDEX($E$72:$L$72,1,1+Materiales!$F$13)) | F73: =IF(2+Materiales!$F$13>8,0,INDEX($E$72:$L$72,1,2+Materiales!$F$13)) | G73: =IF(3+Materiales!$F$13>8,0,INDEX($E$72:$L$72,1,3+Materiales!$F$13)) | H73: =IF(4+Materiales!$F$13>8,0,INDEX($E$72:$L$72,1,4+Materiales!$F$13)) | I73: =IF(5+Materiales!$F$13>8,0,INDEX($E$72:$L$72,1,5+Materiales!$F$13)) | J73: =IF(6+Materiales!$F$13>8,0,INDEX($E$72:$L$72,1,6+Materiales!$F$13)) | K73: =IF(7+Materiales!$F$13>8,0,INDEX($E$72:$L$72,1,7+Materiales!$F$13)) | L73: =IF(8+Materiales!$F$13>8,0,INDEX($E$72:$L$72,1,8+Materiales!$F$13)) | M73: =IF($A68="","",IF(SUMPRODUCT((COLUMN($E$72:$L$72)-4<=Materiales!$F$13)*$E$72:$L$72)>0,"PEDIR YA (atrasado)","OK"))
A75: =IF(Materiales!$A$14="","",Materiales!$A$14) | B75: =IF(Materiales!$B$14="","",Materiales!$B$14) | C75: Necesidad bruta | E75: =ROUND(SUMIF(Consumo!$P$4:$P$189,"#"&$A75,Consumo!H$4:H$189),4) | F75: =ROUND(SUMIF(Consumo!$P$4:$P$189,"#"&$A75,Consumo!I$4:I$189),4) | G75: =ROUND(SUMIF(Consumo!$P$4:$P$189,"#"&$A75,Consumo!J$4:J$189),4) | H75: =ROUND(SUMIF(Consumo!$P$4:$P$189,"#"&$A75,Consumo!K$4:K$189),4) | I75: =ROUND(SUMIF(Consumo!$P$4:$P$189,"#"&$A75,Consumo!L$4:L$189),4) | J75: =ROUND(SUMIF(Consumo!$P$4:$P$189,"#"&$A75,Consumo!M$4:M$189),4) | K75: =ROUND(SUMIF(Consumo!$P$4:$P$189,"#"&$A75,Consumo!N$4:N$189),4) | L75: =ROUND(SUMIF(Consumo!$P$4:$P$189,"#"&$A75,Consumo!O$4:O$189),4)
C76: Recepciones programadas (ya pedido) | E76: =SUMIF(Inventario!$M$5:$M$505,"#"&$A75,Inventario!E$5:E$505) | F76: =SUMIF(Inventario!$M$5:$M$505,"#"&$A75,Inventario!F$5:F$505) | G76: =SUMIF(Inventario!$M$5:$M$505,"#"&$A75,Inventario!G$5:G$505) | H76: =SUMIF(Inventario!$M$5:$M$505,"#"&$A75,Inventario!H$5:H$505) | I76: =SUMIF(Inventario!$M$5:$M$505,"#"&$A75,Inventario!I$5:I$505) | J76: =SUMIF(Inventario!$M$5:$M$505,"#"&$A75,Inventario!J$5:J$505) | K76: =SUMIF(Inventario!$M$5:$M$505,"#"&$A75,Inventario!K$5:K$505) | L76: =SUMIF(Inventario!$M$5:$M$505,"#"&$A75,Inventario!L$5:L$505)
C77: Stock proyectado disponible | D77: =SUMIF(Inventario!$M$5:$M$505,"#"&$A75,Inventario!$C$5:$C$505) | E77: =D77+E76+E79-E75 | F77: =E77+F76+F79-F75 | G77: =F77+G76+G79-G75 | H77: =G77+H76+H79-H75 | I77: =H77+I76+I79-I75 | J77: =I77+J76+J79-J75 | K77: =J77+K76+K79-K75 | L77: =K77+L76+L79-L75
C78: Necesidad neta | E78: =MAX(0,ROUND(E75+Materiales!$H$14-D77-E76,4)) | F78: =MAX(0,ROUND(F75+Materiales!$H$14-E77-F76,4)) | G78: =MAX(0,ROUND(G75+Materiales!$H$14-F77-G76,4)) | H78: =MAX(0,ROUND(H75+Materiales!$H$14-G77-H76,4)) | I78: =MAX(0,ROUND(I75+Materiales!$H$14-H77-I76,4)) | J78: =MAX(0,ROUND(J75+Materiales!$H$14-I77-J76,4)) | K78: =MAX(0,ROUND(K75+Materiales!$H$14-J77-K76,4)) | L78: =MAX(0,ROUND(L75+Materiales!$H$14-K77-L76,4))
C79: Recepcion de orden planificada | E79: =IF(E78<=0,0,IF(Materiales!$G$14<=0,E78,ROUNDUP(E78/Materiales!$G$14,0)*Materiales!$G$14)) | F79: =IF(F78<=0,0,IF(Materiales!$G$14<=0,F78,ROUNDUP(F78/Materiales!$G$14,0)*Materiales!$G$14)) | G79: =IF(G78<=0,0,IF(Materiales!$G$14<=0,G78,ROUNDUP(G78/Materiales!$G$14,0)*Materiales!$G$14)) | H79: =IF(H78<=0,0,IF(Materiales!$G$14<=0,H78,ROUNDUP(H78/Materiales!$G$14,0)*Materiales!$G$14)) | I79: =IF(I78<=0,0,IF(Materiales!$G$14<=0,I78,ROUNDUP(I78/Materiales!$G$14,0)*Materiales!$G$14)) | J79: =IF(J78<=0,0,IF(Materiales!$G$14<=0,J78,ROUNDUP(J78/Materiales!$G$14,0)*Materiales!$G$14)) | K79: =IF(K78<=0,0,IF(Materiales!$G$14<=0,K78,ROUNDUP(K78/Materiales!$G$14,0)*Materiales!$G$14)) | L79: =IF(L78<=0,0,IF(Materiales!$G$14<=0,L78,ROUNDUP(L78/Materiales!$G$14,0)*Materiales!$G$14))
C80: LANZAMIENTO DE ORDEN — pedir esta semana | E80: =IF(1+Materiales!$F$14>8,0,INDEX($E$79:$L$79,1,1+Materiales!$F$14)) | F80: =IF(2+Materiales!$F$14>8,0,INDEX($E$79:$L$79,1,2+Materiales!$F$14)) | G80: =IF(3+Materiales!$F$14>8,0,INDEX($E$79:$L$79,1,3+Materiales!$F$14)) | H80: =IF(4+Materiales!$F$14>8,0,INDEX($E$79:$L$79,1,4+Materiales!$F$14)) | I80: =IF(5+Materiales!$F$14>8,0,INDEX($E$79:$L$79,1,5+Materiales!$F$14)) | J80: =IF(6+Materiales!$F$14>8,0,INDEX($E$79:$L$79,1,6+Materiales!$F$14)) | K80: =IF(7+Materiales!$F$14>8,0,INDEX($E$79:$L$79,1,7+Materiales!$F$14)) | L80: =IF(8+Materiales!$F$14>8,0,INDEX($E$79:$L$79,1,8+Materiales!$F$14)) | M80: =IF($A75="","",IF(SUMPRODUCT((COLUMN($E$79:$L$79)-4<=Materiales!$F$14)*$E$79:$L$79)>0,"PEDIR YA (atrasado)","OK"))
A82: =IF(Materiales!$A$15="","",Materiales!$A$15) | B82: =IF(Materiales!$B$15="","",Materiales!$B$15) | C82: Necesidad bruta | E82: =ROUND(SUMIF(Consumo!$P$4:$P$189,"#"&$A82,Consumo!H$4:H$189),4) | F82: =ROUND(SUMIF(Consumo!$P$4:$P$189,"#"&$A82,Consumo!I$4:I$189),4) | G82: =ROUND(SUMIF(Consumo!$P$4:$P$189,"#"&$A82,Consumo!J$4:J$189),4) | H82: =ROUND(SUMIF(Consumo!$P$4:$P$189,"#"&$A82,Consumo!K$4:K$189),4) | I82: =ROUND(SUMIF(Consumo!$P$4:$P$189,"#"&$A82,Consumo!L$4:L$189),4) | J82: =ROUND(SUMIF(Consumo!$P$4:$P$189,"#"&$A82,Consumo!M$4:M$189),4) | K82: =ROUND(SUMIF(Consumo!$P$4:$P$189,"#"&$A82,Consumo!N$4:N$189),4) | L82: =ROUND(SUMIF(Consumo!$P$4:$P$189,"#"&$A82,Consumo!O$4:O$189),4)
C83: Recepciones programadas (ya pedido) | E83: =SUMIF(Inventario!$M$5:$M$505,"#"&$A82,Inventario!E$5:E$505) | F83: =SUMIF(Inventario!$M$5:$M$505,"#"&$A82,Inventario!F$5:F$505) | G83: =SUMIF(Inventario!$M$5:$M$505,"#"&$A82,Inventario!G$5:G$505) | H83: =SUMIF(Inventario!$M$5:$M$505,"#"&$A82,Inventario!H$5:H$505) | I83: =SUMIF(Inventario!$M$5:$M$505,"#"&$A82,Inventario!I$5:I$505) | J83: =SUMIF(Inventario!$M$5:$M$505,"#"&$A82,Inventario!J$5:J$505) | K83: =SUMIF(Inventario!$M$5:$M$505,"#"&$A82,Inventario!K$5:K$505) | L83: =SUMIF(Inventario!$M$5:$M$505,"#"&$A82,Inventario!L$5:L$505)
C84: Stock proyectado disponible | D84: =SUMIF(Inventario!$M$5:$M$505,"#"&$A82,Inventario!$C$5:$C$505) | E84: =D84+E83+E86-E82 | F84: =E84+F83+F86-F82 | G84: =F84+G83+G86-G82 | H84: =G84+H83+H86-H82 | I84: =H84+I83+I86-I82 | J84: =I84+J83+J86-J82 | K84: =J84+K83+K86-K82 | L84: =K84+L83+L86-L82
C85: Necesidad neta | E85: =MAX(0,ROUND(E82+Materiales!$H$15-D84-E83,4)) | F85: =MAX(0,ROUND(F82+Materiales!$H$15-E84-F83,4)) | G85: =MAX(0,ROUND(G82+Materiales!$H$15-F84-G83,4)) | H85: =MAX(0,ROUND(H82+Materiales!$H$15-G84-H83,4)) | I85: =MAX(0,ROUND(I82+Materiales!$H$15-H84-I83,4)) | J85: =MAX(0,ROUND(J82+Materiales!$H$15-I84-J83,4)) | K85: =MAX(0,ROUND(K82+Materiales!$H$15-J84-K83,4)) | L85: =MAX(0,ROUND(L82+Materiales!$H$15-K84-L83,4))
C86: Recepcion de orden planificada | E86: =IF(E85<=0,0,IF(Materiales!$G$15<=0,E85,ROUNDUP(E85/Materiales!$G$15,0)*Materiales!$G$15)) | F86: =IF(F85<=0,0,IF(Materiales!$G$15<=0,F85,ROUNDUP(F85/Materiales!$G$15,0)*Materiales!$G$15)) | G86: =IF(G85<=0,0,IF(Materiales!$G$15<=0,G85,ROUNDUP(G85/Materiales!$G$15,0)*Materiales!$G$15)) | H86: =IF(H85<=0,0,IF(Materiales!$G$15<=0,H85,ROUNDUP(H85/Materiales!$G$15,0)*Materiales!$G$15)) | I86: =IF(I85<=0,0,IF(Materiales!$G$15<=0,I85,ROUNDUP(I85/Materiales!$G$15,0)*Materiales!$G$15)) | J86: =IF(J85<=0,0,IF(Materiales!$G$15<=0,J85,ROUNDUP(J85/Materiales!$G$15,0)*Materiales!$G$15)) | K86: =IF(K85<=0,0,IF(Materiales!$G$15<=0,K85,ROUNDUP(K85/Materiales!$G$15,0)*Materiales!$G$15)) | L86: =IF(L85<=0,0,IF(Materiales!$G$15<=0,L85,ROUNDUP(L85/Materiales!$G$15,0)*Materiales!$G$15))
C87: LANZAMIENTO DE ORDEN — pedir esta semana | E87: =IF(1+Materiales!$F$15>8,0,INDEX($E$86:$L$86,1,1+Materiales!$F$15)) | F87: =IF(2+Materiales!$F$15>8,0,INDEX($E$86:$L$86,1,2+Materiales!$F$15)) | G87: =IF(3+Materiales!$F$15>8,0,INDEX($E$86:$L$86,1,3+Materiales!$F$15)) | H87: =IF(4+Materiales!$F$15>8,0,INDEX($E$86:$L$86,1,4+Materiales!$F$15)) | I87: =IF(5+Materiales!$F$15>8,0,INDEX($E$86:$L$86,1,5+Materiales!$F$15)) | J87: =IF(6+Materiales!$F$15>8,0,INDEX($E$86:$L$86,1,6+Materiales!$F$15)) | K87: =IF(7+Materiales!$F$15>8,0,INDEX($E$86:$L$86,1,7+Materiales!$F$15)) | L87: =IF(8+Materiales!$F$15>8,0,INDEX($E$86:$L$86,1,8+Materiales!$F$15)) | M87: =IF($A82="","",IF(SUMPRODUCT((COLUMN($E$86:$L$86)-4<=Materiales!$F$15)*$E$86:$L$86)>0,"PEDIR YA (atrasado)","OK"))
A89: =IF(Materiales!$A$16="","",Materiales!$A$16) | B89: =IF(Materiales!$B$16="","",Materiales!$B$16) | C89: Necesidad bruta | E89: =ROUND(SUMIF(Consumo!$P$4:$P$189,"#"&$A89,Consumo!H$4:H$189),4) | F89: =ROUND(SUMIF(Consumo!$P$4:$P$189,"#"&$A89,Consumo!I$4:I$189),4) | G89: =ROUND(SUMIF(Consumo!$P$4:$P$189,"#"&$A89,Consumo!J$4:J$189),4) | H89: =ROUND(SUMIF(Consumo!$P$4:$P$189,"#"&$A89,Consumo!K$4:K$189),4) | I89: =ROUND(SUMIF(Consumo!$P$4:$P$189,"#"&$A89,Consumo!L$4:L$189),4) | J89: =ROUND(SUMIF(Consumo!$P$4:$P$189,"#"&$A89,Consumo!M$4:M$189),4) | K89: =ROUND(SUMIF(Consumo!$P$4:$P$189,"#"&$A89,Consumo!N$4:N$189),4) | L89: =ROUND(SUMIF(Consumo!$P$4:$P$189,"#"&$A89,Consumo!O$4:O$189),4)
C90: Recepciones programadas (ya pedido) | E90: =SUMIF(Inventario!$M$5:$M$505,"#"&$A89,Inventario!E$5:E$505) | F90: =SUMIF(Inventario!$M$5:$M$505,"#"&$A89,Inventario!F$5:F$505) | G90: =SUMIF(Inventario!$M$5:$M$505,"#"&$A89,Inventario!G$5:G$505) | H90: =SUMIF(Inventario!$M$5:$M$505,"#"&$A89,Inventario!H$5:H$505) | I90: =SUMIF(Inventario!$M$5:$M$505,"#"&$A89,Inventario!I$5:I$505) | J90: =SUMIF(Inventario!$M$5:$M$505,"#"&$A89,Inventario!J$5:J$505) | K90: =SUMIF(Inventario!$M$5:$M$505,"#"&$A89,Inventario!K$5:K$505) | L90: =SUMIF(Inventario!$M$5:$M$505,"#"&$A89,Inventario!L$5:L$505)
C91: Stock proyectado disponible | D91: =SUMIF(Inventario!$M$5:$M$505,"#"&$A89,Inventario!$C$5:$C$505) | E91: =D91+E90+E93-E89 | F91: =E91+F90+F93-F89 | G91: =F91+G90+G93-G89 | H91: =G91+H90+H93-H89 | I91: =H91+I90+I93-I89 | J91: =I91+J90+J93-J89 | K91: =J91+K90+K93-K89 | L91: =K91+L90+L93-L89
C92: Necesidad neta | E92: =MAX(0,ROUND(E89+Materiales!$H$16-D91-E90,4)) | F92: =MAX(0,ROUND(F89+Materiales!$H$16-E91-F90,4)) | G92: =MAX(0,ROUND(G89+Materiales!$H$16-F91-G90,4)) | H92: =MAX(0,ROUND(H89+Materiales!$H$16-G91-H90,4)) | I92: =MAX(0,ROUND(I89+Materiales!$H$16-H91-I90,4)) | J92: =MAX(0,ROUND(J89+Materiales!$H$16-I91-J90,4)) | K92: =MAX(0,ROUND(K89+Materiales!$H$16-J91-K90,4)) | L92: =MAX(0,ROUND(L89+Materiales!$H$16-K91-L90,4))
C93: Recepcion de orden planificada | E93: =IF(E92<=0,0,IF(Materiales!$G$16<=0,E92,ROUNDUP(E92/Materiales!$G$16,0)*Materiales!$G$16)) | F93: =IF(F92<=0,0,IF(Materiales!$G$16<=0,F92,ROUNDUP(F92/Materiales!$G$16,0)*Materiales!$G$16)) | G93: =IF(G92<=0,0,IF(Materiales!$G$16<=0,G92,ROUNDUP(G92/Materiales!$G$16,0)*Materiales!$G$16)) | H93: =IF(H92<=0,0,IF(Materiales!$G$16<=0,H92,ROUNDUP(H92/Materiales!$G$16,0)*Materiales!$G$16)) | I93: =IF(I92<=0,0,IF(Materiales!$G$16<=0,I92,ROUNDUP(I92/Materiales!$G$16,0)*Materiales!$G$16)) | J93: =IF(J92<=0,0,IF(Materiales!$G$16<=0,J92,ROUNDUP(J92/Materiales!$G$16,0)*Materiales!$G$16)) | K93: =IF(K92<=0,0,IF(Materiales!$G$16<=0,K92,ROUNDUP(K92/Materiales!$G$16,0)*Materiales!$G$16)) | L93: =IF(L92<=0,0,IF(Materiales!$G$16<=0,L92,ROUNDUP(L92/Materiales!$G$16,0)*Materiales!$G$16))
C94: LANZAMIENTO DE ORDEN — pedir esta semana | E94: =IF(1+Materiales!$F$16>8,0,INDEX($E$93:$L$93,1,1+Materiales!$F$16)) | F94: =IF(2+Materiales!$F$16>8,0,INDEX($E$93:$L$93,1,2+Materiales!$F$16)) | G94: =IF(3+Materiales!$F$16>8,0,INDEX($E$93:$L$93,1,3+Materiales!$F$16)) | H94: =IF(4+Materiales!$F$16>8,0,INDEX($E$93:$L$93,1,4+Materiales!$F$16)) | I94: =IF(5+Materiales!$F$16>8,0,INDEX($E$93:$L$93,1,5+Materiales!$F$16)) | J94: =IF(6+Materiales!$F$16>8,0,INDEX($E$93:$L$93,1,6+Materiales!$F$16)) | K94: =IF(7+Materiales!$F$16>8,0,INDEX($E$93:$L$93,1,7+Materiales!$F$16)) | L94: =IF(8+Materiales!$F$16>8,0,INDEX($E$93:$L$93,1,8+Materiales!$F$16)) | M94: =IF($A89="","",IF(SUMPRODUCT((COLUMN($E$93:$L$93)-4<=Materiales!$F$16)*$E$93:$L$93)>0,"PEDIR YA (atrasado)","OK"))
A96: =IF(Materiales!$A$17="","",Materiales!$A$17) | B96: =IF(Materiales!$B$17="","",Materiales!$B$17) | C96: Necesidad bruta | E96: =ROUND(SUMIF(Consumo!$P$4:$P$189,"#"&$A96,Consumo!H$4:H$189),4) | F96: =ROUND(SUMIF(Consumo!$P$4:$P$189,"#"&$A96,Consumo!I$4:I$189),4) | G96: =ROUND(SUMIF(Consumo!$P$4:$P$189,"#"&$A96,Consumo!J$4:J$189),4) | H96: =ROUND(SUMIF(Consumo!$P$4:$P$189,"#"&$A96,Consumo!K$4:K$189),4) | I96: =ROUND(SUMIF(Consumo!$P$4:$P$189,"#"&$A96,Consumo!L$4:L$189),4) | J96: =ROUND(SUMIF(Consumo!$P$4:$P$189,"#"&$A96,Consumo!M$4:M$189),4) | K96: =ROUND(SUMIF(Consumo!$P$4:$P$189,"#"&$A96,Consumo!N$4:N$189),4) | L96: =ROUND(SUMIF(Consumo!$P$4:$P$189,"#"&$A96,Consumo!O$4:O$189),4)
C97: Recepciones programadas (ya pedido) | E97: =SUMIF(Inventario!$M$5:$M$505,"#"&$A96,Inventario!E$5:E$505) | F97: =SUMIF(Inventario!$M$5:$M$505,"#"&$A96,Inventario!F$5:F$505) | G97: =SUMIF(Inventario!$M$5:$M$505,"#"&$A96,Inventario!G$5:G$505) | H97: =SUMIF(Inventario!$M$5:$M$505,"#"&$A96,Inventario!H$5:H$505) | I97: =SUMIF(Inventario!$M$5:$M$505,"#"&$A96,Inventario!I$5:I$505) | J97: =SUMIF(Inventario!$M$5:$M$505,"#"&$A96,Inventario!J$5:J$505) | K97: =SUMIF(Inventario!$M$5:$M$505,"#"&$A96,Inventario!K$5:K$505) | L97: =SUMIF(Inventario!$M$5:$M$505,"#"&$A96,Inventario!L$5:L$505)
C98: Stock proyectado disponible | D98: =SUMIF(Inventario!$M$5:$M$505,"#"&$A96,Inventario!$C$5:$C$505) | E98: =D98+E97+E100-E96 | F98: =E98+F97+F100-F96 | G98: =F98+G97+G100-G96 | H98: =G98+H97+H100-H96 | I98: =H98+I97+I100-I96 | J98: =I98+J97+J100-J96 | K98: =J98+K97+K100-K96 | L98: =K98+L97+L100-L96
C99: Necesidad neta | E99: =MAX(0,ROUND(E96+Materiales!$H$17-D98-E97,4)) | F99: =MAX(0,ROUND(F96+Materiales!$H$17-E98-F97,4)) | G99: =MAX(0,ROUND(G96+Materiales!$H$17-F98-G97,4)) | H99: =MAX(0,ROUND(H96+Materiales!$H$17-G98-H97,4)) | I99: =MAX(0,ROUND(I96+Materiales!$H$17-H98-I97,4)) | J99: =MAX(0,ROUND(J96+Materiales!$H$17-I98-J97,4)) | K99: =MAX(0,ROUND(K96+Materiales!$H$17-J98-K97,4)) | L99: =MAX(0,ROUND(L96+Materiales!$H$17-K98-L97,4))
C100: Recepcion de orden planificada | E100: =IF(E99<=0,0,IF(Materiales!$G$17<=0,E99,ROUNDUP(E99/Materiales!$G$17,0)*Materiales!$G$17)) | F100: =IF(F99<=0,0,IF(Materiales!$G$17<=0,F99,ROUNDUP(F99/Materiales!$G$17,0)*Materiales!$G$17)) | G100: =IF(G99<=0,0,IF(Materiales!$G$17<=0,G99,ROUNDUP(G99/Materiales!$G$17,0)*Materiales!$G$17)) | H100: =IF(H99<=0,0,IF(Materiales!$G$17<=0,H99,ROUNDUP(H99/Materiales!$G$17,0)*Materiales!$G$17)) | I100: =IF(I99<=0,0,IF(Materiales!$G$17<=0,I99,ROUNDUP(I99/Materiales!$G$17,0)*Materiales!$G$17)) | J100: =IF(J99<=0,0,IF(Materiales!$G$17<=0,J99,ROUNDUP(J99/Materiales!$G$17,0)*Materiales!$G$17)) | K100: =IF(K99<=0,0,IF(Materiales!$G$17<=0,K99,ROUNDUP(K99/Materiales!$G$17,0)*Materiales!$G$17)) | L100: =IF(L99<=0,0,IF(Materiales!$G$17<=0,L99,ROUNDUP(L99/Materiales!$G$17,0)*Materiales!$G$17))
C101: LANZAMIENTO DE ORDEN — pedir esta semana | E101: =IF(1+Materiales!$F$17>8,0,INDEX($E$100:$L$100,1,1+Materiales!$F$17)) | F101: =IF(2+Materiales!$F$17>8,0,INDEX($E$100:$L$100,1,2+Materiales!$F$17)) | G101: =IF(3+Materiales!$F$17>8,0,INDEX($E$100:$L$100,1,3+Materiales!$F$17)) | H101: =IF(4+Materiales!$F$17>8,0,INDEX($E$100:$L$100,1,4+Materiales!$F$17)) | I101: =IF(5+Materiales!$F$17>8,0,INDEX($E$100:$L$100,1,5+Materiales!$F$17)) | J101: =IF(6+Materiales!$F$17>8,0,INDEX($E$100:$L$100,1,6+Materiales!$F$17)) | K101: =IF(7+Materiales!$F$17>8,0,INDEX($E$100:$L$100,1,7+Materiales!$F$17)) | L101: =IF(8+Materiales!$F$17>8,0,INDEX($E$100:$L$100,1,8+Materiales!$F$17)) | M101: =IF($A96="","",IF(SUMPRODUCT((COLUMN($E$100:$L$100)-4<=Materiales!$F$17)*$E$100:$L$100)>0,"PEDIR YA (atrasado)","OK"))
A103: =IF(Materiales!$A$18="","",Materiales!$A$18) | B103: =IF(Materiales!$B$18="","",Materiales!$B$18) | C103: Necesidad bruta | E103: =ROUND(SUMIF(Consumo!$P$4:$P$189,"#"&$A103,Consumo!H$4:H$189),4) | F103: =ROUND(SUMIF(Consumo!$P$4:$P$189,"#"&$A103,Consumo!I$4:I$189),4) | G103: =ROUND(SUMIF(Consumo!$P$4:$P$189,"#"&$A103,Consumo!J$4:J$189),4) | H103: =ROUND(SUMIF(Consumo!$P$4:$P$189,"#"&$A103,Consumo!K$4:K$189),4) | I103: =ROUND(SUMIF(Consumo!$P$4:$P$189,"#"&$A103,Consumo!L$4:L$189),4) | J103: =ROUND(SUMIF(Consumo!$P$4:$P$189,"#"&$A103,Consumo!M$4:M$189),4) | K103: =ROUND(SUMIF(Consumo!$P$4:$P$189,"#"&$A103,Consumo!N$4:N$189),4) | L103: =ROUND(SUMIF(Consumo!$P$4:$P$189,"#"&$A103,Consumo!O$4:O$189),4)
C104: Recepciones programadas (ya pedido) | E104: =SUMIF(Inventario!$M$5:$M$505,"#"&$A103,Inventario!E$5:E$505) | F104: =SUMIF(Inventario!$M$5:$M$505,"#"&$A103,Inventario!F$5:F$505) | G104: =SUMIF(Inventario!$M$5:$M$505,"#"&$A103,Inventario!G$5:G$505) | H104: =SUMIF(Inventario!$M$5:$M$505,"#"&$A103,Inventario!H$5:H$505) | I104: =SUMIF(Inventario!$M$5:$M$505,"#"&$A103,Inventario!I$5:I$505) | J104: =SUMIF(Inventario!$M$5:$M$505,"#"&$A103,Inventario!J$5:J$505) | K104: =SUMIF(Inventario!$M$5:$M$505,"#"&$A103,Inventario!K$5:K$505) | L104: =SUMIF(Inventario!$M$5:$M$505,"#"&$A103,Inventario!L$5:L$505)
C105: Stock proyectado disponible | D105: =SUMIF(Inventario!$M$5:$M$505,"#"&$A103,Inventario!$C$5:$C$505) | E105: =D105+E104+E107-E103 | F105: =E105+F104+F107-F103 | G105: =F105+G104+G107-G103 | H105: =G105+H104+H107-H103 | I105: =H105+I104+I107-I103 | J105: =I105+J104+J107-J103 | K105: =J105+K104+K107-K103 | L105: =K105+L104+L107-L103
C106: Necesidad neta | E106: =MAX(0,ROUND(E103+Materiales!$H$18-D105-E104,4)) | F106: =MAX(0,ROUND(F103+Materiales!$H$18-E105-F104,4)) | G106: =MAX(0,ROUND(G103+Materiales!$H$18-F105-G104,4)) | H106: =MAX(0,ROUND(H103+Materiales!$H$18-G105-H104,4)) | I106: =MAX(0,ROUND(I103+Materiales!$H$18-H105-I104,4)) | J106: =MAX(0,ROUND(J103+Materiales!$H$18-I105-J104,4)) | K106: =MAX(0,ROUND(K103+Materiales!$H$18-J105-K104,4)) | L106: =MAX(0,ROUND(L103+Materiales!$H$18-K105-L104,4))
C107: Recepcion de orden planificada | E107: =IF(E106<=0,0,IF(Materiales!$G$18<=0,E106,ROUNDUP(E106/Materiales!$G$18,0)*Materiales!$G$18)) | F107: =IF(F106<=0,0,IF(Materiales!$G$18<=0,F106,ROUNDUP(F106/Materiales!$G$18,0)*Materiales!$G$18)) | G107: =IF(G106<=0,0,IF(Materiales!$G$18<=0,G106,ROUNDUP(G106/Materiales!$G$18,0)*Materiales!$G$18)) | H107: =IF(H106<=0,0,IF(Materiales!$G$18<=0,H106,ROUNDUP(H106/Materiales!$G$18,0)*Materiales!$G$18)) | I107: =IF(I106<=0,0,IF(Materiales!$G$18<=0,I106,ROUNDUP(I106/Materiales!$G$18,0)*Materiales!$G$18)) | J107: =IF(J106<=0,0,IF(Materiales!$G$18<=0,J106,ROUNDUP(J106/Materiales!$G$18,0)*Materiales!$G$18)) | K107: =IF(K106<=0,0,IF(Materiales!$G$18<=0,K106,ROUNDUP(K106/Materiales!$G$18,0)*Materiales!$G$18)) | L107: =IF(L106<=0,0,IF(Materiales!$G$18<=0,L106,ROUNDUP(L106/Materiales!$G$18,0)*Materiales!$G$18))
C108: LANZAMIENTO DE ORDEN — pedir esta semana | E108: =IF(1+Materiales!$F$18>8,0,INDEX($E$107:$L$107,1,1+Materiales!$F$18)) | F108: =IF(2+Materiales!$F$18>8,0,INDEX($E$107:$L$107,1,2+Materiales!$F$18)) | G108: =IF(3+Materiales!$F$18>8,0,INDEX($E$107:$L$107,1,3+Materiales!$F$18)) | H108: =IF(4+Materiales!$F$18>8,0,INDEX($E$107:$L$107,1,4+Materiales!$F$18)) | I108: =IF(5+Materiales!$F$18>8,0,INDEX($E$107:$L$107,1,5+Materiales!$F$18)) | J108: =IF(6+Materiales!$F$18>8,0,INDEX($E$107:$L$107,1,6+Materiales!$F$18)) | K108: =IF(7+Materiales!$F$18>8,0,INDEX($E$107:$L$107,1,7+Materiales!$F$18)) | L108: =IF(8+Materiales!$F$18>8,0,INDEX($E$107:$L$107,1,8+Materiales!$F$18)) | M108: =IF($A103="","",IF(SUMPRODUCT((COLUMN($E$107:$L$107)-4<=Materiales!$F$18)*$E$107:$L$107)>0,"PEDIR YA (atrasado)","OK"))
A110: =IF(Materiales!$A$19="","",Materiales!$A$19) | B110: =IF(Materiales!$B$19="","",Materiales!$B$19) | C110: Necesidad bruta | E110: =ROUND(SUMIF(Consumo!$P$4:$P$189,"#"&$A110,Consumo!H$4:H$189),4) | F110: =ROUND(SUMIF(Consumo!$P$4:$P$189,"#"&$A110,Consumo!I$4:I$189),4) | G110: =ROUND(SUMIF(Consumo!$P$4:$P$189,"#"&$A110,Consumo!J$4:J$189),4) | H110: =ROUND(SUMIF(Consumo!$P$4:$P$189,"#"&$A110,Consumo!K$4:K$189),4) | I110: =ROUND(SUMIF(Consumo!$P$4:$P$189,"#"&$A110,Consumo!L$4:L$189),4) | J110: =ROUND(SUMIF(Consumo!$P$4:$P$189,"#"&$A110,Consumo!M$4:M$189),4) | K110: =ROUND(SUMIF(Consumo!$P$4:$P$189,"#"&$A110,Consumo!N$4:N$189),4) | L110: =ROUND(SUMIF(Consumo!$P$4:$P$189,"#"&$A110,Consumo!O$4:O$189),4)
C111: Recepciones programadas (ya pedido) | E111: =SUMIF(Inventario!$M$5:$M$505,"#"&$A110,Inventario!E$5:E$505) | F111: =SUMIF(Inventario!$M$5:$M$505,"#"&$A110,Inventario!F$5:F$505) | G111: =SUMIF(Inventario!$M$5:$M$505,"#"&$A110,Inventario!G$5:G$505) | H111: =SUMIF(Inventario!$M$5:$M$505,"#"&$A110,Inventario!H$5:H$505) | I111: =SUMIF(Inventario!$M$5:$M$505,"#"&$A110,Inventario!I$5:I$505) | J111: =SUMIF(Inventario!$M$5:$M$505,"#"&$A110,Inventario!J$5:J$505) | K111: =SUMIF(Inventario!$M$5:$M$505,"#"&$A110,Inventario!K$5:K$505) | L111: =SUMIF(Inventario!$M$5:$M$505,"#"&$A110,Inventario!L$5:L$505)
C112: Stock proyectado disponible | D112: =SUMIF(Inventario!$M$5:$M$505,"#"&$A110,Inventario!$C$5:$C$505) | E112: =D112+E111+E114-E110 | F112: =E112+F111+F114-F110 | G112: =F112+G111+G114-G110 | H112: =G112+H111+H114-H110 | I112: =H112+I111+I114-I110 | J112: =I112+J111+J114-J110 | K112: =J112+K111+K114-K110 | L112: =K112+L111+L114-L110
C113: Necesidad neta | E113: =MAX(0,ROUND(E110+Materiales!$H$19-D112-E111,4)) | F113: =MAX(0,ROUND(F110+Materiales!$H$19-E112-F111,4)) | G113: =MAX(0,ROUND(G110+Materiales!$H$19-F112-G111,4)) | H113: =MAX(0,ROUND(H110+Materiales!$H$19-G112-H111,4)) | I113: =MAX(0,ROUND(I110+Materiales!$H$19-H112-I111,4)) | J113: =MAX(0,ROUND(J110+Materiales!$H$19-I112-J111,4)) | K113: =MAX(0,ROUND(K110+Materiales!$H$19-J112-K111,4)) | L113: =MAX(0,ROUND(L110+Materiales!$H$19-K112-L111,4))
C114: Recepcion de orden planificada | E114: =IF(E113<=0,0,IF(Materiales!$G$19<=0,E113,ROUNDUP(E113/Materiales!$G$19,0)*Materiales!$G$19)) | F114: =IF(F113<=0,0,IF(Materiales!$G$19<=0,F113,ROUNDUP(F113/Materiales!$G$19,0)*Materiales!$G$19)) | G114: =IF(G113<=0,0,IF(Materiales!$G$19<=0,G113,ROUNDUP(G113/Materiales!$G$19,0)*Materiales!$G$19)) | H114: =IF(H113<=0,0,IF(Materiales!$G$19<=0,H113,ROUNDUP(H113/Materiales!$G$19,0)*Materiales!$G$19)) | I114: =IF(I113<=0,0,IF(Materiales!$G$19<=0,I113,ROUNDUP(I113/Materiales!$G$19,0)*Materiales!$G$19)) | J114: =IF(J113<=0,0,IF(Materiales!$G$19<=0,J113,ROUNDUP(J113/Materiales!$G$19,0)*Materiales!$G$19)) | K114: =IF(K113<=0,0,IF(Materiales!$G$19<=0,K113,ROUNDUP(K113/Materiales!$G$19,0)*Materiales!$G$19)) | L114: =IF(L113<=0,0,IF(Materiales!$G$19<=0,L113,ROUNDUP(L113/Materiales!$G$19,0)*Materiales!$G$19))
C115: LANZAMIENTO DE ORDEN — pedir esta semana | E115: =IF(1+Materiales!$F$19>8,0,INDEX($E$114:$L$114,1,1+Materiales!$F$19)) | F115: =IF(2+Materiales!$F$19>8,0,INDEX($E$114:$L$114,1,2+Materiales!$F$19)) | G115: =IF(3+Materiales!$F$19>8,0,INDEX($E$114:$L$114,1,3+Materiales!$F$19)) | H115: =IF(4+Materiales!$F$19>8,0,INDEX($E$114:$L$114,1,4+Materiales!$F$19)) | I115: =IF(5+Materiales!$F$19>8,0,INDEX($E$114:$L$114,1,5+Materiales!$F$19)) | J115: =IF(6+Materiales!$F$19>8,0,INDEX($E$114:$L$114,1,6+Materiales!$F$19)) | K115: =IF(7+Materiales!$F$19>8,0,INDEX($E$114:$L$114,1,7+Materiales!$F$19)) | L115: =IF(8+Materiales!$F$19>8,0,INDEX($E$114:$L$114,1,8+Materiales!$F$19)) | M115: =IF($A110="","",IF(SUMPRODUCT((COLUMN($E$114:$L$114)-4<=Materiales!$F$19)*$E$114:$L$114)>0,"PEDIR YA (atrasado)","OK"))
...

Sheet Ordenes
A1: RESULTADO — Que pedir, cuanto y en que semana
A2: Filtra la columna 'Total a pedir' por mayor que cero para quedarte solo con lo que hay que comprar.
E3: =Plan!E$3 | F3: =Plan!F$3 | G3: =Plan!G$3 | H3: =Plan!H$3 | I3: =Plan!I$3 | J3: =Plan!J$3 | K3: =Plan!K$3 | L3: =Plan!L$3
A4: Codigo | B4: Producto | C4: Unidad | D4: Precio (S/) | E4: Sem 1 | F4: Sem 2 | G4: Sem 3 | H4: Sem 4 | I4: Sem 5 | J4: Sem 6 | K4: Sem 7 | L4: Sem 8 | M4: Total a pedir | N4: Total S/ | O4: Alerta
A5: =IF(Materiales!$A$4="","",Materiales!$A$4) | B5: =IF(Materiales!$B$4="","",Materiales!$B$4) | C5: =IF(Materiales!$C$4="","",Materiales!$C$4) | D5: =IF(Materiales!$D$4="","",Materiales!$D$4) | E5: =IF($A5="","",MRP!E10) | F5: =IF($A5="","",MRP!F10) | G5: =IF($A5="","",MRP!G10) | H5: =IF($A5="","",MRP!H10) | I5: =IF($A5="","",MRP!I10) | J5: =IF($A5="","",MRP!J10) | K5: =IF($A5="","",MRP!K10) | L5: =IF($A5="","",MRP!L10) | M5: =IF($A5="","",SUM(E5:L5)) | N5: =IF(ISNUMBER(D5),M5*D5,"") | O5: =MRP!M10
A6: =IF(Materiales!$A$5="","",Materiales!$A$5) | B6: =IF(Materiales!$B$5="","",Materiales!$B$5) | C6: =IF(Materiales!$C$5="","",Materiales!$C$5) | D6: =IF(Materiales!$D$5="","",Materiales!$D$5) | E6: =IF($A6="","",MRP!E17) | F6: =IF($A6="","",MRP!F17) | G6: =IF($A6="","",MRP!G17) | H6: =IF($A6="","",MRP!H17) | I6: =IF($A6="","",MRP!I17) | J6: =IF($A6="","",MRP!J17) | K6: =IF($A6="","",MRP!K17) | L6: =IF($A6="","",MRP!L17) | M6: =IF($A6="","",SUM(E6:L6)) | N6: =IF(ISNUMBER(D6),M6*D6,"") | O6: =MRP!M17
A7: =IF(Materiales!$A$6="","",Materiales!$A$6) | B7: =IF(Materiales!$B$6="","",Materiales!$B$6) | C7: =IF(Materiales!$C$6="","",Materiales!$C$6) | D7: =IF(Materiales!$D$6="","",Materiales!$D$6) | E7: =IF($A7="","",MRP!E24) | F7: =IF($A7="","",MRP!F24) | G7: =IF($A7="","",MRP!G24) | H7: =IF($A7="","",MRP!H24) | I7: =IF($A7="","",MRP!I24) | J7: =IF($A7="","",MRP!J24) | K7: =IF($A7="","",MRP!K24) | L7: =IF($A7="","",MRP!L24) | M7: =IF($A7="","",SUM(E7:L7)) | N7: =IF(ISNUMBER(D7),M7*D7,"") | O7: =MRP!M24
A8: =IF(Materiales!$A$7="","",Materiales!$A$7) | B8: =IF(Materiales!$B$7="","",Materiales!$B$7) | C8: =IF(Materiales!$C$7="","",Materiales!$C$7) | D8: =IF(Materiales!$D$7="","",Materiales!$D$7) | E8: =IF($A8="","",MRP!E31) | F8: =IF($A8="","",MRP!F31) | G8: =IF($A8="","",MRP!G31) | H8: =IF($A8="","",MRP!H31) | I8: =IF($A8="","",MRP!I31) | J8: =IF($A8="","",MRP!J31) | K8: =IF($A8="","",MRP!K31) | L8: =IF($A8="","",MRP!L31) | M8: =IF($A8="","",SUM(E8:L8)) | N8: =IF(ISNUMBER(D8),M8*D8,"") | O8: =MRP!M31
A9: =IF(Materiales!$A$8="","",Materiales!$A$8) | B9: =IF(Materiales!$B$8="","",Materiales!$B$8) | C9: =IF(Materiales!$C$8="","",Materiales!$C$8) | D9: =IF(Materiales!$D$8="","",Materiales!$D$8) | E9: =IF($A9="","",MRP!E38) | F9: =IF($A9="","",MRP!F38) | G9: =IF($A9="","",MRP!G38) | H9: =IF($A9="","",MRP!H38) | I9: =IF($A9="","",MRP!I38) | J9: =IF($A9="","",MRP!J38) | K9: =IF($A9="","",MRP!K38) | L9: =IF($A9="","",MRP!L38) | M9: =IF($A9="","",SUM(E9:L9)) | N9: =IF(ISNUMBER(D9),M9*D9,"") | O9: =MRP!M38
A10: =IF(Materiales!$A$9="","",Materiales!$A$9) | B10: =IF(Materiales!$B$9="","",Materiales!$B$9) | C10: =IF(Materiales!$C$9="","",Materiales!$C$9) | D10: =IF(Materiales!$D$9="","",Materiales!$D$9) | E10: =IF($A10="","",MRP!E45) | F10: =IF($A10="","",MRP!F45) | G10: =IF($A10="","",MRP!G45) | H10: =IF($A10="","",MRP!H45) | I10: =IF($A10="","",MRP!I45) | J10: =IF($A10="","",MRP!J45) | K10: =IF($A10="","",MRP!K45) | L10: =IF($A10="","",MRP!L45) | M10: =IF($A10="","",SUM(E10:L10)) | N10: =IF(ISNUMBER(D10),M10*D10,"") | O10: =MRP!M45
A11: =IF(Materiales!$A$10="","",Materiales!$A$10) | B11: =IF(Materiales!$B$10="","",Materiales!$B$10) | C11: =IF(Materiales!$C$10="","",Materiales!$C$10) | D11: =IF(Materiales!$D$10="","",Materiales!$D$10) | E11: =IF($A11="","",MRP!E52) | F11: =IF($A11="","",MRP!F52) | G11: =IF($A11="","",MRP!G52) | H11: =IF($A11="","",MRP!H52) | I11: =IF($A11="","",MRP!I52) | J11: =IF($A11="","",MRP!J52) | K11: =IF($A11="","",MRP!K52) | L11: =IF($A11="","",MRP!L52) | M11: =IF($A11="","",SUM(E11:L11)) | N11: =IF(ISNUMBER(D11),M11*D11,"") | O11: =MRP!M52
A12: =IF(Materiales!$A$11="","",Materiales!$A$11) | B12: =IF(Materiales!$B$11="","",Materiales!$B$11) | C12: =IF(Materiales!$C$11="","",Materiales!$C$11) | D12: =IF(Materiales!$D$11="","",Materiales!$D$11) | E12: =IF($A12="","",MRP!E59) | F12: =IF($A12="","",MRP!F59) | G12: =IF($A12="","",MRP!G59) | H12: =IF($A12="","",MRP!H59) | I12: =IF($A12="","",MRP!I59) | J12: =IF($A12="","",MRP!J59) | K12: =IF($A12="","",MRP!K59) | L12: =IF($A12="","",MRP!L59) | M12: =IF($A12="","",SUM(E12:L12)) | N12: =IF(ISNUMBER(D12),M12*D12,"") | O12: =MRP!M59
A13: =IF(Materiales!$A$12="","",Materiales!$A$12) | B13: =IF(Materiales!$B$12="","",Materiales!$B$12) | C13: =IF(Materiales!$C$12="","",Materiales!$C$12) | D13: =IF(Materiales!$D$12="","",Materiales!$D$12) | E13: =IF($A13="","",MRP!E66) | F13: =IF($A13="","",MRP!F66) | G13: =IF($A13="","",MRP!G66) | H13: =IF($A13="","",MRP!H66) | I13: =IF($A13="","",MRP!I66) | J13: =IF($A13="","",MRP!J66) | K13: =IF($A13="","",MRP!K66) | L13: =IF($A13="","",MRP!L66) | M13: =IF($A13="","",SUM(E13:L13)) | N13: =IF(ISNUMBER(D13),M13*D13,"") | O13: =MRP!M66
A14: =IF(Materiales!$A$13="","",Materiales!$A$13) | B14: =IF(Materiales!$B$13="","",Materiales!$B$13) | C14: =IF(Materiales!$C$13="","",Materiales!$C$13) | D14: =IF(Materiales!$D$13="","",Materiales!$D$13) | E14: =IF($A14="","",MRP!E73) | F14: =IF($A14="","",MRP!F73) | G14: =IF($A14="","",MRP!G73) | H14: =IF($A14="","",MRP!H73) | I14: =IF($A14="","",MRP!I73) | J14: =IF($A14="","",MRP!J73) | K14: =IF($A14="","",MRP!K73) | L14: =IF($A14="","",MRP!L73) | M14: =IF($A14="","",SUM(E14:L14)) | N14: =IF(ISNUMBER(D14),M14*D14,"") | O14: =MRP!M73
A15: =IF(Materiales!$A$14="","",Materiales!$A$14) | B15: =IF(Materiales!$B$14="","",Materiales!$B$14) | C15: =IF(Materiales!$C$14="","",Materiales!$C$14) | D15: =IF(Materiales!$D$14="","",Materiales!$D$14) | E15: =IF($A15="","",MRP!E80) | F15: =IF($A15="","",MRP!F80) | G15: =IF($A15="","",MRP!G80) | H15: =IF($A15="","",MRP!H80) | I15: =IF($A15="","",MRP!I80) | J15: =IF($A15="","",MRP!J80) | K15: =IF($A15="","",MRP!K80) | L15: =IF($A15="","",MRP!L80) | M15: =IF($A15="","",SUM(E15:L15)) | N15: =IF(ISNUMBER(D15),M15*D15,"") | O15: =MRP!M80
A16: =IF(Materiales!$A$15="","",Materiales!$A$15) | B16: =IF(Materiales!$B$15="","",Materiales!$B$15) | C16: =IF(Materiales!$C$15="","",Materiales!$C$15) | D16: =IF(Materiales!$D$15="","",Materiales!$D$15) | E16: =IF($A16="","",MRP!E87) | F16: =IF($A16="","",MRP!F87) | G16: =IF($A16="","",MRP!G87) | H16: =IF($A16="","",MRP!H87) | I16: =IF($A16="","",MRP!I87) | J16: =IF($A16="","",MRP!J87) | K16: =IF($A16="","",MRP!K87) | L16: =IF($A16="","",MRP!L87) | M16: =IF($A16="","",SUM(E16:L16)) | N16: =IF(ISNUMBER(D16),M16*D16,"") | O16: =MRP!M87
A17: =IF(Materiales!$A$16="","",Materiales!$A$16) | B17: =IF(Materiales!$B$16="","",Materiales!$B$16) | C17: =IF(Materiales!$C$16="","",Materiales!$C$16) | D17: =IF(Materiales!$D$16="","",Materiales!$D$16) | E17: =IF($A17="","",MRP!E94) | F17: =IF($A17="","",MRP!F94) | G17: =IF($A17="","",MRP!G94) | H17: =IF($A17="","",MRP!H94) | I17: =IF($A17="","",MRP!I94) | J17: =IF($A17="","",MRP!J94) | K17: =IF($A17="","",MRP!K94) | L17: =IF($A17="","",MRP!L94) | M17: =IF($A17="","",SUM(E17:L17)) | N17: =IF(ISNUMBER(D17),M17*D17,"") | O17: =MRP!M94
A18: =IF(Materiales!$A$17="","",Materiales!$A$17) | B18: =IF(Materiales!$B$17="","",Materiales!$B$17) | C18: =IF(Materiales!$C$17="","",Materiales!$C$17) | D18: =IF(Materiales!$D$17="","",Materiales!$D$17) | E18: =IF($A18="","",MRP!E101) | F18: =IF($A18="","",MRP!F101) | G18: =IF($A18="","",MRP!G101) | H18: =IF($A18="","",MRP!H101) | I18: =IF($A18="","",MRP!I101) | J18: =IF($A18="","",MRP!J101) | K18: =IF($A18="","",MRP!K101) | L18: =IF($A18="","",MRP!L101) | M18: =IF($A18="","",SUM(E18:L18)) | N18: =IF(ISNUMBER(D18),M18*D18,"") | O18: =MRP!M101
A19: =IF(Materiales!$A$18="","",Materiales!$A$18) | B19: =IF(Materiales!$B$18="","",Materiales!$B$18) | C19: =IF(Materiales!$C$18="","",Materiales!$C$18) | D19: =IF(Materiales!$D$18="","",Materiales!$D$18) | E19: =IF($A19="","",MRP!E108) | F19: =IF($A19="","",MRP!F108) | G19: =IF($A19="","",MRP!G108) | H19: =IF($A19="","",MRP!H108) | I19: =IF($A19="","",MRP!I108) | J19: =IF($A19="","",MRP!J108) | K19: =IF($A19="","",MRP!K108) | L19: =IF($A19="","",MRP!L108) | M19: =IF($A19="","",SUM(E19:L19)) | N19: =IF(ISNUMBER(D19),M19*D19,"") | O19: =MRP!M108
A20: =IF(Materiales!$A$19="","",Materiales!$A$19) | B20: =IF(Materiales!$B$19="","",Materiales!$B$19) | C20: =IF(Materiales!$C$19="","",Materiales!$C$19) | D20: =IF(Materiales!$D$19="","",Materiales!$D$19) | E20: =IF($A20="","",MRP!E115) | F20: =IF($A20="","",MRP!F115) | G20: =IF($A20="","",MRP!G115) | H20: =IF($A20="","",MRP!H115) | I20: =IF($A20="","",MRP!I115) | J20: =IF($A20="","",MRP!J115) | K20: =IF($A20="","",MRP!K115) | L20: =IF($A20="","",MRP!L115) | M20: =IF($A20="","",SUM(E20:L20)) | N20: =IF(ISNUMBER(D20),M20*D20,"") | O20: =MRP!M115
A21: =IF(Materiales!$A$20="","",Materiales!$A$20) | B21: =IF(Materiales!$B$20="","",Materiales!$B$20) | C21: =IF(Materiales!$C$20="","",Materiales!$C$20) | D21: =IF(Materiales!$D$20="","",Materiales!$D$20) | E21: =IF($A21="","",MRP!E122) | F21: =IF($A21="","",MRP!F122) | G21: =IF($A21="","",MRP!G122) | H21: =IF($A21="","",MRP!H122) | I21: =IF($A21="","",MRP!I122) | J21: =IF($A21="","",MRP!J122) | K21: =IF($A21="","",MRP!K122) | L21: =IF($A21="","",MRP!L122) | M21: =IF($A21="","",SUM(E21:L21)) | N21: =IF(ISNUMBER(D21),M21*D21,"") | O21: =MRP!M122
A22: =IF(Materiales!$A$21="","",Materiales!$A$21) | B22: =IF(Materiales!$B$21="","",Materiales!$B$21) | C22: =IF(Materiales!$C$21="","",Materiales!$C$21) | D22: =IF(Materiales!$D$21="","",Materiales!$D$21) | E22: =IF($A22="","",MRP!E129) | F22: =IF($A22="","",MRP!F129) | G22: =IF($A22="","",MRP!G129) | H22: =IF($A22="","",MRP!H129) | I22: =IF($A22="","",MRP!I129) | J22: =IF($A22="","",MRP!J129) | K22: =IF($A22="","",MRP!K129) | L22: =IF($A22="","",MRP!L129) | M22: =IF($A22="","",SUM(E22:L22)) | N22: =IF(ISNUMBER(D22),M22*D22,"") | O22: =MRP!M129
A23: =IF(Materiales!$A$22="","",Materiales!$A$22) | B23: =IF(Materiales!$B$22="","",Materiales!$B$22) | C23: =IF(Materiales!$C$22="","",Materiales!$C$22) | D23: =IF(Materiales!$D$22="","",Materiales!$D$22) | E23: =IF($A23="","",MRP!E136) | F23: =IF($A23="","",MRP!F136) | G23: =IF($A23="","",MRP!G136) | H23: =IF($A23="","",MRP!H136) | I23: =IF($A23="","",MRP!I136) | J23: =IF($A23="","",MRP!J136) | K23: =IF($A23="","",MRP!K136) | L23: =IF($A23="","",MRP!L136) | M23: =IF($A23="","",SUM(E23:L23)) | N23: =IF(ISNUMBER(D23),M23*D23,"") | O23: =MRP!M136
A24: =IF(Materiales!$A$23="","",Materiales!$A$23) | B24: =IF(Materiales!$B$23="","",Materiales!$B$23) | C24: =IF(Materiales!$C$23="","",Materiales!$C$23) | D24: =IF(Materiales!$D$23="","",Materiales!$D$23) | E24: =IF($A24="","",MRP!E143) | F24: =IF($A24="","",MRP!F143) | G24: =IF($A24="","",MRP!G143) | H24: =IF($A24="","",MRP!H143) | I24: =IF($A24="","",MRP!I143) | J24: =IF($A24="","",MRP!J143) | K24: =IF($A24="","",MRP!K143) | L24: =IF($A24="","",MRP!L143) | M24: =IF($A24="","",SUM(E24:L24)) | N24: =IF(ISNUMBER(D24),M24*D24,"") | O24: =MRP!M143
A25: =IF(Materiales!$A$24="","",Materiales!$A$24) | B25: =IF(Materiales!$B$24="","",Materiales!$B$24) | C25: =IF(Materiales!$C$24="","",Materiales!$C$24) | D25: =IF(Materiales!$D$24="","",Materiales!$D$24) | E25: =IF($A25="","",MRP!E150) | F25: =IF($A25="","",MRP!F150) | G25: =IF($A25="","",MRP!G150) | H25: =IF($A25="","",MRP!H150) | I25: =IF($A25="","",MRP!I150) | J25: =IF($A25="","",MRP!J150) | K25: =IF($A25="","",MRP!K150) | L25: =IF($A25="","",MRP!L150) | M25: =IF($A25="","",SUM(E25:L25)) | N25: =IF(ISNUMBER(D25),M25*D25,"") | O25: =MRP!M150
A26: =IF(Materiales!$A$25="","",Materiales!$A$25) | B26: =IF(Materiales!$B$25="","",Materiales!$B$25) | C26: =IF(Materiales!$C$25="","",Materiales!$C$25) | D26: =IF(Materiales!$D$25="","",Materiales!$D$25) | E26: =IF($A26="","",MRP!E157) | F26: =IF($A26="","",MRP!F157) | G26: =IF($A26="","",MRP!G157) | H26: =IF($A26="","",MRP!H157) | I26: =IF($A26="","",MRP!I157) | J26: =IF($A26="","",MRP!J157) | K26: =IF($A26="","",MRP!K157) | L26: =IF($A26="","",MRP!L157) | M26: =IF($A26="","",SUM(E26:L26)) | N26: =IF(ISNUMBER(D26),M26*D26,"") | O26: =MRP!M157
A27: =IF(Materiales!$A$26="","",Materiales!$A$26) | B27: =IF(Materiales!$B$26="","",Materiales!$B$26) | C27: =IF(Materiales!$C$26="","",Materiales!$C$26) | D27: =IF(Materiales!$D$26="","",Materiales!$D$26) | E27: =IF($A27="","",MRP!E164) | F27: =IF($A27="","",MRP!F164) | G27: =IF($A27="","",MRP!G164) | H27: =IF($A27="","",MRP!H164) | I27: =IF($A27="","",MRP!I164) | J27: =IF($A27="","",MRP!J164) | K27: =IF($A27="","",MRP!K164) | L27: =IF($A27="","",MRP!L164) | M27: =IF($A27="","",SUM(E27:L27)) | N27: =IF(ISNUMBER(D27),M27*D27,"") | O27: =MRP!M164
A28: =IF(Materiales!$A$27="","",Materiales!$A$27) | B28: =IF(Materiales!$B$27="","",Materiales!$B$27) | C28: =IF(Materiales!$C$27="","",Materiales!$C$27) | D28: =IF(Materiales!$D$27="","",Materiales!$D$27) | E28: =IF($A28="","",MRP!E171) | F28: =IF($A28="","",MRP!F171) | G28: =IF($A28="","",MRP!G171) | H28: =IF($A28="","",MRP!H171) | I28: =IF($A28="","",MRP!I171) | J28: =IF($A28="","",MRP!J171) | K28: =IF($A28="","",MRP!K171) | L28: =IF($A28="","",MRP!L171) | M28: =IF($A28="","",SUM(E28:L28)) | N28: =IF(ISNUMBER(D28),M28*D28,"") | O28: =MRP!M171
A29: =IF(Materiales!$A$28="","",Materiales!$A$28) | B29: =IF(Materiales!$B$28="","",Materiales!$B$28) | C29: =IF(Materiales!$C$28="","",Materiales!$C$28) | D29: =IF(Materiales!$D$28="","",Materiales!$D$28) | E29: =IF($A29="","",MRP!E178) | F29: =IF($A29="","",MRP!F178) | G29: =IF($A29="","",MRP!G178) | H29: =IF($A29="","",MRP!H178) | I29: =IF($A29="","",MRP!I178) | J29: =IF($A29="","",MRP!J178) | K29: =IF($A29="","",MRP!K178) | L29: =IF($A29="","",MRP!L178) | M29: =IF($A29="","",SUM(E29:L29)) | N29: =IF(ISNUMBER(D29),M29*D29,"") | O29: =MRP!M178
A30: =IF(Materiales!$A$29="","",Materiales!$A$29) | B30: =IF(Materiales!$B$29="","",Materiales!$B$29) | C30: =IF(Materiales!$C$29="","",Materiales!$C$29) | D30: =IF(Materiales!$D$29="","",Materiales!$D$29) | E30: =IF($A30="","",MRP!E185) | F30: =IF($A30="","",MRP!F185) | G30: =IF($A30="","",MRP!G185) | H30: =IF($A30="","",MRP!H185) | I30: =IF($A30="","",MRP!I185) | J30: =IF($A30="","",MRP!J185) | K30: =IF($A30="","",MRP!K185) | L30: =IF($A30="","",MRP!L185) | M30: =IF($A30="","",SUM(E30:L30)) | N30: =IF(ISNUMBER(D30),M30*D30,"") | O30: =MRP!M185
A31: =IF(Materiales!$A$30="","",Materiales!$A$30) | B31: =IF(Materiales!$B$30="","",Materiales!$B$30) | C31: =IF(Materiales!$C$30="","",Materiales!$C$30) | D31: =IF(Materiales!$D$30="","",Materiales!$D$30) | E31: =IF($A31="","",MRP!E192) | F31: =IF($A31="","",MRP!F192) | G31: =IF($A31="","",MRP!G192) | H31: =IF($A31="","",MRP!H192) | I31: =IF($A31="","",MRP!I192) | J31: =IF($A31="","",MRP!J192) | K31: =IF($A31="","",MRP!K192) | L31: =IF($A31="","",MRP!L192) | M31: =IF($A31="","",SUM(E31:L31)) | N31: =IF(ISNUMBER(D31),M31*D31,"") | O31: =MRP!M192
A32: =IF(Materiales!$A$31="","",Materiales!$A$31) | B32: =IF(Materiales!$B$31="","",Materiales!$B$31) | C32: =IF(Materiales!$C$31="","",Materiales!$C$31) | D32: =IF(Materiales!$D$31="","",Materiales!$D$31) | E32: =IF($A32="","",MRP!E199) | F32: =IF($A32="","",MRP!F199) | G32: =IF($A32="","",MRP!G199) | H32: =IF($A32="","",MRP!H199) | I32: =IF($A32="","",MRP!I199) | J32: =IF($A32="","",MRP!J199) | K32: =IF($A32="","",MRP!K199) | L32: =IF($A32="","",MRP!L199) | M32: =IF($A32="","",SUM(E32:L32)) | N32: =IF(ISNUMBER(D32),M32*D32,"") | O32: =MRP!M199
A33: =IF(Materiales!$A$32="","",Materiales!$A$32) | B33: =IF(Materiales!$B$32="","",Materiales!$B$32) | C33: =IF(Materiales!$C$32="","",Materiales!$C$32) | D33: =IF(Materiales!$D$32="","",Materiales!$D$32) | E33: =IF($A33="","",MRP!E206) | F33: =IF($A33="","",MRP!F206) | G33: =IF($A33="","",MRP!G206) | H33: =IF($A33="","",MRP!H206) | I33: =IF($A33="","",MRP!I206) | J33: =IF($A33="","",MRP!J206) | K33: =IF($A33="","",MRP!K206) | L33: =IF($A33="","",MRP!L206) | M33: =IF($A33="","",SUM(E33:L33)) | N33: =IF(ISNUMBER(D33),M33*D33,"") | O33: =MRP!M206
A34: =IF(Materiales!$A$33="","",Materiales!$A$33) | B34: =IF(Materiales!$B$33="","",Materiales!$B$33) | C34: =IF(Materiales!$C$33="","",Materiales!$C$33) | D34: =IF(Materiales!$D$33="","",Materiales!$D$33) | E34: =IF($A34="","",MRP!E213) | F34: =IF($A34="","",MRP!F213) | G34: =IF($A34="","",MRP!G213) | H34: =IF($A34="","",MRP!H213) | I34: =IF($A34="","",MRP!I213) | J34: =IF($A34="","",MRP!J213) | K34: =IF($A34="","",MRP!K213) | L34: =IF($A34="","",MRP!L213) | M34: =IF($A34="","",SUM(E34:L34)) | N34: =IF(ISNUMBER(D34),M34*D34,"") | O34: =MRP!M213
A35: =IF(Materiales!$A$34="","",Materiales!$A$34) | B35: =IF(Materiales!$B$34="","",Materiales!$B$34) | C35: =IF(Materiales!$C$34="","",Materiales!$C$34) | D35: =IF(Materiales!$D$34="","",Materiales!$D$34) | E35: =IF($A35="","",MRP!E220) | F35: =IF($A35="","",MRP!F220) | G35: =IF($A35="","",MRP!G220) | H35: =IF($A35="","",MRP!H220) | I35: =IF($A35="","",MRP!I220) | J35: =IF($A35="","",MRP!J220) | K35: =IF($A35="","",MRP!K220) | L35: =IF($A35="","",MRP!L220) | M35: =IF($A35="","",SUM(E35:L35)) | N35: =IF(ISNUMBER(D35),M35*D35,"") | O35: =MRP!M220
A36: =IF(Materiales!$A$35="","",Materiales!$A$35) | B36: =IF(Materiales!$B$35="","",Materiales!$B$35) | C36: =IF(Materiales!$C$35="","",Materiales!$C$35) | D36: =IF(Materiales!$D$35="","",Materiales!$D$35) | E36: =IF($A36="","",MRP!E227) | F36: =IF($A36="","",MRP!F227) | G36: =IF($A36="","",MRP!G227) | H36: =IF($A36="","",MRP!H227) | I36: =IF($A36="","",MRP!I227) | J36: =IF($A36="","",MRP!J227) | K36: =IF($A36="","",MRP!K227) | L36: =IF($A36="","",MRP!L227) | M36: =IF($A36="","",SUM(E36:L36)) | N36: =IF(ISNUMBER(D36),M36*D36,"") | O36: =MRP!M227
A37: =IF(Materiales!$A$36="","",Materiales!$A$36) | B37: =IF(Materiales!$B$36="","",Materiales!$B$36) | C37: =IF(Materiales!$C$36="","",Materiales!$C$36) | D37: =IF(Materiales!$D$36="","",Materiales!$D$36) | E37: =IF($A37="","",MRP!E234) | F37: =IF($A37="","",MRP!F234) | G37: =IF($A37="","",MRP!G234) | H37: =IF($A37="","",MRP!H234) | I37: =IF($A37="","",MRP!I234) | J37: =IF($A37="","",MRP!J234) | K37: =IF($A37="","",MRP!K234) | L37: =IF($A37="","",MRP!L234) | M37: =IF($A37="","",SUM(E37:L37)) | N37: =IF(ISNUMBER(D37),M37*D37,"") | O37: =MRP!M234
A38: =IF(Materiales!$A$37="","",Materiales!$A$37) | B38: =IF(Materiales!$B$37="","",Materiales!$B$37) | C38: =IF(Materiales!$C$37="","",Materiales!$C$37) | D38: =IF(Materiales!$D$37="","",Materiales!$D$37) | E38: =IF($A38="","",MRP!E241) | F38: =IF($A38="","",MRP!F241) | G38: =IF($A38="","",MRP!G241) | H38: =IF($A38="","",MRP!H241) | I38: =IF($A38="","",MRP!I241) | J38: =IF($A38="","",MRP!J241) | K38: =IF($A38="","",MRP!K241) | L38: =IF($A38="","",MRP!L241) | M38: =IF($A38="","",SUM(E38:L38)) | N38: =IF(ISNUMBER(D38),M38*D38,"") | O38: =MRP!M241
A39: =IF(Materiales!$A$38="","",Materiales!$A$38) | B39: =IF(Materiales!$B$38="","",Materiales!$B$38) | C39: =IF(Materiales!$C$38="","",Materiales!$C$38) | D39: =IF(Materiales!$D$38="","",Materiales!$D$38) | E39: =IF($A39="","",MRP!E248) | F39: =IF($A39="","",MRP!F248) | G39: =IF($A39="","",MRP!G248) | H39: =IF($A39="","",MRP!H248) | I39: =IF($A39="","",MRP!I248) | J39: =IF($A39="","",MRP!J248) | K39: =IF($A39="","",MRP!K248) | L39: =IF($A39="","",MRP!L248) | M39: =IF($A39="","",SUM(E39:L39)) | N39: =IF(ISNUMBER(D39),M39*D39,"") | O39: =MRP!M248
A40: =IF(Materiales!$A$39="","",Materiales!$A$39) | B40: =IF(Materiales!$B$39="","",Materiales!$B$39) | C40: =IF(Materiales!$C$39="","",Materiales!$C$39) | D40: =IF(Materiales!$D$39="","",Materiales!$D$39) | E40: =IF($A40="","",MRP!E255) | F40: =IF($A40="","",MRP!F255) | G40: =IF($A40="","",MRP!G255) | H40: =IF($A40="","",MRP!H255) | I40: =IF($A40="","",MRP!I255) | J40: =IF($A40="","",MRP!J255) | K40: =IF($A40="","",MRP!K255) | L40: =IF($A40="","",MRP!L255) | M40: =IF($A40="","",SUM(E40:L40)) | N40: =IF(ISNUMBER(D40),M40*D40,"") | O40: =MRP!M255
A41: =IF(Materiales!$A$40="","",Materiales!$A$40) | B41: =IF(Materiales!$B$40="","",Materiales!$B$40) | C41: =IF(Materiales!$C$40="","",Materiales!$C$40) | D41: =IF(Materiales!$D$40="","",Materiales!$D$40) | E41: =IF($A41="","",MRP!E262) | F41: =IF($A41="","",MRP!F262) | G41: =IF($A41="","",MRP!G262) | H41: =IF($A41="","",MRP!H262) | I41: =IF($A41="","",MRP!I262) | J41: =IF($A41="","",MRP!J262) | K41: =IF($A41="","",MRP!K262) | L41: =IF($A41="","",MRP!L262) | M41: =IF($A41="","",SUM(E41:L41)) | N41: =IF(ISNUMBER(D41),M41*D41,"") | O41: =MRP!M262
A42: =IF(Materiales!$A$41="","",Materiales!$A$41) | B42: =IF(Materiales!$B$41="","",Materiales!$B$41) | C42: =IF(Materiales!$C$41="","",Materiales!$C$41) | D42: =IF(Materiales!$D$41="","",Materiales!$D$41) | E42: =IF($A42="","",MRP!E269) | F42: =IF($A42="","",MRP!F269) | G42: =IF($A42="","",MRP!G269) | H42: =IF($A42="","",MRP!H269) | I42: =IF($A42="","",MRP!I269) | J42: =IF($A42="","",MRP!J269) | K42: =IF($A42="","",MRP!K269) | L42: =IF($A42="","",MRP!L269) | M42: =IF($A42="","",SUM(E42:L42)) | N42: =IF(ISNUMBER(D42),M42*D42,"") | O42: =MRP!M269
A43: =IF(Materiales!$A$42="","",Materiales!$A$42) | B43: =IF(Materiales!$B$42="","",Materiales!$B$42) | C43: =IF(Materiales!$C$42="","",Materiales!$C$42) | D43: =IF(Materiales!$D$42="","",Materiales!$D$42) | E43: =IF($A43="","",MRP!E276) | F43: =IF($A43="","",MRP!F276) | G43: =IF($A43="","",MRP!G276) | H43: =IF($A43="","",MRP!H276) | I43: =IF($A43="","",MRP!I276) | J43: =IF($A43="","",MRP!J276) | K43: =IF($A43="","",MRP!K276) | L43: =IF($A43="","",MRP!L276) | M43: =IF($A43="","",SUM(E43:L43)) | N43: =IF(ISNUMBER(D43),M43*D43,"") | O43: =MRP!M276
A44: =IF(Materiales!$A$43="","",Materiales!$A$43) | B44: =IF(Materiales!$B$43="","",Materiales!$B$43) | C44: =IF(Materiales!$C$43="","",Materiales!$C$43) | D44: =IF(Materiales!$D$43="","",Materiales!$D$43) | E44: =IF($A44="","",MRP!E283) | F44: =IF($A44="","",MRP!F283) | G44: =IF($A44="","",MRP!G283) | H44: =IF($A44="","",MRP!H283) | I44: =IF($A44="","",MRP!I283) | J44: =IF($A44="","",MRP!J283) | K44: =IF($A44="","",MRP!K283) | L44: =IF($A44="","",MRP!L283) | M44: =IF($A44="","",SUM(E44:L44)) | N44: =IF(ISNUMBER(D44),M44*D44,"") | O44: =MRP!M283
A45: =IF(Materiales!$A$44="","",Materiales!$A$44) | B45: =IF(Materiales!$B$44="","",Materiales!$B$44) | C45: =IF(Materiales!$C$44="","",Materiales!$C$44) | D45: =IF(Materiales!$D$44="","",Materiales!$D$44) | E45: =IF($A45="","",MRP!E290) | F45: =IF($A45="","",MRP!F290) | G45: =IF($A45="","",MRP!G290) | H45: =IF($A45="","",MRP!H290) | I45: =IF($A45="","",MRP!I290) | J45: =IF($A45="","",MRP!J290) | K45: =IF($A45="","",MRP!K290) | L45: =IF($A45="","",MRP!L290) | M45: =IF($A45="","",SUM(E45:L45)) | N45: =IF(ISNUMBER(D45),M45*D45,"") | O45: =MRP!M290
A46: =IF(Materiales!$A$45="","",Materiales!$A$45) | B46: =IF(Materiales!$B$45="","",Materiales!$B$45) | C46: =IF(Materiales!$C$45="","",Materiales!$C$45) | D46: =IF(Materiales!$D$45="","",Materiales!$D$45) | E46: =IF($A46="","",MRP!E297) | F46: =IF($A46="","",MRP!F297) | G46: =IF($A46="","",MRP!G297) | H46: =IF($A46="","",MRP!H297) | I46: =IF($A46="","",MRP!I297) | J46: =IF($A46="","",MRP!J297) | K46: =IF($A46="","",MRP!K297) | L46: =IF($A46="","",MRP!L297) | M46: =IF($A46="","",SUM(E46:L46)) | N46: =IF(ISNUMBER(D46),M46*D46,"") | O46: =MRP!M297
A47: =IF(Materiales!$A$46="","",Materiales!$A$46) | B47: =IF(Materiales!$B$46="","",Materiales!$B$46) | C47: =IF(Materiales!$C$46="","",Materiales!$C$46) | D47: =IF(Materiales!$D$46="","",Materiales!$D$46) | E47: =IF($A47="","",MRP!E304) | F47: =IF($A47="","",MRP!F304) | G47: =IF($A47="","",MRP!G304) | H47: =IF($A47="","",MRP!H304) | I47: =IF($A47="","",MRP!I304) | J47: =IF($A47="","",MRP!J304) | K47: =IF($A47="","",MRP!K304) | L47: =IF($A47="","",MRP!L304) | M47: =IF($A47="","",SUM(E47:L47)) | N47: =IF(ISNUMBER(D47),M47*D47,"") | O47: =MRP!M304
A48: =IF(Materiales!$A$47="","",Materiales!$A$47) | B48: =IF(Materiales!$B$47="","",Materiales!$B$47) | C48: =IF(Materiales!$C$47="","",Materiales!$C$47) | D48: =IF(Materiales!$D$47="","",Materiales!$D$47) | E48: =IF($A48="","",MRP!E311) | F48: =IF($A48="","",MRP!F311) | G48: =IF($A48="","",MRP!G311) | H48: =IF($A48="","",MRP!H311) | I48: =IF($A48="","",MRP!I311) | J48: =IF($A48="","",MRP!J311) | K48: =IF($A48="","",MRP!K311) | L48: =IF($A48="","",MRP!L311) | M48: =IF($A48="","",SUM(E48:L48)) | N48: =IF(ISNUMBER(D48),M48*D48,"") | O48: =MRP!M311
A49: =IF(Materiales!$A$48="","",Materiales!$A$48) | B49: =IF(Materiales!$B$48="","",Materiales!$B$48) | C49: =IF(Materiales!$C$48="","",Materiales!$C$48) | D49: =IF(Materiales!$D$48="","",Materiales!$D$48) | E49: =IF($A49="","",MRP!E318) | F49: =IF($A49="","",MRP!F318) | G49: =IF($A49="","",MRP!G318) | H49: =IF($A49="","",MRP!H318) | I49: =IF($A49="","",MRP!I318) | J49: =IF($A49="","",MRP!J318) | K49: =IF($A49="","",MRP!K318) | L49: =IF($A49="","",MRP!L318) | M49: =IF($A49="","",SUM(E49:L49)) | N49: =IF(ISNUMBER(D49),M49*D49,"") | O49: =MRP!M318
A50: =IF(Materiales!$A$49="","",Materiales!$A$49) | B50: =IF(Materiales!$B$49="","",Materiales!$B$49) | C50: =IF(Materiales!$C$49="","",Materiales!$C$49) | D50: =IF(Materiales!$D$49="","",Materiales!$D$49) | E50: =IF($A50="","",MRP!E325) | F50: =IF($A50="","",MRP!F325) | G50: =IF($A50="","",MRP!G325) | H50: =IF($A50="","",MRP!H325) | I50: =IF($A50="","",MRP!I325) | J50: =IF($A50="","",MRP!J325) | K50: =IF($A50="","",MRP!K325) | L50: =IF($A50="","",MRP!L325) | M50: =IF($A50="","",SUM(E50:L50)) | N50: =IF(ISNUMBER(D50),M50*D50,"") | O50: =MRP!M325
A51: =IF(Materiales!$A$50="","",Materiales!$A$50) | B51: =IF(Materiales!$B$50="","",Materiales!$B$50) | C51: =IF(Materiales!$C$50="","",Materiales!$C$50) | D51: =IF(Materiales!$D$50="","",Materiales!$D$50) | E51: =IF($A51="","",MRP!E332) | F51: =IF($A51="","",MRP!F332) | G51: =IF($A51="","",MRP!G332) | H51: =IF($A51="","",MRP!H332) | I51: =IF($A51="","",MRP!I332) | J51: =IF($A51="","",MRP!J332) | K51: =IF($A51="","",MRP!K332) | L51: =IF($A51="","",MRP!L332) | M51: =IF($A51="","",SUM(E51:L51)) | N51: =IF(ISNUMBER(D51),M51*D51,"") | O51: =MRP!M332
A52: =IF(Materiales!$A$51="","",Materiales!$A$51) | B52: =IF(Materiales!$B$51="","",Materiales!$B$51) | C52: =IF(Materiales!$C$51="","",Materiales!$C$51) | D52: =IF(Materiales!$D$51="","",Materiales!$D$51) | E52: =IF($A52="","",MRP!E339) | F52: =IF($A52="","",MRP!F339) | G52: =IF($A52="","",MRP!G339) | H52: =IF($A52="","",MRP!H339) | I52: =IF($A52="","",MRP!I339) | J52: =IF($A52="","",MRP!J339) | K52: =IF($A52="","",MRP!K339) | L52: =IF($A52="","",MRP!L339) | M52: =IF($A52="","",SUM(E52:L52)) | N52: =IF(ISNUMBER(D52),M52*D52,"") | O52: =MRP!M339
A53: =IF(Materiales!$A$52="","",Materiales!$A$52) | B53: =IF(Materiales!$B$52="","",Materiales!$B$52) | C53: =IF(Materiales!$C$52="","",Materiales!$C$52) | D53: =IF(Materiales!$D$52="","",Materiales!$D$52) | E53: =IF($A53="","",MRP!E346) | F53: =IF($A53="","",MRP!F346) | G53: =IF($A53="","",MRP!G346) | H53: =IF($A53="","",MRP!H346) | I53: =IF($A53="","",MRP!I346) | J53: =IF($A53="","",MRP!J346) | K53: =IF($A53="","",MRP!K346) | L53: =IF($A53="","",MRP!L346) | M53: =IF($A53="","",SUM(E53:L53)) | N53: =IF(ISNUMBER(D53),M53*D53,"") | O53: =MRP!M346
A54: =IF(Materiales!$A$53="","",Materiales!$A$53) | B54: =IF(Materiales!$B$53="","",Materiales!$B$53) | C54: =IF(Materiales!$C$53="","",Materiales!$C$53) | D54: =IF(Materiales!$D$53="","",Materiales!$D$53) | E54: =IF($A54="","",MRP!E353) | F54: =IF($A54="","",MRP!F353) | G54: =IF($A54="","",MRP!G353) | H54: =IF($A54="","",MRP!H353) | I54: =IF($A54="","",MRP!I353) | J54: =IF($A54="","",MRP!J353) | K54: =IF($A54="","",MRP!K353) | L54: =IF($A54="","",MRP!L353) | M54: =IF($A54="","",SUM(E54:L54)) | N54: =IF(ISNUMBER(D54),M54*D54,"") | O54: =MRP!M353
A55: =IF(Materiales!$A$54="","",Materiales!$A$54) | B55: =IF(Materiales!$B$54="","",Materiales!$B$54) | C55: =IF(Materiales!$C$54="","",Materiales!$C$54) | D55: =IF(Materiales!$D$54="","",Materiales!$D$54) | E55: =IF($A55="","",MRP!E360) | F55: =IF($A55="","",MRP!F360) | G55: =IF($A55="","",MRP!G360) | H55: =IF($A55="","",MRP!H360) | I55: =IF($A55="","",MRP!I360) | J55: =IF($A55="","",MRP!J360) | K55: =IF($A55="","",MRP!K360) | L55: =IF($A55="","",MRP!L360) | M55: =IF($A55="","",SUM(E55:L55)) | N55: =IF(ISNUMBER(D55),M55*D55,"") | O55: =MRP!M360
A56: =IF(Materiales!$A$55="","",Materiales!$A$55) | B56: =IF(Materiales!$B$55="","",Materiales!$B$55) | C56: =IF(Materiales!$C$55="","",Materiales!$C$55) | D56: =IF(Materiales!$D$55="","",Materiales!$D$55) | E56: =IF($A56="","",MRP!E367) | F56: =IF($A56="","",MRP!F367) | G56: =IF($A56="","",MRP!G367) | H56: =IF($A56="","",MRP!H367) | I56: =IF($A56="","",MRP!I367) | J56: =IF($A56="","",MRP!J367) | K56: =IF($A56="","",MRP!K367) | L56: =IF($A56="","",MRP!L367) | M56: =IF($A56="","",SUM(E56:L56)) | N56: =IF(ISNUMBER(D56),M56*D56,"") | O56: =MRP!M367
A57: =IF(Materiales!$A$56="","",Materiales!$A$56) | B57: =IF(Materiales!$B$56="","",Materiales!$B$56) | C57: =IF(Materiales!$C$56="","",Materiales!$C$56) | D57: =IF(Materiales!$D$56="","",Materiales!$D$56) | E57: =IF($A57="","",MRP!E374) | F57: =IF($A57="","",MRP!F374) | G57: =IF($A57="","",MRP!G374) | H57: =IF($A57="","",MRP!H374) | I57: =IF($A57="","",MRP!I374) | J57: =IF($A57="","",MRP!J374) | K57: =IF($A57="","",MRP!K374) | L57: =IF($A57="","",MRP!L374) | M57: =IF($A57="","",SUM(E57:L57)) | N57: =IF(ISNUMBER(D57),M57*D57,"") | O57: =MRP!M374
A58: =IF(Materiales!$A$57="","",Materiales!$A$57) | B58: =IF(Materiales!$B$57="","",Materiales!$B$57) | C58: =IF(Materiales!$C$57="","",Materiales!$C$57) | D58: =IF(Materiales!$D$57="","",Materiales!$D$57) | E58: =IF($A58="","",MRP!E381) | F58: =IF($A58="","",MRP!F381) | G58: =IF($A58="","",MRP!G381) | H58: =IF($A58="","",MRP!H381) | I58: =IF($A58="","",MRP!I381) | J58: =IF($A58="","",MRP!J381) | K58: =IF($A58="","",MRP!K381) | L58: =IF($A58="","",MRP!L381) | M58: =IF($A58="","",SUM(E58:L58)) | N58: =IF(ISNUMBER(D58),M58*D58,"") | O58: =MRP!M381
A59: =IF(Materiales!$A$58="","",Materiales!$A$58) | B59: =IF(Materiales!$B$58="","",Materiales!$B$58) | C59: =IF(Materiales!$C$58="","",Materiales!$C$58) | D59: =IF(Materiales!$D$58="","",Materiales!$D$58) | E59: =IF($A59="","",MRP!E388) | F59: =IF($A59="","",MRP!F388) | G59: =IF($A59="","",MRP!G388) | H59: =IF($A59="","",MRP!H388) | I59: =IF($A59="","",MRP!I388) | J59: =IF($A59="","",MRP!J388) | K59: =IF($A59="","",MRP!K388) | L59: =IF($A59="","",MRP!L388) | M59: =IF($A59="","",SUM(E59:L59)) | N59: =IF(ISNUMBER(D59),M59*D59,"") | O59: =MRP!M388
A60: =IF(Materiales!$A$59="","",Materiales!$A$59) | B60: =IF(Materiales!$B$59="","",Materiales!$B$59) | C60: =IF(Materiales!$C$59="","",Materiales!$C$59) | D60: =IF(Materiales!$D$59="","",Materiales!$D$59) | E60: =IF($A60="","",MRP!E395) | F60: =IF($A60="","",MRP!F395) | G60: =IF($A60="","",MRP!G395) | H60: =IF($A60="","",MRP!H395) | I60: =IF($A60="","",MRP!I395) | J60: =IF($A60="","",MRP!J395) | K60: =IF($A60="","",MRP!K395) | L60: =IF($A60="","",MRP!L395) | M60: =IF($A60="","",SUM(E60:L60)) | N60: =IF(ISNUMBER(D60),M60*D60,"") | O60: =MRP!M395
A61: =IF(Materiales!$A$60="","",Materiales!$A$60) | B61: =IF(Materiales!$B$60="","",Materiales!$B$60) | C61: =IF(Materiales!$C$60="","",Materiales!$C$60) | D61: =IF(Materiales!$D$60="","",Materiales!$D$60) | E61: =IF($A61="","",MRP!E402) | F61: =IF($A61="","",MRP!F402) | G61: =IF($A61="","",MRP!G402) | H61: =IF($A61="","",MRP!H402) | I61: =IF($A61="","",MRP!I402) | J61: =IF($A61="","",MRP!J402) | K61: =IF($A61="","",MRP!K402) | L61: =IF($A61="","",MRP!L402) | M61: =IF($A61="","",SUM(E61:L61)) | N61: =IF(ISNUMBER(D61),M61*D61,"") | O61: =MRP!M402
A62: =IF(Materiales!$A$61="","",Materiales!$A$61) | B62: =IF(Materiales!$B$61="","",Materiales!$B$61) | C62: =IF(Materiales!$C$61="","",Materiales!$C$61) | D62: =IF(Materiales!$D$61="","",Materiales!$D$61) | E62: =IF($A62="","",MRP!E409) | F62: =IF($A62="","",MRP!F409) | G62: =IF($A62="","",MRP!G409) | H62: =IF($A62="","",MRP!H409) | I62: =IF($A62="","",MRP!I409) | J62: =IF($A62="","",MRP!J409) | K62: =IF($A62="","",MRP!K409) | L62: =IF($A62="","",MRP!L409) | M62: =IF($A62="","",SUM(E62:L62)) | N62: =IF(ISNUMBER(D62),M62*D62,"") | O62: =MRP!M409
A63: =IF(Materiales!$A$62="","",Materiales!$A$62) | B63: =IF(Materiales!$B$62="","",Materiales!$B$62) | C63: =IF(Materiales!$C$62="","",Materiales!$C$62) | D63: =IF(Materiales!$D$62="","",Materiales!$D$62) | E63: =IF($A63="","",MRP!E416) | F63: =IF($A63="","",MRP!F416) | G63: =IF($A63="","",MRP!G416) | H63: =IF($A63="","",MRP!H416) | I63: =IF($A63="","",MRP!I416) | J63: =IF($A63="","",MRP!J416) | K63: =IF($A63="","",MRP!K416) | L63: =IF($A63="","",MRP!L416) | M63: =IF($A63="","",SUM(E63:L63)) | N63: =IF(ISNUMBER(D63),M63*D63,"") | O63: =MRP!M416
A64: =IF(Materiales!$A$63="","",Materiales!$A$63) | B64: =IF(Materiales!$B$63="","",Materiales!$B$63) | C64: =IF(Materiales!$C$63="","",Materiales!$C$63) | D64: =IF(Materiales!$D$63="","",Materiales!$D$63) | E64: =IF($A64="","",MRP!E423) | F64: =IF($A64="","",MRP!F423) | G64: =IF($A64="","",MRP!G423) | H64: =IF($A64="","",MRP!H423) | I64: =IF($A64="","",MRP!I423) | J64: =IF($A64="","",MRP!J423) | K64: =IF($A64="","",MRP!K423) | L64: =IF($A64="","",MRP!L423) | M64: =IF($A64="","",SUM(E64:L64)) | N64: =IF(ISNUMBER(D64),M64*D64,"") | O64: =MRP!M423
A65: =IF(Materiales!$A$64="","",Materiales!$A$64) | B65: =IF(Materiales!$B$64="","",Materiales!$B$64) | C65: =IF(Materiales!$C$64="","",Materiales!$C$64) | D65: =IF(Materiales!$D$64="","",Materiales!$D$64) | E65: =IF($A65="","",MRP!E430) | F65: =IF($A65="","",MRP!F430) | G65: =IF($A65="","",MRP!G430) | H65: =IF($A65="","",MRP!H430) | I65: =IF($A65="","",MRP!I430) | J65: =IF($A65="","",MRP!J430) | K65: =IF($A65="","",MRP!K430) | L65: =IF($A65="","",MRP!L430) | M65: =IF($A65="","",SUM(E65:L65)) | N65: =IF(ISNUMBER(D65),M65*D65,"") | O65: =MRP!M430
A66: =IF(Materiales!$A$65="","",Materiales!$A$65) | B66: =IF(Materiales!$B$65="","",Materiales!$B$65) | C66: =IF(Materiales!$C$65="","",Materiales!$C$65) | D66: =IF(Materiales!$D$65="","",Materiales!$D$65) | E66: =IF($A66="","",MRP!E437) | F66: =IF($A66="","",MRP!F437) | G66: =IF($A66="","",MRP!G437) | H66: =IF($A66="","",MRP!H437) | I66: =IF($A66="","",MRP!I437) | J66: =IF($A66="","",MRP!J437) | K66: =IF($A66="","",MRP!K437) | L66: =IF($A66="","",MRP!L437) | M66: =IF($A66="","",SUM(E66:L66)) | N66: =IF(ISNUMBER(D66),M66*D66,"") | O66: =MRP!M437
A67: =IF(Materiales!$A$66="","",Materiales!$A$66) | B67: =IF(Materiales!$B$66="","",Materiales!$B$66) | C67: =IF(Materiales!$C$66="","",Materiales!$C$66) | D67: =IF(Materiales!$D$66="","",Materiales!$D$66) | E67: =IF($A67="","",MRP!E444) | F67: =IF($A67="","",MRP!F444) | G67: =IF($A67="","",MRP!G444) | H67: =IF($A67="","",MRP!H444) | I67: =IF($A67="","",MRP!I444) | J67: =IF($A67="","",MRP!J444) | K67: =IF($A67="","",MRP!K444) | L67: =IF($A67="","",MRP!L444) | M67: =IF($A67="","",SUM(E67:L67)) | N67: =IF(ISNUMBER(D67),M67*D67,"") | O67: =MRP!M444
A68: =IF(Materiales!$A$67="","",Materiales!$A$67) | B68: =IF(Materiales!$B$67="","",Materiales!$B$67) | C68: =IF(Materiales!$C$67="","",Materiales!$C$67) | D68: =IF(Materiales!$D$67="","",Materiales!$D$67) | E68: =IF($A68="","",MRP!E451) | F68: =IF($A68="","",MRP!F451) | G68: =IF($A68="","",MRP!G451) | H68: =IF($A68="","",MRP!H451) | I68: =IF($A68="","",MRP!I451) | J68: =IF($A68="","",MRP!J451) | K68: =IF($A68="","",MRP!K451) | L68: =IF($A68="","",MRP!L451) | M68: =IF($A68="","",SUM(E68:L68)) | N68: =IF(ISNUMBER(D68),M68*D68,"") | O68: =MRP!M451
A69: =IF(Materiales!$A$68="","",Materiales!$A$68) | B69: =IF(Materiales!$B$68="","",Materiales!$B$68) | C69: =IF(Materiales!$C$68="","",Materiales!$C$68) | D69: =IF(Materiales!$D$68="","",Materiales!$D$68) | E69: =IF($A69="","",MRP!E458) | F69: =IF($A69="","",MRP!F458) | G69: =IF($A69="","",MRP!G458) | H69: =IF($A69="","",MRP!H458) | I69: =IF($A69="","",MRP!I458) | J69: =IF($A69="","",MRP!J458) | K69: =IF($A69="","",MRP!K458) | L69: =IF($A69="","",MRP!L458) | M69: =IF($A69="","",SUM(E69:L69)) | N69: =IF(ISNUMBER(D69),M69*D69,"") | O69: =MRP!M458
A70: =IF(Materiales!$A$69="","",Materiales!$A$69) | B70: =IF(Materiales!$B$69="","",Materiales!$B$69) | C70: =IF(Materiales!$C$69="","",Materiales!$C$69) | D70: =IF(Materiales!$D$69="","",Materiales!$D$69) | E70: =IF($A70="","",MRP!E465) | F70: =IF($A70="","",MRP!F465) | G70: =IF($A70="","",MRP!G465) | H70: =IF($A70="","",MRP!H465) | I70: =IF($A70="","",MRP!I465) | J70: =IF($A70="","",MRP!J465) | K70: =IF($A70="","",MRP!K465) | L70: =IF($A70="","",MRP!L465) | M70: =IF($A70="","",SUM(E70:L70)) | N70: =IF(ISNUMBER(D70),M70*D70,"") | O70: =MRP!M465
A71: =IF(Materiales!$A$70="","",Materiales!$A$70) | B71: =IF(Materiales!$B$70="","",Materiales!$B$70) | C71: =IF(Materiales!$C$70="","",Materiales!$C$70) | D71: =IF(Materiales!$D$70="","",Materiales!$D$70) | E71: =IF($A71="","",MRP!E472) | F71: =IF($A71="","",MRP!F472) | G71: =IF($A71="","",MRP!G472) | H71: =IF($A71="","",MRP!H472) | I71: =IF($A71="","",MRP!I472) | J71: =IF($A71="","",MRP!J472) | K71: =IF($A71="","",MRP!K472) | L71: =IF($A71="","",MRP!L472) | M71: =IF($A71="","",SUM(E71:L71)) | N71: =IF(ISNUMBER(D71),M71*D71,"") | O71: =MRP!M472
A72: =IF(Materiales!$A$71="","",Materiales!$A$71) | B72: =IF(Materiales!$B$71="","",Materiales!$B$71) | C72: =IF(Materiales!$C$71="","",Materiales!$C$71) | D72: =IF(Materiales!$D$71="","",Materiales!$D$71) | E72: =IF($A72="","",MRP!E479) | F72: =IF($A72="","",MRP!F479) | G72: =IF($A72="","",MRP!G479) | H72: =IF($A72="","",MRP!H479) | I72: =IF($A72="","",MRP!I479) | J72: =IF($A72="","",MRP!J479) | K72: =IF($A72="","",MRP!K479) | L72: =IF($A72="","",MRP!L479) | M72: =IF($A72="","",SUM(E72:L72)) | N72: =IF(ISNUMBER(D72),M72*D72,"") | O72: =MRP!M479
